0,1,2,3,4,5,6
2003-01-31,False,SPY,-0.020134777191692432,IEF,0.03977847253085809,-0.00468999981880188
2003-02-03,False,SPY,-0.025924649158487578,IEF,0.03767291084448021,-0.004730000495910645
2003-02-04,False,SPY,-0.03650087269554192,IEF,0.0441957357751237,-0.004950000047683716
2003-02-05,False,IVV,-0.061311011425251305,IEF,0.03632118413699725,-0.004900000095367432
2003-02-06,False,IVV,-0.07851513053962478,IEF,0.035540629482115005,-0.004980000257492065
2003-02-07,False,SPY,-0.07349676819297069,IEF,0.0340662008727568,-0.0050800001621246335
2003-02-10,False,IVV,-0.06641552594510658,IEF,0.020986923734836793,-0.004550000429153442
2003-02-11,False,SPY,-0.0923460666560958,IEF,0.022305653691765848,-0.0044000005722045895
2003-02-12,False,SPY,-0.12314319598290568,IEF,0.022657338717078312,-0.004270000457763672
2003-02-13,False,IVV,-0.11646198296161314,IEF,0.03433737226983702,-0.004750000238418579
2003-02-14,False,IVV,-0.10077027205171896,IEF,0.03218811572280833,-0.004859999418258667
2003-02-18,False,SPY,-0.06160498524698377,IEF,0.0285482984616634,-0.004760000705718994
2003-02-19,False,IVV,-0.09369381341349337,IEF,0.03616474994798735,-0.004980000257492065
2003-02-20,False,SPY,-0.09827166416982347,IEF,0.034408969145358625,-0.004950000047683716
2003-02-21,False,SPY,-0.09063478276853232,IEF,0.02575798533115692,-0.0048299992084503175
2003-02-24,False,IVV,-0.09593494654827861,IEF,0.02945222356672539,-0.004849998950958252
2003-02-25,False,SPY,-0.0818271816370324,IEF,0.027522778151334748,-0.0048199999332427974
2003-02-26,False,SPY,-0.08510335315493989,IEF,0.02941427139051278,-0.004599999189376831
2003-02-27,False,IVV,-0.07919096436340589,IEF,0.02523654777964457,-0.0043499994277954104
2003-02-28,False,SPY,-0.04673490539177816,IEF,0.029020131842247165,-0.00437000036239624
2003-03-03,False,SPY,-0.06832182563006117,IEF,0.025338211112727604,-0.004449999332427979
2003-03-04,False,IVV,-0.08571065337115724,IEF,0.02368838118643124,-0.004490000009536743
2003-03-05,False,SPY,-0.07612533310366487,IEF,0.033388723191675185,-0.004700000286102295
2003-03-06,False,IVV,-0.06935593433606047,IEF,0.03197544566484378,-0.004700000286102295
2003-03-07,False,SPY,-0.08642169507207453,IEF,0.028627082436122775,-0.005
2003-03-10,False,IVV,-0.1013649906884233,IEF,0.02602810535730682,-0.004670000076293946
2003-03-11,False,IVV,-0.09933535528296378,IEF,0.03482573169359271,-0.004900000095367432
2003-03-12,False,SPY,-0.08637996956313332,IEF,0.029018268875809383,-0.004729999303817749
2003-03-13,False,SPY,-0.0681181138073298,IEF,0.018202406573414764,-0.004279999732971191
2003-03-14,False,IVV,-0.06794829226839272,IEF,0.020437327816646533,-0.004639999866485596
2003-03-17,False,IVV,-0.03008408252696404,IEF,0.00850035634165458,-0.004650000333786011
2003-03-18,False,SPY,-0.023492971593744638,IEF,0.004842788425653222,-0.004470000267028809
2003-03-19,False,SPY,0.006637474165906765,IEF,-0.004993293712324154,-0.0039300000667572025
2003-03-20,False,SPY,0.00045385921535134877,IEF,0.001428888972425657,-0.004010000228881836
2003-03-21,False,IVV,0.018804654745975702,IEF,-0.0005999393229154659,-0.003890000581741333
2003-03-24,False,IVV,-0.04509176098665579,IEF,0.009909873472276232,-0.0038999998569488525
2003-03-25,False,SPY,-0.03806391960262179,IEF,0.027287097393368986,-0.004730000495910645
2003-03-26,False,IVV,-0.061344133272660306,IEF,0.029693565155640478,-0.004709999561309814
2003-03-27,False,SPY,-0.05638484177228853,IEF,0.03711925673888672,-0.004950000047683716
2003-03-28,False,SPY,-0.04738276547888243,IEF,0.035744635466157915,-0.005210000276565552
2003-03-31,False,IVV,-0.08330479535523894,IEF,0.051292228551775176,-0.005719999074935913
2003-04-01,False,IVV,-0.0723232804555285,IEF,0.05043947568576601,-0.005619999170303345
2003-04-02,False,IVV,-0.04926126698029154,IEF,0.04077226294825098,-0.005399999618530274
2003-04-03,False,SPY,-0.05653481483869505,IEF,0.037663386374841235,-0.00534999966621399
2003-04-04,False,SPY,-0.04138876920334,IEF,0.03133339830216997,-0.005199999809265137
2003-04-07,False,SPY,-0.03928463000320015,IEF,0.027711231470542108,-0.0042000007629394535
2003-04-08,False,IVV,-0.02406180952732717,IEF,0.02230568702076252,-0.003450000286102295
2003-04-09,False,SPY,-0.020942269792184054,IEF,0.025884700390993665,-0.003580000400543213
2003-04-10,False,SPY,-0.0034841815368545914,IEF,0.017918369608706186,-0.0030000007152557375
2003-04-11,False,SPY,-0.013623693921254953,IEF,0.021428332036984354,-0.0025
2003-04-14,False,SPY,0.03390421107455355,IEF,0.021792827660749747,-0.0025
2003-04-15,False,SPY,0.058004692399175495,IEF,0.028164972238322594,-0.0023500001430511474
2003-04-16,False,IVV,0.03163740099726775,IEF,0.02706135899726747,-0.0006000006198883057
2003-04-17,False,IVV,0.03942430344141368,IEF,0.015844691350499707,-0.00048000097274780273
2003-04-21,False,IVV,0.06498509903767791,IEF,0.011478043944567418,-0.00045000076293945314
2003-04-22,False,IVV,0.06496876421773523,IEF,0.009139540830543913,-0.00045000076293945314
2003-04-23,False,IVV,0.07264301441134946,IEF,0.011828359583315295,-0.00043000102043151857
2003-04-24,False,SPY,0.07435483570564982,IEF,0.016567241483094186,-0.000580000877380371
2003-04-25,False,SPY,0.06769400488514421,IEF,0.03113282196943712,-0.0007400000095367431
2003-04-28,False,SPY,0.09129721336561447,IEF,0.029328886077405247,-0.0008500003814697265
2003-04-29,False,IVV,0.10676528477030334,IEF,0.026571346637023208,-0.0008500003814697265
2003-04-30,False,SPY,0.09844778492960526,IEF,0.03194028919641401,-0.0008900010585784912
2003-05-01,False,SPY,0.1059635531615466,IEF,0.03851936541324341,-0.0011899995803833008
2003-05-02,False,IVV,0.13826791812145944,IEF,0.03884603286777111,-0.0010100007057189941
2003-05-05,False,SPY,0.13424556025492596,IEF,0.04335575213270082,-0.0010599994659423828
2003-05-06,False,SPY,0.12048326265235709,IEF,0.0514131968141025,-0.0012199997901916504
2003-05-07,False,IVV,0.092911088841368,IEF,0.049240982825270896,-0.0011500000953674316
2003-05-08,False,SPY,0.08972495289341764,IEF,0.062454329789021434,-0.0013999998569488525
2003-05-09,False,SPY,0.11594825267691244,IEF,0.06264290532263672,-0.0012000000476837158
2003-05-12,False,IVV,0.1178143950738384,IEF,0.06753110661945616,-0.001380000114440918
2003-05-13,False,SPY,0.13474854839352646,IEF,0.0686325677177555,-0.001380000114440918
2003-05-14,False,IVV,0.12266179661713239,IEF,0.07076332298614374,-0.0016000008583068848
2003-05-15,False,IVV,0.1468430530986602,IEF,0.06674547070100223,-0.0015700006484985353
2003-05-16,False,SPY,0.12938734144042274,IEF,0.06811496598667821,-0.0016100001335144043
2003-05-19,False,SPY,0.09568356951998025,IEF,0.06384176941739517,-0.0018000006675720215
2003-05-20,False,IVV,0.1034909235360979,IEF,0.07181326067537896,-0.0019200003147125243
2003-05-21,False,SPY,0.12415173374972754,IEF,0.06492632255957731,-0.0013499999046325685
2003-05-22,False,IVV,0.12411104507771098,IEF,0.06907749786445372,-0.0013499999046325685
2003-05-23,False,SPY,0.13761975233815638,IEF,0.07178879748496714,-0.0013200008869171142
2003-05-27,False,IVV,0.1486498654656161,IEF,0.07225282693054824,-0.001390000581741333
2003-05-28,False,SPY,0.1812070065992677,IEF,0.0699586753841559,-0.0010500001907348634
2003-05-29,False,SPY,0.18982537577161018,IEF,0.06904177438931702,-0.0010699999332427978
2003-05-30,False,IVV,0.20052011697685757,IEF,0.06294564703371797,-0.0009200000762939454
2003-06-02,False,SPY,0.16554329454445305,IEF,0.058816516915651595,-0.0007500004768371582
2003-06-03,False,SPY,0.16657713286546394,IEF,0.06648176284532092,-0.0009999990463256836
2003-06-04,False,SPY,0.1472668314333747,IEF,0.06559725190531474,-0.001430000066757202
2003-06-05,False,IVV,0.14612537963873007,IEF,0.060182927503821704,-0.001380000114440918
2003-06-06,False,SPY,0.13301755049054975,IEF,0.052746642227992524,-0.001080000400543213
2003-06-09,False,SPY,0.11907182958883866,IEF,0.0565780054361773,-0.0015799999237060547
2003-06-10,False,SPY,0.1068361582961872,IEF,0.06276635979220702,-0.002250000238418579
2003-06-11,False,SPY,0.15699539803467655,IEF,0.07753642907959879,-0.0028000003099441528
2003-06-12,False,IVV,0.14954259438481254,IEF,0.07994693426143384,-0.0030000001192092896
2003-06-13,False,SPY,0.14331657307786938,IEF,0.08657971493475314,-0.0034900003671646117
2003-06-16,False,SPY,0.16649386666778243,IEF,0.07751025855550164,-0.0033500003814697266
2003-06-17,False,SPY,0.17241315872260388,IEF,0.06913897593321483,-0.0030000007152557375
2003-06-18,False,IVV,0.19826159734422832,IEF,0.07570718348742789,-0.0031500005722045897
2003-06-19,False,SPY,0.16248202004061518,IEF,0.07612444746956282,-0.003800000548362732
2003-06-20,False,IVV,0.13227910584881908,IEF,0.07252675800166397,-0.0036500006914138793
2003-06-23,False,IVV,0.12479083123152046,IEF,0.07407425812852075,-0.0035200005769729613
2003-06-24,False,SPY,0.12078739574742281,IEF,0.07669731384785572,-0.003670000433921814
2003-06-25,False,IVV,0.10954922853002058,IEF,0.06893072818282908,-0.0026799994707107544
2003-06-26,False,IVV,0.12370167603056581,IEF,0.054032697657604434,-0.0027699995040893553
2003-06-27,False,SPY,0.12619546238336188,IEF,0.04950190738449156,-0.00309999942779541
2003-06-30,False,SPY,0.11967406769878997,IEF,0.04770555135456078,-0.003039999604225159
2003-07-01,False,SPY,0.1346627994331986,IEF,0.05269587642668361,-0.0027399998903274536
2003-07-02,False,IVV,0.12499025477105885,IEF,0.05168335238030486,-0.002799999713897705
2003-07-03,False,SPY,0.10377258515777643,IEF,0.048177385070782286,-0.0029999995231628418
2003-07-07,False,SPY,0.14519833783254055,IEF,0.04242872054124569,-0.0028799998760223387
2003-07-08,False,SPY,0.13349005011298298,IEF,0.04731980807274594,-0.0026699995994567873
2003-07-09,False,SPY,0.1259711408467048,IEF,0.04519211357154962,-0.0028199994564056395
2003-07-10,False,SPY,0.09107425530536051,IEF,0.04709638632722846,-0.002850000262260437
2003-07-11,False,SPY,0.09136546935581324,IEF,0.05243789115601594,-0.0028599995374679566
2003-07-14,False,SPY,0.10654312073316397,IEF,0.04289125834534668,-0.002799999713897705
2003-07-15,False,IVV,0.11681369621477122,IEF,0.03266414312015975,-0.0025899994373321535
2003-07-16,False,SPY,0.09250433836268313,IEF,0.029029291688850156,-0.0025999993085861206
2003-07-17,False,SPY,0.07323627956285605,IEF,0.026397700425985215,-0.00265999972820282
2003-07-18,False,IVV,0.08649544964229872,IEF,0.025690823414856512,-0.0027300000190734865
2003-07-21,False,IVV,0.07200157774544858,IEF,0.01133862673894015,-0.002649999260902405
2003-07-22,False,SPY,0.06778549116015076,IEF,0.01054341297708894,-0.0024799996614456176
2003-07-23,False,SPY,0.07060585372569173,IEF,0.00998451869698469,-0.0025499993562698364
2003-07-24,False,SPY,0.05255823022391559,IEF,0.009593084614375247,-0.0025
2003-07-25,False,SPY,0.07711827127071103,IEF,0.008282717811094908,-0.0025299996137619018
2003-07-28,False,SPY,0.08405367088370452,IEF,-0.002819244324304915,-0.0021999996900558473
2003-07-29,False,SPY,0.0643240161390517,IEF,-0.015975642139919977,-0.0019999992847442626
2003-07-30,False,IVV,0.04885955707604461,IEF,-0.004367379287376072,-0.0022000002861022948
2003-07-31,False,SPY,0.053204338608685786,IEF,-0.014904573165750001,-0.0024500006437301637
2003-08-01,False,IVV,0.04606003252737101,IEF,-0.012261389438882886,-0.002569999694824219
2003-08-04,False,SPY,0.03948966356184358,IEF,-0.007985160579051187,-0.0024500006437301637
2003-08-05,False,SPY,0.02000941021605973,IEF,-0.015536884430391362,-0.0024700003862380983
2003-08-06,False,SPY,0.05051674255724081,IEF,-0.008773394435377058,-0.0025299996137619018
2003-08-07,False,SPY,0.06374665315760208,IEF,-0.007287433970134205,-0.002520000338554382
2003-08-08,False,IVV,0.06410246069868308,IEF,-0.009339302290771623,-0.002379999756813049
2003-08-11,False,SPY,0.05809931350774833,IEF,-0.015264780121918009,-0.0022599995136260986
2003-08-12,False,SPY,0.06558882984579961,IEF,-0.014997501801147894,-0.0021999996900558473
2003-08-13,False,SPY,0.04190503422245051,IEF,-0.02917216420554758,-0.0017000001668930054
2003-08-14,False,SPY,0.04179664996520471,IEF,-0.030393348089607475,-0.0012499994039535522
2003-08-15,False,IVV,0.04637399556806776,IEF,-0.030523392885209777,-0.0013500005006790161
2003-08-18,False,IVV,0.03981565158144185,IEF,-0.02537762831310908,-0.001300000548362732
2003-08-19,False,IVV,0.03904470717260855,IEF,-0.006633287294762313,-0.0016500002145767212
2003-08-20,False,SPY,0.031333585271810405,IEF,-0.014561851319328745,-0.0016600006818771362
2003-08-21,False,SPY,0.019907473213919502,IEF,-0.010477367404027826,-0.0017100000381469727
2003-08-22,False,SPY,0.004821071615033201,IEF,-0.0043326358389141895,-0.0017400002479553223
2003-08-25,False,IVV,0.008545293812445287,IEF,-0.0038770489514076134,-0.001629999876022339
2003-08-26,False,SPY,0.022611948139665827,IEF,-0.0009702744309838529,-0.0015999996662139893
2003-08-27,False,SPY,0.012612195592929698,IEF,0.005816950417767641,-0.001799999475479126
2003-08-28,False,IVV,0.007900513585155755,IEF,0.0031270763638606702,-0.001929999589920044
2003-08-29,False,IVV,0.009978523668296324,IEF,0.0002476054408930839,-0.0019199997186660767
2003-09-02,False,SPY,0.03627353116953658,IEF,-0.006154758202615018,-0.0019700002670288087
2003-09-03,False,IVV,0.02002740334507558,IEF,-0.0054728561344099536,-0.001799999475479126
2003-09-04,False,SPY,0.0208887770052526,IEF,-0.0007056541031641439,-0.0016899996995925904
2003-09-05,False,SPY,0.016062245858261548,IEF,0.00470172321383866,-0.0016300004720687866
2003-09-08,False,SPY,0.040337724748451764,IEF,0.001322637772887214,-0.0016300004720687866
2003-09-09,False,SPY,0.03580091835986754,IEF,0.01328999451229218,-0.0017000001668930054
2003-09-10,False,SPY,0.035968682700607824,IEF,0.018383827398812835,-0.0015500003099441528
2003-09-11,False,IVV,0.0369165421563582,IEF,0.016548848717857112,-0.0015000003576278688
2003-09-12,False,SPY,0.050445088313390674,IEF,0.02304494991470052,-0.0019999998807907105
2003-09-15,False,SPY,0.033300100686187495,IEF,0.021030800236419234,-0.0020099997520446776
2003-09-16,False,IVV,0.05998550933028812,IEF,0.01674640703776009,-0.0018300002813339234
2003-09-17,False,IVV,0.05803410844921442,IEF,0.02513546886919671,-0.001899999976158142
2003-09-18,False,IVV,0.061240637958539956,IEF,0.027651022649590296,-0.002149999737739563
2003-09-19,False,SPY,0.04307847909283491,IEF,0.03054345068440889,-0.0022999995946884153
2003-09-22,False,SPY,0.04257281673403668,IEF,0.022465713667273457,-0.002379999756813049
2003-09-23,False,SPY,0.02616848329452859,IEF,0.022609230967570282,-0.002219999432563782
2003-09-24,False,IVV,0.0033281792888317785,IEF,0.029106210155137147,-0.0022999995946884153
2003-09-25,False,SPY,0.0008453483266301909,IEF,0.032481453385816206,-0.0023499995470046995
2003-09-26,False,IVV,0.010386171430324609,IEF,0.04008967021214649,-0.0023499995470046995
2003-09-29,False,SPY,0.010748861636396212,IEF,0.0361046321481604,-0.0022599995136260986
2003-09-30,False,SPY,-0.003933937619874706,IEF,0.04005031139668658,-0.002029999494552612
2003-10-01,False,SPY,0.019519359920694868,IEF,0.042967181081674743,-0.0020699995756149293
2003-10-02,False,IVV,0.028815155809217785,IEF,0.04030515477501084,-0.0019999998807907105
2003-10-03,False,IVV,0.05300360857812292,IEF,0.027689640257653414,-0.0020499998331069947
2003-10-06,False,IVV,0.04747216381060104,IEF,0.024517685275192047,-0.0019599997997283933
2003-10-07,False,SPY,0.06491882908158941,IEF,0.01775941174282969,-0.0017500001192092896
2003-10-08,False,IVV,0.052596822962680534,IEF,0.02516029714140422,-0.00218999981880188
2003-10-09,False,SPY,0.054819532447207386,IEF,0.018680157927618568,-0.002120000123977661
2003-10-10,False,IVV,0.06186926580364638,IEF,0.015434125590388037,-0.0019300001859664916
2003-10-13,False,SPY,0.050610285509747444,IEF,0.006885274352508075,-0.0019999998807907105
2003-10-14,False,SPY,0.058222484119150986,IEF,0.0017984879079551153,-0.0018000000715255738
2003-10-15,False,IVV,0.05993379296908441,IEF,-0.0033733347018046755,-0.0017900002002716065
2003-10-16,False,SPY,0.06711073979072801,IEF,-0.013024649880901018,-0.0016500002145767212
2003-10-17,False,SPY,0.053025757188932765,IEF,-0.008603243734576216,-0.0015500003099441528
2003-10-20,False,SPY,0.07038087780833968,IEF,-0.013292658693282888,-0.0012499994039535522
2003-10-21,False,SPY,0.06854643434301289,IEF,-0.010519491285135185,-0.0009399998188018799
2003-10-22,False,IVV,0.07764938217380046,IEF,-0.008626545889766635,-0.000899999737739563
2003-10-23,False,IVV,0.06929004898598023,IEF,-0.011564690774910957,-0.0008699995279312134
2003-10-24,False,IVV,0.06086187418121636,IEF,-0.011241215945301475,-0.0007300001382827759
2003-10-27,False,SPY,0.058483886130713314,IEF,-0.010810664409438009,-0.0010600006580352784
2003-10-28,False,IVV,0.06788304232081321,IEF,-0.010816684548845101,-0.0010499995946884155
2003-10-29,False,IVV,0.06055584952596549,IEF,-0.016103855053206884,-0.0011799997091293335
2003-10-30,False,SPY,0.06830148289198723,IEF,-0.016067448037111465,-0.0013099998235702516
2003-10-31,False,IVV,0.06275936260783399,IEF,-0.012789723210595572,-0.0015500003099441528
2003-11-03,False,SPY,0.06802724344618971,IEF,-0.02171993268401584,-0.0015400004386901854
2003-11-04,False,SPY,0.05658768409759474,IEF,-0.01767523464198517,-0.0015700006484985353
2003-11-05,False,SPY,0.053403901265380194,IEF,-0.017354607710007297,-0.0016899996995925904
2003-11-06,False,SPY,0.06330008107265916,IEF,-0.028843706611721864,-0.0013500005006790161
2003-11-07,False,SPY,0.052053520316518886,IEF,-0.033284996986294946,-0.000899999737739563
2003-11-10,False,SPY,0.05827148288255124,IEF,-0.03016768386826041,-0.0009499996900558472
2003-11-11,False,SPY,0.05627597474158752,IEF,-0.027565937428592147,0.0
2003-11-12,False,IVV,0.06554496773594498,IEF,-0.0297564352735582,-0.0007899999618530273
2003-11-13,False,SPY,0.0661902589431036,IEF,-0.02673258415822033,-0.00030000030994415284
2003-11-14,False,SPY,0.05066249551545665,IEF,-0.019368749231637783,0.0001699995994567871
2003-11-17,False,SPY,0.038375375972963255,IEF,-0.022021740988829697,0.00035999953746795654
2003-11-18,False,SPY,0.01399375257603519,IEF,-0.021573767886355455,0.0010299998521804809
2003-11-19,False,SPY,0.017047467286940732,IEF,-0.023150546997063426,0.000899999737739563
2003-11-20,False,SPY,0.0074302257371461344,IEF,-0.01167749765665338,0.0005500000715255737
2003-11-21,False,SPY,0.01731066081750421,IEF,-0.006155770862973586,0.0005000001192092896
2003-11-24,False,IVV,0.021639250079078298,IEF,-0.012835152435548891,0.00125
2003-11-25,False,SPY,0.03297911670189868,IEF,-0.008838528096306253,0.001130000352859497
2003-11-26,False,IVV,0.04671789512701818,IEF,-0.015042634704274471,0.0009200000762939454
2003-11-28,False,SPY,0.044969682624025786,IEF,-0.026110867167044916,0.001079999804496765
2003-12-01,False,IVV,0.05365664692202898,IEF,-0.024683972791506248,0.0
2003-12-02,False,SPY,0.05536309591792676,IEF,-0.012137418323562743,0.0004199999570846558
2003-12-03,False,SPY,0.038533817382746305,IEF,-0.013837228010655456,0.0006999999284744262
2003-12-04,False,IVV,0.04455030550659567,IEF,-0.01406011938396412,0.0006300002336502075
2003-12-05,False,IVV,0.025424491471042865,IEF,-0.004700801147757172,0.00027000010013580324
2003-12-08,False,IVV,0.03672281436972091,IEF,-0.009468611572065355,0.00045000016689300537
2003-12-09,False,IVV,0.04014786490404254,IEF,-0.008088968803110386,0.0005000001192092896
2003-12-10,False,SPY,0.03681799883626691,IEF,-0.0002446847313504197,0.0002500003576278687
2003-12-11,False,SPY,0.06745112383304597,IEF,0.005459658404684431,-0.00013000011444091797
2003-12-12,False,SPY,0.07838001190766342,IEF,0.003616073722682467,6.999969482421876e-05
2003-12-15,False,SPY,0.0765381994523715,IEF,0.0008488217471200876,0.00017000019550323487
2003-12-16,False,SPY,0.07163416413940626,IEF,0.009317092841771402,0.00012000024318695068
2003-12-17,False,SPY,0.08554245388168291,IEF,0.017844924877286505,4.999995231628418e-05
2003-12-18,False,SPY,0.07484334189480579,IEF,0.03543055628466929,-0.0002500003576278687
2003-12-19,False,SPY,0.06798064165074313,IEF,0.03519063985258475,-0.00024000048637390137
2003-12-22,False,SPY,0.06565548003579713,IEF,0.034566921090722014,-9.999990463256836e-05
2003-12-23,False,SPY,0.06151133474926951,IEF,0.0301636876006377,5.0000548362731934e-05
2003-12-24,False,SPY,0.05637798781054015,IEF,0.050339542268902804,-0.0001500004529953003
2003-12-26,False,SPY,0.05979171703113417,IEF,0.04994533225535669,-0.0005500000715255737
2003-12-29,False,SPY,0.07101301757820444,IEF,0.0403687272986919,-0.000350000262260437
2003-12-30,False,SPY,0.06823482713623874,IEF,0.04330876745787138,0.00010999977588653565
2003-12-31,False,SPY,0.06583234906137925,IEF,0.046505306555544745,4.999995231628418e-05
2004-01-02,False,SPY,0.0616087948961308,IEF,0.04575824938864326,-0.0003499996662139893
2004-01-05,False,SPY,0.07602026026287412,IEF,0.05517693780320543,-0.0005500000715255737
2004-01-06,False,SPY,0.07277979241088817,IEF,0.05460919583826307,-0.0004600000381469727
2004-01-07,False,SPY,0.08827584575985403,IEF,0.06407731258158167,-0.00041000008583068847
2004-01-08,False,SPY,0.08449846636682756,IEF,0.05975682960898432,-0.0007099997997283935
2004-01-09,False,SPY,0.07687445815167471,IEF,0.06443503020253782,-0.0009499996900558472
2004-01-12,False,SPY,0.09865734871018983,IEF,0.0716123706978884,-0.0008799999952316285
2004-01-13,False,SPY,0.09426069036128037,IEF,0.06644600736021844,-0.0006000000238418579
2004-01-14,False,SPY,0.10094913540507089,IEF,0.06474118665101858,-0.0006200003623962402
2004-01-15,False,SPY,0.10313255231616014,IEF,0.06548284163480655,-0.0007499998807907104
2004-01-16,False,SPY,0.09262924710116027,IEF,0.06547510904840226,-0.0006400001049041748
2004-01-20,False,SPY,0.09088762417870577,IEF,0.06552581194024576,-0.0006999999284744262
2004-01-21,False,SPY,0.09719119027818768,IEF,0.08063310845619043,-0.0006000000238418579
2004-01-22,False,SPY,0.09536931539901117,IEF,0.08304886708015058,-0.0008300000429153442
2004-01-23,False,SPY,0.08473155615691108,IEF,0.07530428471393869,-0.0006000000238418579
2004-01-26,False,SPY,0.10077123703665913,IEF,0.06757831020795213,-0.0005499994754791259
2004-01-27,False,SPY,0.0886416868958948,IEF,0.06337976437162585,-0.00039999961853027344
2004-01-28,False,SPY,0.0705418788958887,IEF,0.060765999113285396,-0.00019999980926513672
2004-01-29,False,SPY,0.07959638134109182,IEF,0.06347551026659448,-0.0002899998426437378
2004-01-30,False,SPY,0.08401016666697125,IEF,0.06757562193050681,-0.0005399996042251587
2004-02-02,False,SPY,0.08900156617871424,IEF,0.07114792644835366,-0.0006999999284744262
2004-02-03,False,SPY,0.07512080806825905,IEF,0.07141351249246974,-0.0006499999761581421
2004-02-04,False,SPY,0.0660325484481028,IEF,0.0722417862287299,-0.0006499999761581421
2004-02-05,False,SPY,0.07827452122643086,IEF,0.060802292860051566,-0.0005099999904632568
2004-02-06,False,SPY,0.09588092732084852,IEF,0.07023331362057861,-0.0005299997329711914
2004-02-09,False,SPY,0.10767471343989743,IEF,0.07712114505003598,-0.0004000002145767212
2004-02-10,False,SPY,0.10191570872950084,IEF,0.07137018379610094,-0.0003100001811981201
2004-02-11,False,SPY,0.12370839887559026,IEF,0.07011850751367099,-0.00031999945640563964
2004-02-12,False,SPY,0.1150225340941724,IEF,0.05611850655333939,-0.0002899998426437378
2004-02-13,False,SPY,0.09550158985798496,IEF,0.06376290200872958,-0.0003499996662139893
2004-02-17,False,SPY,0.10122596148715979,IEF,0.05869436616378332,-0.0003499996662139893
2004-02-18,False,SPY,0.09247465715118097,IEF,0.05131103261205161,-0.00019999980926513672
2004-02-19,False,SPY,0.08759489125157116,IEF,0.05578992862011889,-0.00019999980926513672
2004-02-20,False,SPY,0.07270226592493523,IEF,0.04800853394553095,-0.00015999972820281982
2004-02-23,False,SPY,0.07268631435814621,IEF,0.049562184546158905,9.999871253967286e-06
2004-02-24,False,SPY,0.07251363000662692,IEF,0.05225638767717,0.0001100003719329834
2004-02-25,False,SPY,0.07260924291356474,IEF,0.047656865510884217,0.0001100003719329834
2004-02-26,False,SPY,0.08079664595527758,IEF,0.046205796810291355,0.0
2004-02-27,False,SPY,0.07430955285072138,IEF,0.05032454022644672,0.0
2004-03-01,False,SPY,0.09339405838119363,IEF,0.05602186866671177,0.00013999998569488525
2004-03-02,False,SPY,0.0870947218415632,IEF,0.04744641355503676,0.0001699995994567871
2004-03-03,False,SPY,0.07696363042493459,IEF,0.04120181906513776,0.0002499997615814209
2004-03-04,False,SPY,0.07765920062918874,IEF,0.04300603778204781,0.00023999989032745363
2004-03-05,False,SPY,0.08670890366862793,IEF,0.0479826934964116,0.00013999998569488525
2004-03-08,False,IVV,0.06719865852301776,IEF,0.05841319863084915,5.9999823570251465e-05
2004-03-09,False,SPY,0.06028582927609527,IEF,0.05220842701848061,5.9999823570251465e-05
2004-03-10,False,SPY,0.03091446230474104,IEF,0.04744018649809645,0.0002699995040893555
2004-03-11,False,IVV,0.02029238654371235,IEF,0.051338917770997305,0.0002499997615814209
2004-03-12,False,IVV,0.02643317055408745,IEF,0.06283609240187515,0.00019999980926513672
2004-03-15,False,SPY,0.013395942039927888,IEF,0.06031257873572904,0.00027000010013580324
2004-03-16,False,SPY,0.019795702972651652,IEF,0.07167970941908286,0.0003600001335144043
2004-03-17,False,IVV,0.029328751780651974,IEF,0.06905465683687084,0.00041000008583068847
2004-03-18,False,IVV,0.016817593529021346,IEF,0.06907173246552722,0.00037000000476837156
2004-03-19,False,SPY,0.002422961792613032,IEF,0.06445996257482722,0.00029999971389770507
2004-03-22,False,SPY,-0.011193303258068332,IEF,0.07010294616938628,0.00035999953746795654
2004-03-23,False,IVV,-0.012483589291455877,IEF,0.0760096847004792,0.00035999953746795654
2004-03-24,False,IVV,-0.022589380851923746,IEF,0.07912534169198038,0.00014999985694885253
2004-03-25,False,SPY,-0.0103138883388042,IEF,0.0836016391891885,0.00014999985694885253
2004-03-26,False,IVV,-0.01345005074187311,IEF,0.07093751896359879,0.00014999985694885253
2004-03-29,False,SPY,-0.0034862308080580995,IEF,0.06565104849870274,0.00010999977588653565
2004-03-30,False,SPY,0.008684780265874714,IEF,0.06411458322176977,-2.9999613761901856e-05
2004-03-31,False,SPY,0.0024418409850481826,IEF,0.06032441517802112,-9.000003337860108e-05
2004-04-01,False,IVV,0.01437264395661364,IEF,0.06110794175048784,-0.00013999998569488525
2004-04-02,False,IVV,0.013217647604415017,IEF,0.03425880582748175,0.0
2004-04-05,False,SPY,0.01664716014377121,IEF,0.03196935614706353,-0.0002899998426437378
2004-04-06,False,SPY,0.009391084293894902,IEF,0.03074621865559557,-0.00027000010013580324
2004-04-07,False,SPY,0.0072845449599014955,IEF,0.03756777694764457,-0.00018999993801116944
2004-04-08,False,SPY,-0.0028594623823434695,IEF,0.039429810398263765,-0.00018999993801116944
2004-04-12,False,IVV,0.0029768967584433703,IEF,0.03246284375204955,-0.00019999980926513672
2004-04-13,False,SPY,-0.0071934661193894245,IEF,0.02835356845501802,9.999871253967286e-06
2004-04-14,False,IVV,-0.018131249075507117,IEF,0.023963745379350865,6.000041961669922e-05
2004-04-15,False,IVV,-0.012496541705490416,IEF,0.02615679023814499,-6.000041961669922e-05
2004-04-16,False,IVV,0.007217162425914969,IEF,0.03524014537610842,-9.999990463256836e-05
2004-04-19,False,IVV,0.006593273351988227,IEF,0.03427225240592113,-9.999990463256836e-05
2004-04-20,False,IVV,-0.010807616146350507,IEF,0.02714914203597729,0.0002500003576278687
2004-04-21,False,IVV,-0.008115041840660031,IEF,0.027635726753288514,0.0
2004-04-22,False,IVV,0.005702496224404996,IEF,0.028362473650613174,9.000003337860108e-05
2004-04-23,False,SPY,0.016933074277259985,IEF,0.015236999770313453,0.0002500003576278687
2004-04-26,False,SPY,0.012549195981193861,IEF,0.009620737296843096,0.00016000032424926759
2004-04-27,False,IVV,0.0021865417999040737,IEF,0.012410346976028608,0.00034000039100646974
2004-04-28,False,IVV,-0.011386044169718335,IEF,0.0016652872254825368,0.00012000024318695068
2004-04-29,False,SPY,-0.02288130601229099,IEF,0.006215960509981411,0.00022000014781951903
2004-04-30,False,SPY,-0.04067377844053299,IEF,0.0023714235406813167,0.00030000030994415284
2004-05-03,False,IVV,-0.02702589872334038,IEF,0.0024557072433746274,0.00046999990940093994
2004-05-04,False,SPY,-0.023253310482884593,IEF,0.004860486964691102,0.000690000057220459
2004-05-05,True,IVV,-0.02739406153328916,IEF,8.653142305070638e-05,0.00046999990940093994
2004-05-06,True,SPY,-0.029898743968950647,IEF,0.0015906208408360545,0.0005900001525878906
2004-05-07,True,SPY,-0.04238902574609915,IEF,-0.004195371236842438,0.001289999485015869
2004-05-10,True,IVV,-0.04990259729476221,IEF,0.0016831069459601888,0.0012999993562698364
2004-05-11,True,IVV,-0.03946704306949089,IEF,0.0007718575151975937,0.0011400002241134643
2004-05-12,False,IVV,-0.03172800864099967,IEF,0.001932580389612637,0.0009499996900558472
2004-05-13,True,IVV,-0.03962066664380015,IEF,-0.003280100489020943,0.0007899999618530273
2004-05-14,True,SPY,-0.039274562908110267,IEF,-0.010307810344292623,0.0007400000095367431
2004-05-17,True,SPY,-0.048143617965594854,IEF,-0.00012748112592897431,0.0008499997854232788
2004-05-18,True,IVV,-0.05340444168444003,IEF,0.0029164409817079573,0.0013499993085861206
2004-05-19,True,IVV,-0.05162662044175359,IEF,-0.004206351484570381,0.001290000081062317
2004-05-20,True,SPY,-0.04914643369744265,IEF,-0.00523661383357843,0.0013199996948242186
2004-05-21,True,SPY,-0.049961665595891325,IEF,-0.007413559287055005,0.0012699997425079346
2004-05-24,True,IVV,-0.049486609127896264,IEF,-0.006219361499116283,0.0013199996948242186
2004-05-25,True,IVV,-0.024252523180037344,IEF,-0.01767848284720941,0.0017900002002716065
2004-05-26,True,IVV,-0.01681535064078976,IEF,-0.015327512435061363,0.0018000006675720215
2004-05-27,False,IVV,0.005549362683526349,IEF,-0.013321160243466967,0.0017600005865097046
2004-05-28,False,SPY,0.019219302573183494,IEF,-0.016170214269452754,0.0019400006532669068
2004-06-01,False,IVV,0.004570669603046973,IEF,-0.01842807003059399,0.0023200005292892457
2004-06-02,False,IVV,0.020265196097176474,IEF,-0.013387438405787266,0.0025999993085861206
2004-06-03,False,SPY,0.006198602590608671,IEF,-0.017972047027230098,0.0027499997615814207
2004-06-04,False,SPY,0.0029730151203037902,IEF,-0.025128775747947918,0.0033000004291534424
2004-06-07,False,IVV,0.01796916312953667,IEF,-0.017719831752450843,0.0032700002193450928
2004-06-08,False,IVV,0.03390245211398457,IEF,-0.016918344713739764,0.0032999998331069945
2004-06-09,False,IVV,0.037667809707208955,IEF,-0.021525115930581484,0.0033499997854232787
2004-06-10,False,IVV,0.043838849002006075,IEF,-0.012519068706672742,0.003649999499320984
2004-06-14,False,SPY,0.03350076668467117,IEF,-0.016534030619683504,0.004369999766349792
2004-06-15,False,IVV,0.026819628729289446,IEF,-0.010892097488476193,0.004110000133514404
2004-06-16,False,IVV,0.026092870778034127,IEF,-0.01526516737309802,0.00390999972820282
2004-06-17,False,IVV,0.01091979771629803,IEF,-0.012509255632961791,0.003949999809265137
2004-06-18,False,SPY,0.009513195317347733,IEF,-0.02603540015103134,0.004049999713897705
2004-06-21,False,IVV,0.003532711592439064,IEF,-0.024497324307860113,0.0039100003242492675
2004-06-22,False,SPY,0.0035622999761613094,IEF,-0.030996806968908497,0.004309999942779541
2004-06-23,False,IVV,0.004271569964451327,IEF,-0.031492790572991924,0.003989999890327453
2004-06-24,False,IVV,-0.004247288379467862,IEF,-0.028293533023486694,0.004019999504089355
2004-06-25,False,IVV,-0.007040864436063776,IEF,-0.023758093115518464,0.004099999666213989
2004-06-28,True,IVV,-0.0072896286097089424,IEF,-0.029263203422408512,0.004249999523162842
2004-06-29,True,IVV,-0.0006508881469013961,IEF,-0.027483287210723018,0.0048500001430511475
2004-06-30,True,SPY,0.0011153905034224643,IEF,-0.025657347815440823,0.004509999752044678
2004-07-01,True,IVV,0.0003711812066549136,IEF,-0.01635092793591031,0.0033000004291534424
2004-07-02,True,SPY,-0.000864330655692247,IEF,-0.0037561285319182014,0.0038099998235702516
2004-07-06,True,SPY,-0.005856468411018723,IEF,-0.009598131967212264,0.00356999933719635
2004-07-07,True,SPY,-0.01054542422935656,IEF,-0.0019184868266001187,0.0035100001096725463
2004-07-08,True,IVV,-0.01766873815402248,IEF,-0.0006269842403674453,0.0033400005102157595
2004-07-09,True,IVV,0.0010488964895205566,IEF,-0.003515764207160932,0.0034999996423721313
2004-07-12,True,IVV,-0.004366338599472108,IEF,-0.0013293992707208435,0.0035999995470046998
2004-07-13,True,SPY,-0.017345197631002285,IEF,-0.007318639231401081,0.004030000567436218
2004-07-14,True,IVV,-0.021422951939159662,IEF,-0.006167839082239834,0.004050000309944153
2004-07-15,True,IVV,-0.02778147985557755,IEF,-0.0029077610814556287,0.00406000018119812
2004-07-16,True,IVV,-0.02803343098508715,IEF,0.0006467388712383393,0.004050000309944153
2004-07-19,True,SPY,-0.019301257568543062,IEF,-0.0019220126658103798,0.0039000004529953004
2004-07-20,True,SPY,0.0019448649006503782,IEF,-0.005651947735184959,0.004110000133514404
2004-07-21,True,IVV,-0.01008056228363241,IEF,-0.012979128441114818,0.004120000004768372
2004-07-22,True,SPY,-0.01666417279864807,IEF,-0.011224290375520751,0.004359999895095825
2004-07-23,True,IVV,-0.02643305458598877,IEF,-0.011391105598093754,0.004410000443458557
2004-07-26,True,SPY,-0.03221338330339507,IEF,-0.01480901995825279,0.0049499994516372684
2004-07-27,True,IVV,-0.015451217562945652,IEF,-0.021534460192429328,0.005250000357627869
2004-07-28,True,IVV,0.0037399024058526464,IEF,-0.020684349054838402,0.005079999566078186
2004-07-29,False,IVV,0.01931928067295674,IEF,-0.01643454550587664,0.004959999322891235
2004-07-30,False,SPY,0.013618186281914912,IEF,-0.012913455159428655,0.0048499995470047
2004-08-02,False,IVV,0.008735084504298163,IEF,-0.01364687534831377,0.004940000176429748
2004-08-03,False,SPY,0.005657860813176985,IEF,-0.012432011259863152,0.005189999938011169
2004-08-04,False,IVV,0.004926195550313928,IEF,-0.011534563313075452,0.005200000405311584
2004-08-05,False,IVV,-0.0031557913043335217,IEF,-0.012470678848153338,0.005170000195503235
2004-08-06,True,SPY,-0.02197874371226982,IEF,-2.405312252373726e-06,0.004700000286102295
2004-08-09,True,SPY,-0.017199682582375142,IEF,0.002500942389567218,0.005020000338554383
2004-08-10,True,IVV,-0.010440932005388759,IEF,-0.0007041390740128994,0.005300000309944153
2004-08-11,True,IVV,-0.011962700239343649,IEF,-0.0004143713613792288,0.004739999771118164
2004-08-12,True,IVV,-0.026370543102914645,IEF,-0.01138929199559724,0.004769999980926514
2004-08-13,True,SPY,-0.03816424888217085,IEF,-0.015171267204224237,0.0047400003671646115
2004-08-16,True,IVV,-0.03192935507419137,IEF,-0.019898720374203593,0.004950000643730163
2004-08-17,True,SPY,-0.0315618900342276,IEF,-0.015172559001791708,0.005170000195503235
2004-08-18,True,IVV,-0.021760138446762722,IEF,-0.018514930148711306,0.005100000500679016
2004-08-19,True,SPY,-0.023063604404515714,IEF,-0.013067279481236205,0.005100000500679016
2004-08-20,True,IVV,-0.020732736408110353,IEF,-0.015594294657618746,0.0052200001478195195
2004-08-23,True,IVV,-0.01378923529747389,IEF,-0.023725582032440906,0.005389999747276306
2004-08-24,True,IVV,-0.02095213019085551,IEF,-0.022140592311655216,0.005989999771118164
2004-08-25,True,IVV,-0.02820528312701054,IEF,-0.018912368589255935,0.005949999690055847
2004-08-26,True,IVV,-0.02987926772771654,IEF,-0.013291940850778117,0.005990000367164612
2004-08-27,True,IVV,-0.0175013380265423,IEF,-0.01813755290611274,0.005989999771118164
2004-08-30,True,SPY,-0.029877737621172074,IEF,-0.01613047659866529,0.006190000772476196
2004-08-31,True,SPY,-0.015054225370113805,IEF,-0.011200879121073481,0.0064999997615814206
2004-09-01,True,IVV,-0.02028796820058698,IEF,-0.010015824129894213,0.006300000548362732
2004-09-02,True,SPY,-0.008851125799793857,IEF,-0.009040382807469105,0.00640999972820282
2004-09-03,True,SPY,-0.011426517182741458,IEF,-0.007525393654219115,0.006890000104904175
2004-09-07,True,IVV,-0.006990702206225552,IEF,-0.007281700334807573,0.0066399997472763065
2004-09-08,True,SPY,-0.0054769336793606405,IEF,-0.005205133421980923,0.006890000104904175
2004-09-09,True,IVV,-0.012164064875143321,IEF,-0.004510518660871932,0.006920000314712524
2004-09-10,False,IVV,-0.015433034536024515,IEF,0.016263965198338726,0.006960000395774841
2004-09-13,False,SPY,-0.00839208161749061,IEF,0.023789938821536794,0.007040000557899475
2004-09-14,False,SPY,-0.0015807677479002802,IEF,0.020430104095821466,0.007050000429153443
2004-09-15,False,IVV,-0.005815389115982228,IEF,0.019239023076982775,0.007139999866485596
2004-09-16,False,SPY,-0.0068474341939832595,IEF,0.026761375584342106,0.0071899998188018795
2004-09-17,False,IVV,-0.008728009224663436,IEF,0.02643515949508113,0.0075599998235702515
2004-09-20,False,SPY,-1.6229536311307413e-05,IEF,0.04038375431548924,0.007409999966621399
2004-09-21,False,IVV,0.004513535670733537,IEF,0.04184853266442179,0.007489999532699585
2004-09-22,False,SPY,0.0011115676049964218,IEF,0.04756635811858234,0.007470000386238098
2004-09-23,False,SPY,-0.007201353144474343,IEF,0.04010517536295399,0.007689999938011169
2004-09-24,False,IVV,0.0039457102278410705,IEF,0.04270412358626641,0.007689999938011169
2004-09-27,False,SPY,-0.00464469977355686,IEF,0.05323359691246954,0.007350000143051147
2004-09-28,False,SPY,-0.0003297586812371911,IEF,0.05000332967327381,0.007200000286102295
2004-09-29,False,IVV,0.0038915927543117235,IEF,0.03935192398290677,0.007429999709129334
2004-09-30,False,IVV,0.0056000829730740165,IEF,0.042604325097762796,0.0072200000286102295
2004-10-01,False,SPY,0.029991736574253247,IEF,0.03855196636415714,0.007139999270439148
2004-10-04,False,SPY,0.03255248189089066,IEF,0.03483853335934062,0.006890000104904175
2004-10-05,False,IVV,0.03664130639557506,IEF,0.041654301590328124,0.007229999899864197
2004-10-06,False,IVV,0.030047120207651545,IEF,0.04060520933134848,0.007239999771118164
2004-10-07,False,SPY,0.039626261945266084,IEF,0.036279840483695924,0.007099999189376831
2004-10-08,False,IVV,0.02725478224921085,IEF,0.04547175303616702,0.0069799995422363285
2004-10-11,False,IVV,0.039974947006824024,IEF,0.05021338779032436,0.006709999442100525
2004-10-12,False,SPY,0.03906590918574082,IEF,0.052622717765246074,0.006859999895095825
2004-10-13,False,SPY,0.02035411015957278,IEF,0.05745108950243316,0.007160000205039978
2004-10-14,False,SPY,0.009087361665401472,IEF,0.07439041647065836,0.006600000858306885
2004-10-15,False,IVV,0.010244872495129398,IEF,0.07104438442430738,0.006850000619888306
2004-10-18,False,IVV,0.010313908196447175,IEF,0.07056464578902055,0.007059999704360962
2004-10-19,False,SPY,0.0011793449604133865,IEF,0.07176506323761633,0.007749999761581421
2004-10-20,False,IVV,0.006983584475156013,IEF,0.07992156455646215,0.00806999921798706
2004-10-21,False,IVV,0.012998379680935868,IEF,0.0730207580011557,0.008280000686645507
2004-10-22,False,SPY,0.01889134886462096,IEF,0.06907878631909958,0.008300000429153442
2004-10-25,False,IVV,0.03214070891189613,IEF,0.07239500712269797,0.008050000667572022
2004-10-26,False,SPY,0.04676909314669153,IEF,0.07551140002890588,0.008579999208450317
2004-10-27,False,SPY,0.04585562836010926,IEF,0.06360206103645294,0.008730000257492066
2004-10-28,False,SPY,0.05114001203221452,IEF,0.06754437916423828,0.008630000352859497
2004-10-29,False,IVV,0.062048420617966116,IEF,0.06985783380990696,0.008550000190734864
2004-11-01,False,IVV,0.06286052789822683,IEF,0.06419467057709194,0.008249999284744262
2004-11-02,False,SPY,0.05284058699998484,IEF,0.06150314064952833,0.008909999132156373
2004-11-03,False,IVV,0.05935356458043817,IEF,0.055380904930119934,0.00878999948501587
2004-11-04,False,IVV,0.06343393574301248,IEF,0.05769728474594338,0.008849999904632568
2004-11-05,False,IVV,0.07285545580156816,IEF,0.055073156964464465,0.008889999389648438
2004-11-08,False,SPY,0.06442278724369843,IEF,0.055389141078082904,0.008600001335144042
2004-11-09,False,SPY,0.06503235943332353,IEF,0.05396362911569752,0.008899999856948853
2004-11-10,False,SPY,0.06440318839698977,IEF,0.056234724991537144,0.008519999980926514
2004-11-11,False,SPY,0.06526234399148612,IEF,0.05443878235479027,0.008450000286102296
2004-11-12,False,SPY,0.07366803941449862,IEF,0.058668227482077784,0.007940000295639038
2004-11-15,False,IVV,0.07251643087088877,IEF,0.06227934188549611,0.008149999380111694
2004-11-16,False,IVV,0.0739549093595735,IEF,0.059989768898207396,0.008240001201629639
2004-11-17,False,IVV,0.07333228738489894,IEF,0.07082740991343983,0.007409999370574951
2004-11-18,False,IVV,0.07405775074465226,IEF,0.05765246857419437,0.007749998569488525
2004-11-19,False,IVV,0.04999514612155309,IEF,0.05416035749030179,0.008190000057220459
2004-11-22,False,SPY,0.05977697436678553,IEF,0.051957506846159074,0.008799999952316284
2004-11-23,False,IVV,0.0542091023669915,IEF,0.053143847154762947,0.0088700008392334
2004-11-24,False,SPY,0.059561852719937525,IEF,0.05296255714817155,0.008939999341964721
2004-11-26,False,SPY,0.059698072591514384,IEF,0.050542890145678365,0.008589999675750732
2004-11-29,False,SPY,0.049450981264411276,IEF,0.04272583527354534,0.009000000953674316
2004-11-30,False,IVV,0.04518356307424387,IEF,0.03770906182947953,0.009279999732971191
2004-12-01,False,IVV,0.056072969848634635,IEF,0.03686296871767358,0.008999999761581421
2004-12-02,False,SPY,0.06544138214139528,IEF,0.04220558005354924,0.008899999856948853
2004-12-03,False,IVV,0.060652375229050426,IEF,0.047651554800228535,0.00815000057220459
2004-12-06,False,SPY,0.05667973740997034,IEF,0.04318073280489543,0.0088100004196167
2004-12-07,False,IVV,0.05259169734045943,IEF,0.041007108144399895,0.010049998760223389
2004-12-08,False,IVV,0.054413420757113196,IEF,0.0398207306477214,0.009340000152587891
2004-12-09,False,IVV,0.07135661327298526,IEF,0.03938158259516755,0.00943000078201294
2004-12-10,False,SPY,0.07871687739954236,IEF,0.0404646670630362,0.009329999685287476
2004-12-13,False,SPY,0.08313956536392353,IEF,0.04106975296786186,0.009279998540878296
2004-12-14,False,SPY,0.09388675099411192,IEF,0.04114782137921358,0.009300000667572021
2004-12-15,False,IVV,0.08930985676046621,IEF,0.043663183760628055,0.009050000905990601
2004-12-16,False,SPY,0.08340478840540944,IEF,0.037892424725340046,0.008399999141693116
2004-12-17,False,IVV,0.07647599708747288,IEF,0.037051755756712046,0.00834999918937683
2004-12-20,False,SPY,0.05930551198823131,IEF,0.03876520821313667,0.00840999960899353
2004-12-21,False,SPY,0.06568122424401102,IEF,0.03023333561488384,0.008599998950958252
2004-12-22,False,SPY,0.06768577941173892,IEF,0.02939266789396955,0.008450000286102296
2004-12-23,False,SPY,0.061214687231218035,IEF,0.03481778837924554,0.00815000057220459
2004-12-27,False,IVV,0.07030315861065817,IEF,0.03267223786991935,0.008599998950958252
2004-12-28,False,SPY,0.08535452772142782,IEF,0.03131685857279787,0.008769999742507934
2004-12-29,False,SPY,0.08254098556088918,IEF,0.0267994656870163,0.008439998626708984
2004-12-30,False,IVV,0.08456761455125617,IEF,0.034250714681506755,0.007780001163482666
2004-12-31,False,IVV,0.09141019989631549,IEF,0.04284152462702484,0.007449998855590821
2005-01-03,False,IVV,0.09527110036198061,IEF,0.04329470950568792,0.00784000039100647
2005-01-04,False,SPY,0.07626420833526315,IEF,0.03580142536560649,0.008800001144409179
2005-01-05,False,SPY,0.0648175139998004,IEF,0.03045740558318455,0.00870000123977661
2005-01-06,False,SPY,0.07931612231442164,IEF,0.030405564991572653,0.00834999918937683
2005-01-07,False,IVV,0.07936639785297239,IEF,0.02709882997565849,0.008199999332427979
2005-01-10,False,SPY,0.07799747497639165,IEF,0.027590492902339836,0.008209999799728394
2005-01-11,False,SPY,0.08273613130062518,IEF,0.02658646343842186,0.008580000400543212
2005-01-12,False,SPY,0.0875949495333257,IEF,0.014270451254200456,0.008860000371932984
2005-01-13,False,SPY,0.06263091473143301,IEF,0.021687855304796555,0.008580000400543212
2005-01-14,False,SPY,0.05555110199890412,IEF,0.0253167375138712,0.008479999303817749
2005-01-18,False,SPY,0.06332883547736823,IEF,0.02145149415141745,0.0088700008392334
2005-01-19,False,SPY,0.052389298217238034,IEF,0.02072609621816124,0.009189999103546143
2005-01-20,False,SPY,0.043123027246671164,IEF,0.020717081356139033,0.009059998989105224
2005-01-21,False,IVV,0.03623574670611451,IEF,0.023830321949832145,0.00875
2005-01-24,False,SPY,0.021461553205206485,IEF,0.018914537797890763,0.008470001220703125
2005-01-25,False,IVV,0.010264807456273894,IEF,0.018448737187154673,0.009140000343322754
2005-01-26,False,SPY,0.007271500085223259,IEF,0.016177680038304887,0.009229999780654908
2005-01-27,False,SPY,0.010454915812950771,IEF,0.01665615093578232,0.009330000877380371
2005-01-28,False,IVV,0.008876768995823348,IEF,0.025399550289293193,0.009300000667572021
2005-01-31,False,IVV,0.017911977135399493,IEF,0.02479269897044123,0.009049999713897704
2005-02-01,False,IVV,0.01663368355068706,IEF,0.023963914801834907,0.009499999284744263
2005-02-02,False,IVV,0.011387362299863701,IEF,0.019641367625043316,0.009419999122619628
2005-02-03,False,SPY,0.0066703037962827505,IEF,0.019164318563990923,0.00909999966621399
2005-02-04,False,IVV,0.024343739139300213,IEF,0.02083052958727416,0.00879999876022339
2005-02-07,False,SPY,0.017348255755027076,IEF,0.01844883283715615,0.008690000772476196
2005-02-08,False,SPY,0.017161885509235475,IEF,0.019564724297088,0.009179998636245728
2005-02-09,False,SPY,0.02089535368030737,IEF,0.030084099323220093,0.009040000438690186
2005-02-10,False,SPY,0.01971135327783391,IEF,0.02641550324311792,0.008550000190734864
2005-02-11,False,IVV,0.02591935696299008,IEF,0.024496211381012323,0.008969999551773071
2005-02-14,False,IVV,0.02315979657012468,IEF,0.01992769828797547,0.00870000123977661
2005-02-15,False,SPY,0.028324364466973728,IEF,0.02017375956366152,0.009240000247955323
2005-02-16,False,IVV,0.033207223493005644,IEF,0.014460833624790004,0.00903999924659729
2005-02-17,False,SPY,0.02466672528041869,IEF,0.009722785193693406,0.00910999894142151
2005-02-18,False,IVV,0.0143920088105014,IEF,0.0043902351497413505,0.009290000200271606
2005-02-22,False,SPY,-0.0014227682537520936,IEF,0.005566027533580042,0.00940999984741211
2005-02-23,False,SPY,0.006408939851779927,IEF,0.0008991196632652798,0.009930000305175782
2005-02-24,False,IVV,0.01278990323562823,IEF,0.0027420516651806004,0.009690001010894775
2005-02-25,False,SPY,0.03305425101960213,IEF,-0.001540004125512917,0.010119999647140504
2005-02-28,False,IVV,0.020249053637934056,IEF,-0.008703530879685561,0.010070000886917113
2005-03-01,False,SPY,0.021748967736019642,IEF,-0.012696130770654901,0.010179998874664307
2005-03-02,False,SPY,0.02021597545834042,IEF,-0.009385075355385242,0.009910000562667847
2005-03-03,False,IVV,0.011732928974414802,IEF,-0.009858595457835961,0.01000999927520752
2005-03-04,False,IVV,0.020019064816437337,IEF,-0.008135232811624316,0.010099998712539672
2005-03-07,False,IVV,0.02042537758952334,IEF,-0.006868397275148541,0.009900000095367432
2005-03-08,False,IVV,0.016613900720651165,IEF,-0.005367159210361794,0.010119999647140504
2005-03-09,False,SPY,0.01280935654430615,IEF,-0.011913595067771232,0.010179998874664307
2005-03-10,False,SPY,0.014815210645340082,IEF,-0.006153983393016205,0.0103000009059906
2005-03-11,False,SPY,0.0,IEF,-0.010668901684920185,0.010409998893737792
2005-03-14,False,IVV,0.0031792550958960053,IEF,-0.008288565491231692,0.010409998893737792
2005-03-15,True,IVV,-0.005495674239888615,IEF,-0.006934640738003428,0.010640000104904174
2005-03-16,True,IVV,-0.011683908791930042,IEF,-0.002905721750183443,0.010700001716613769
2005-03-17,True,IVV,-0.015236102116364059,IEF,-0.007497349444431034,0.010700000524520874
2005-03-18,True,IVV,-0.02040013335721713,IEF,-0.011605261174387094,0.010850001573562622
2005-03-21,True,IVV,-0.021427334322801528,IEF,-0.012788236069146364,0.011039999723434448
2005-03-22,True,SPY,-0.029046163001118175,IEF,-0.023542265857804723,0.011150000095367431
2005-03-23,True,SPY,-0.023611319477637727,IEF,-0.024700207499215643,0.01063999891281128
2005-03-24,True,IVV,-0.01083939270850498,IEF,-0.020589598289416977,0.010579999685287476
2005-03-28,True,IVV,-0.0026828135978463896,IEF,-0.02524618785840016,0.010350000858306885
2005-03-29,True,SPY,-0.013677585821082139,IEF,-0.0209010874444866,0.009900001287460327
2005-03-30,True,SPY,0.001724112366095154,IEF,-0.02308420839659464,0.009750001430511475
2005-03-31,True,IVV,-0.00489942190580539,IEF,-0.016910452025258094,0.009249998331069946
2005-04-01,True,IVV,-0.0030196984682905326,IEF,-0.017648292642615915,0.009199999570846558
2005-04-04,True,IVV,-0.004084620841195874,IEF,-0.01924845704386513,0.008559999465942382
2005-04-05,True,IVV,0.007786823579158053,IEF,-0.01743283721501987,0.008539999723434449
2005-04-06,True,SPY,0.006984154266802101,IEF,-0.008426034016520645,0.008249999284744262
2005-04-07,True,IVV,0.0010389530935159819,IEF,-0.013700957533280267,0.008330000638961792
2005-04-08,True,IVV,0.0017456434378173569,IEF,-0.015492772395921617,0.008449999094009399
2005-04-11,False,IVV,0.008899246411498973,IEF,-0.007655471124766167,0.00815000057220459
2005-04-12,False,SPY,0.020433740774177034,IEF,-0.004881333804016452,0.007640000581741333
2005-04-13,False,SPY,0.010387709122158473,IEF,-0.004062569666234972,0.007990000247955322
2005-04-14,False,SPY,-0.005606617299630745,IEF,-0.0008817658050394028,0.007749998569488525
2005-04-15,False,SPY,-0.022448266609180978,IEF,0.01316645472190614,0.007419999837875366
2005-04-18,False,SPY,-0.021120787888883386,IEF,0.012447142094768937,0.00809999942779541
2005-04-19,False,SPY,-0.013340791495061954,IEF,0.01805367342120534,0.00809999942779541
2005-04-20,False,SPY,-0.03311628656529797,IEF,0.01949140277164374,0.007779998779296875
2005-04-21,False,SPY,-0.020555749638181187,IEF,0.012442651432565954,0.007879998683929443
2005-04-22,False,SPY,-0.027215752196031562,IEF,0.012929290045784692,0.008220000267028809
2005-04-25,False,SPY,-0.018267495045160342,IEF,0.012454811036346491,0.0077500009536743165
2005-04-26,False,SPY,-0.03807296069601662,IEF,0.013047857218303927,0.007609999179840088
2005-04-27,False,SPY,-0.03302866310298169,IEF,0.010808818986429936,0.007400000095367431
2005-04-28,False,SPY,-0.04626412374612299,IEF,0.016141296805846084,0.007240002155303955
2005-04-29,False,SPY,-0.02602731356161292,IEF,0.018049488136305802,0.007409999370574951
2005-05-02,False,IVV,-0.025370417790903654,IEF,0.01837184607542075,0.0070000004768371584
2005-05-03,False,SPY,-0.030736005286923662,IEF,0.02064167894191682,0.0071599984169006346
2005-05-04,False,IVV,-0.022570271508942752,IEF,0.01896871026744673,0.006630001068115235
2005-05-05,False,IVV,-0.02724864100854929,IEF,0.025912927026574772,0.005950000286102295
2005-05-06,False,SPY,-0.030195876027498514,IEF,0.024751598579946466,0.006449999809265136
2005-05-09,False,SPY,-0.016196125071174294,IEF,0.025602027636102642,0.006150000095367432
2005-05-10,False,SPY,-0.027676883479670122,IEF,0.029560452520189573,0.006500000953674316
2005-05-11,False,SPY,-0.007583945957796101,IEF,0.033218012032519395,0.0063000011444091794
2005-05-12,False,SPY,-0.025488412004468053,IEF,0.023949670508309095,0.006499998569488526
2005-05-13,False,SPY,-0.03381091530998215,IEF,0.02465007317552481,0.005729999542236328
2005-05-16,False,SPY,-0.034351203016142806,IEF,0.024889455963161167,0.005450000762939453
2005-05-17,False,SPY,-0.021454806125439707,IEF,0.01865538387813559,0.006150000095367432
2005-05-18,False,SPY,-0.016278363774253846,IEF,0.024367002490600864,0.005899999141693115
2005-05-19,False,IVV,-0.011819224190871225,IEF,0.019724323996873627,0.006010000705718994
2005-05-20,False,SPY,-0.01346382760352538,IEF,0.018891861711716862,0.006460001468658447
2005-05-23,False,SPY,-0.020203031066633015,IEF,0.021728092165072654,0.006679999828338623
2005-05-24,False,SPY,-0.022971324905545876,IEF,0.0207620130045838,0.007149999141693115
2005-05-25,False,IVV,-0.02004458817109045,IEF,0.024961532581611046,0.007149999141693115
2005-05-26,False,IVV,-0.003962614072632875,IEF,0.02688035170869396,0.007150001525878906
2005-05-27,False,IVV,-0.0046009628955014925,IEF,0.026746888980162753,0.007290000915527344
2005-05-31,False,IVV,-0.004262321562160998,IEF,0.030649070704828363,0.007100000381469727
2005-06-01,False,SPY,-0.0013759562786723745,IEF,0.038100135560659165,0.007599999904632568
2005-06-02,False,SPY,0.009108760589093823,IEF,0.03908171615397604,0.007609999179840088
2005-06-03,False,IVV,0.012240813470786094,IEF,0.03748811542673969,0.007480001449584961
2005-06-06,False,SPY,0.009647256482492095,IEF,0.040368971251513175,0.0072099995613098145
2005-06-07,False,SPY,0.013413643428782152,IEF,0.04545722914415351,0.007650001049041748
2005-06-08,False,IVV,0.015317891256852345,IEF,0.0396109944011136,0.007769999504089356
2005-06-09,False,SPY,0.030624423136269563,IEF,0.037778367248417766,0.007450001239776611
2005-06-10,False,IVV,0.027283507711106658,IEF,0.0291447944492762,0.007330000400543213
2005-06-13,False,SPY,0.029366621471499155,IEF,0.03283222160855659,0.006449999809265136
2005-06-14,False,SPY,0.03026163387763403,IEF,0.029926496962578986,0.00679999828338623
2005-06-15,False,IVV,0.03836529641612718,IEF,0.028596527387801718,0.00687999963760376
2005-06-16,False,SPY,0.027246558198912307,IEF,0.03268174196732043,0.00625
2005-06-17,False,SPY,0.03297615384593855,IEF,0.031604305512575426,0.006400001049041748
2005-06-20,False,SPY,0.03798027528703285,IEF,0.02798356872238239,0.006180000305175781
2005-06-21,False,IVV,0.036548535824522776,IEF,0.02963722494027965,0.006579999923706055
2005-06-22,False,SPY,0.032749725066403945,IEF,0.033266514989986895,0.006599998474121094
2005-06-23,False,SPY,0.014702979334788813,IEF,0.032802864931152254,0.006800000667572022
2005-06-24,False,SPY,0.0018470146327331793,IEF,0.035665069324077425,0.0069799995422363285
2005-06-27,False,SPY,0.01382084250516269,IEF,0.03589171391096868,0.007080001831054688
2005-06-28,False,SPY,0.02155093463438118,IEF,0.02967904743884464,0.007680001258850097
2005-06-29,False,IVV,0.013499131524340902,IEF,0.027280896839768642,0.007609999179840088
2005-06-30,False,IVV,0.019273829240155083,IEF,0.030955683989562166,0.007589998245239257
2005-07-01,False,IVV,0.0361261381329121,IEF,0.025917622401408602,0.007289998531341553
2005-07-05,False,IVV,0.059647203812383864,IEF,0.021502621583038062,0.0077200007438659665
2005-07-06,False,SPY,0.04770484900744698,IEF,0.02521211033123838,0.007329998016357422
2005-07-07,False,IVV,0.04303150307706738,IEF,0.022323816759660886,0.006729998588562012
2005-07-08,False,SPY,0.07038378897044795,IEF,0.018279941613964068,0.006730000972747802
2005-07-11,False,SPY,0.0553584165469434,IEF,0.01850811936040042,0.0063300013542175295
2005-07-12,False,IVV,0.061823809499851556,IEF,0.01577245541145733,0.0067700004577636716
2005-07-13,False,SPY,0.05668484286991338,IEF,0.016487389421131704,0.007130000591278076
2005-07-14,False,IVV,0.06992589074819211,IEF,0.009964365321445401,0.007300000190734863
2005-07-15,False,SPY,0.06645789657889578,IEF,0.00820037836979881,0.007409999370574951
2005-07-18,False,SPY,0.07569000217824184,IEF,0.0056078276954822925,0.007150001525878906
2005-07-19,False,IVV,0.06674190256367063,IEF,0.002127310048455344,0.007549998760223389
2005-07-20,False,SPY,0.06476141776454303,IEF,0.010328433299729323,0.007609999179840088
2005-07-21,False,SPY,0.056734925918150214,IEF,0.004159634552676206,0.007739999294281006
2005-07-22,False,SPY,0.055647639420600026,IEF,0.007605997178435686,0.00810999870300293
2005-07-25,False,SPY,0.05301547613996349,IEF,0.007357461285781408,0.007829999923706055
2005-07-26,False,IVV,0.0570950637545764,IEF,0.011727740168693046,0.008320000171661377
2005-07-27,False,IVV,0.05422295581442538,IEF,0.012555230690950658,0.007980000972747803
2005-07-28,False,IVV,0.07258494365629864,IEF,0.02212519660326495,0.007630000114440918
2005-07-29,False,IVV,0.05864277368382753,IEF,0.015894861906748936,0.007590000629425049
2005-08-01,False,IVV,0.06957483782845864,IEF,0.013027523153195109,0.007300000190734863
2005-08-02,False,IVV,0.07889971797700857,IEF,0.013740344424356676,0.007649998664855957
2005-08-03,False,IVV,0.07160696687697699,IEF,0.014827864548244474,0.007100000381469727
2005-08-04,False,IVV,0.05612933121776309,IEF,0.020725850242399257,0.00690000057220459
2005-08-05,False,IVV,0.03791011785529341,IEF,0.015274674543083844,0.007450001239776611
2005-08-08,False,IVV,0.03154540308250042,IEF,0.012735433913638738,0.00750999927520752
2005-08-09,False,IVV,0.039077495245713134,IEF,0.016240739639546753,0.007430000305175781
2005-08-10,False,SPY,0.033793443109614296,IEF,0.011181543738438826,0.007420001029968262
2005-08-11,False,IVV,0.039215383963089545,IEF,0.015276758088801579,0.007449998855590821
2005-08-12,False,IVV,0.03448091057034941,IEF,0.024225243959151932,0.007410001754760742
2005-08-15,False,IVV,0.0346345993196322,IEF,0.03075182291598133,0.007350001335144043
2005-08-16,False,IVV,0.019885048714473497,IEF,0.03376688015671303,0.007649998664855957
2005-08-17,False,SPY,0.026893014873323295,IEF,0.03408629816533115,0.007430000305175781
2005-08-18,False,IVV,0.017176837364837994,IEF,0.03709076255158994,0.006980001926422119
2005-08-19,False,IVV,0.01723214515203675,IEF,0.038475787061916344,0.006909999847412109
2005-08-22,False,SPY,0.02342322312685141,IEF,0.03696124319515137,0.0068999981880187985
2005-08-23,False,IVV,0.021322452930995883,IEF,0.0349389742645243,0.007130000591278076
2005-08-24,False,SPY,0.012561307535071897,IEF,0.038029242651620665,0.00687999963760376
2005-08-25,False,IVV,0.017840819020885634,IEF,0.03988270707067065,0.006779999732971192
2005-08-26,False,IVV,0.0062707285376362165,IEF,0.04582908775441297,0.006649999618530273
2005-08-29,False,IVV,0.016212684255371368,IEF,0.04416798412344991,0.007239999771118164
2005-08-30,False,IVV,0.0060978004142040465,IEF,0.04818299165026274,0.007070000171661377
2005-08-31,False,IVV,0.017472142948748104,IEF,0.05847763541955553,0.006579999923706055
2005-09-01,False,IVV,0.014961117730353024,IEF,0.05517680574836126,0.005929999351501465
2005-09-02,False,IVV,0.008807143494658165,IEF,0.053014650921219486,0.006150000095367432
2005-09-06,False,IVV,0.01850682890996569,IEF,0.04456805995628477,0.006880002021789551
2005-09-07,False,SPY,0.020675343402867696,IEF,0.03905344974144076,0.006779999732971192
2005-09-08,False,SPY,0.016711887283346716,IEF,0.03954979661678504,0.007100000381469727
2005-09-09,False,IVV,0.024586782521964334,IEF,0.04027697873072511,0.006690001487731934
2005-09-12,False,IVV,0.03676803935860051,IEF,0.033900977433350965,0.007130000591278076
2005-09-13,False,SPY,0.03933414182733408,IEF,0.04102796245224427,0.007039999961853028
2005-09-14,False,SPY,0.03407477737733644,IEF,0.03771872180577529,0.0063300013542175295
2005-09-15,False,IVV,0.02378590351208021,IEF,0.031473221252970696,0.006579999923706055
2005-09-16,False,IVV,0.03428161219955017,IEF,0.022107803032997753,0.007019999027252197
2005-09-19,False,SPY,0.03720411801959056,IEF,0.02367140508576071,0.0072300004959106445
2005-09-20,False,IVV,0.02493052051107658,IEF,0.020165827550488347,0.00813000202178955
2005-09-21,False,SPY,0.007757017420208623,IEF,0.01822680180517433,0.006180000305175781
2005-09-22,False,SPY,0.01989017281878147,IEF,0.02110448144562449,0.00568000078201294
2005-09-23,False,SPY,0.0167311815658735,IEF,0.009652397269540813,0.0054300022125244145
2005-09-26,False,IVV,0.006051495941937546,IEF,0.007625357384888343,0.006180000305175781
2005-09-27,False,SPY,0.0010451850452002365,IEF,0.015479393324350887,0.005880000591278076
2005-09-28,False,SPY,-0.0005902820008175658,IEF,0.013212899767407471,0.005290000438690185
2005-09-29,False,IVV,0.005541895214677517,IEF,0.010944734112712462,0.0062599992752075196
2005-09-30,False,SPY,0.00531903607248263,IEF,0.008553322556352994,0.006180000305175781
2005-10-03,True,IVV,0.0012058828368932684,IEF,0.0016206245278913567,0.006649999618530273
2005-10-04,True,SPY,-0.0050182757952380586,IEF,-0.003974152041201218,0.007239999771118164
2005-10-05,True,IVV,-0.023847794480697182,IEF,0.002020311480082082,0.006530001163482666
2005-10-06,True,IVV,-0.03042185290383248,IEF,-0.0003099561429200648,0.00690000057220459
2005-10-07,True,SPY,-0.021193182893730622,IEF,-0.00028988634692128645,0.006830000877380371
2005-10-10,False,IVV,-0.03600513168699959,IEF,0.00018254228276815,0.0
2005-10-11,True,SPY,-0.03454709721286142,IEF,-0.004866329396839841,0.00812999963760376
2005-10-12,True,SPY,-0.04329367042702159,IEF,-0.0015516277275757773,0.00812999963760376
2005-10-13,True,SPY,-0.04733962674177805,IEF,-0.0029880086725130317,0.008650000095367432
2005-10-14,True,SPY,-0.04330735674229058,IEF,-0.006491227699210289,0.00879999876022339
2005-10-17,True,SPY,-0.03331972835983443,IEF,-0.008956938738386877,0.008949999809265136
2005-10-18,True,SPY,-0.043093256293631144,IEF,-0.008460384729213288,0.009530000686645508
2005-10-19,True,IVV,-0.03298289849160352,IEF,-0.009818519998850528,0.01
2005-10-20,True,SPY,-0.0525108376218022,IEF,-0.009340396022865627,0.010130000114440919
2005-10-21,True,SPY,-0.041118479176115885,IEF,-0.0062347232468822344,0.009530000686645508
2005-10-24,True,SPY,-0.01960743922886099,IEF,-0.013706948288505827,0.009780001640319825
2005-10-25,True,SPY,-0.01973390793219454,IEF,-0.015332780030561044,0.010349998474121094
2005-10-26,True,SPY,-0.028461613605079705,IEF,-0.019003770366241457,0.009800000190734863
2005-10-27,True,IVV,-0.038729321067503375,IEF,-0.021199159361836806,0.009470000267028808
2005-10-28,True,SPY,-0.028347726877303914,IEF,-0.024857395148251804,0.00943000078201294
2005-10-31,True,SPY,-0.01965400117627314,IEF,-0.02064453575514036,0.009350001811981201
2005-11-01,True,SPY,-0.022751492910192073,IEF,-0.0218279728629297,0.00994999885559082
2005-11-02,True,IVV,-0.0003734934682477764,IEF,-0.02485327449465058,0.009499998092651367
2005-11-03,True,IVV,0.00332667141292764,IEF,-0.03331360508882586,0.009649999141693115
2005-11-04,True,SPY,0.0035992323192139963,IEF,-0.03970837651080161,0.009579999446868897
2005-11-07,True,SPY,0.0022886327452622535,IEF,-0.037627181571819546,0.009189999103546143
2005-11-08,True,SPY,0.0022886327452622535,IEF,-0.027251209130930043,0.009319999217987061
2005-11-09,True,IVV,0.005133769067311,IEF,-0.03498329575910075,0.00945000171661377
2005-11-10,False,SPY,0.022410378069701586,IEF,-0.0322663451640699,0.009249999523162841
2005-11-11,False,SPY,0.0221792346683356,IEF,-0.029313360328398486,0.0
2005-11-14,False,SPY,0.028623142641233335,IEF,-0.03308660785502082,0.009549999237060547
2005-11-15,False,IVV,0.01668949883824844,IEF,-0.023624462403569302,0.009779999256134033
2005-11-16,False,SPY,0.024499877930140634,IEF,-0.016052655456455955,0.009749999046325683
2005-11-17,False,IVV,0.02054205469252257,IEF,-0.013015122353270403,0.009500000476837158
2005-11-18,False,IVV,0.0257246642701201,IEF,-0.015036973197222081,0.009570000171661376
2005-11-21,False,SPY,0.032921257124298275,IEF,-0.016236334704525457,0.009930000305175782
2005-11-22,False,SPY,0.025365353788326495,IEF,-0.01166831734489615,0.009189999103546143
2005-11-23,False,IVV,0.028684898108744195,IEF,-0.012775277597073198,0.009319999217987061
2005-11-25,False,IVV,0.03316328741757513,IEF,-0.012919813134400826,0.009019999504089356
2005-11-28,False,SPY,0.017394454258462533,IEF,-0.019019083734160058,0.00868000030517578
2005-11-29,False,SPY,0.0183093059821684,IEF,-0.02338987036067397,0.0088700008392334
2005-11-30,False,IVV,0.01754005395730318,IEF,-0.026213704296551787,0.008570001125335694
2005-12-01,False,IVV,0.03249538594099333,IEF,-0.02918679553418746,0.008420000076293946
2005-12-02,False,SPY,0.03442929753598256,IEF,-0.024219656224667818,0.008169999122619629
2005-12-05,False,IVV,0.0248787864928246,IEF,-0.02682445016433055,0.008470001220703125
2005-12-06,False,SPY,0.030302973892510243,IEF,-0.02560690497108331,0.00871999979019165
2005-12-07,False,SPY,0.03301961222551264,IEF,-0.01774114065892396,0.008400001525878907
2005-12-08,False,IVV,0.04108744554921295,IEF,-0.009450169958506005,0.007079999446868896
2005-12-09,False,IVV,0.03903751834492564,IEF,-0.01591466403862496,0.007220001220703125
2005-12-12,False,SPY,0.04125496104303106,IEF,-0.02045052255674562,0.007450001239776611
2005-12-13,False,SPY,0.04712914535833934,IEF,-0.01453126864117349,0.007319998741149902
2005-12-14,False,IVV,0.05067747601192374,IEF,-0.00789837355698697,0.007070000171661377
2005-12-15,False,IVV,0.04708344227600336,IEF,-0.006651859002233418,0.007049999237060547
2005-12-16,False,SPY,0.03562539974540835,IEF,-0.0039331276935301585,0.00687000036239624
2005-12-19,False,SPY,0.027116206689465905,IEF,-0.0020507760177687073,0.007079999446868896
2005-12-20,False,SPY,0.03178684998171066,IEF,-0.003954555276203697,0.007090001106262207
2005-12-21,False,SPY,0.04519154500863931,IEF,-0.0036297591833954757,0.007119998931884765
2005-12-22,False,SPY,0.06462910749220363,IEF,-0.001096099416463936,0.006800000667572022
2005-12-23,False,SPY,0.06905951723622783,IEF,-0.0005867320301269352,0.006670000553131103
2005-12-27,False,IVV,0.05354182326503554,IEF,0.01164178662109605,0.006090002059936523
2005-12-28,False,IVV,0.06585348845104644,IEF,0.003797578446123051,0.005690000057220459
2005-12-29,False,IVV,0.06122116455619975,IEF,0.006769032161891841,0.005969998836517334
2005-12-30,False,IVV,0.06396291882448146,IEF,0.006419932105712123,0.0062599992752075196
2006-01-03,False,IVV,0.08285689935288021,IEF,0.00771969208346257,0.0069499993324279785
2006-01-04,False,IVV,0.07840453746719134,IEF,0.005144013895872268,0.007669997215270996
2006-01-05,False,SPY,0.07510091902129123,IEF,0.011428875352818224,0.00758000135421753
2006-01-06,False,SPY,0.09591690127136165,IEF,0.012129746759562243,0.007519998550415039
2006-01-09,False,SPY,0.08075328043463115,IEF,0.013572692548969645,0.007150001525878906
2006-01-10,False,IVV,0.10079303456159994,IEF,0.006961703042080769,0.007920000553131103
2006-01-11,False,SPY,0.10044443360670297,IEF,0.005147489139076145,0.008119997978210449
2006-01-12,False,IVV,0.07795577331103587,IEF,0.014166140379220593,0.007679998874664307
2006-01-13,False,IVV,0.07993310471476711,IEF,0.021322626002606482,0.007919998168945312
2006-01-17,False,IVV,0.08048532647031492,IEF,0.01961560529299855,0.007969999313354492
2006-01-18,False,IVV,0.08775901053685087,IEF,0.02046406245145227,0.00813000202178955
2006-01-19,False,SPY,0.07671224891660944,IEF,0.013574521635577819,0.00820000171661377
2006-01-20,False,IVV,0.05285367131155261,IEF,0.011186837427612284,0.008189997673034667
2006-01-23,False,SPY,0.05477731082087489,IEF,0.01225989033123609,0.00820000171661377
2006-01-24,False,SPY,0.044935119964524484,IEF,0.0058184300206509665,0.008430001735687255
2006-01-25,False,SPY,0.04139520360499316,IEF,0.0034926329517015464,0.00872000217437744
2006-01-26,False,IVV,0.04842206034267793,IEF,-0.003969003653869874,0.009219996929168701
2006-01-27,False,SPY,0.05719854302591454,IEF,-0.002665233525464994,0.009089999198913574
2006-01-30,False,IVV,0.05627932410768732,IEF,-0.005635998784406682,0.009200000762939453
2006-01-31,False,SPY,0.04727435146271919,IEF,-0.006071982087092143,0.00929999828338623
2006-02-01,False,IVV,0.04609120716379933,IEF,-0.009599841964579303,0.009319999217987061
2006-02-02,False,SPY,0.030807749476056134,IEF,-0.010180429534114355,0.009270000457763671
2006-02-03,False,IVV,0.02570494819967184,IEF,-0.005559957305040664,0.008949999809265136
2006-02-06,False,SPY,0.03270918731162609,IEF,-0.007696015037164328,0.008620002269744874
2006-02-07,False,IVV,0.019004019401846595,IEF,-0.013520710120942692,0.009049999713897704
2006-02-08,False,SPY,0.021270424915632802,IEF,-0.020519197474503037,0.009620001316070556
2006-02-09,False,SPY,0.015584454767750833,IEF,-0.02053025254970331,0.010319998264312744
2006-02-10,False,IVV,0.012190118251254933,IEF,-0.023593734037362313,0.010480000972747802
2006-02-13,False,SPY,0.006176605563238624,IEF,-0.02052098602670649,0.010119998455047607
2006-02-14,False,IVV,0.010770799933727648,IEF,-0.0187402776734219,0.010420000553131104
2006-02-15,False,IVV,0.01360925662986201,IEF,-0.016956420609193334,0.010340001583099365
2006-02-16,False,IVV,0.02806057783060112,IEF,-0.018235779304195177,0.010329997539520264
2006-02-17,False,IVV,0.02656263254849689,IEF,-0.011789894538780432,0.010120000839233399
2006-02-21,False,SPY,0.029990792235756958,IEF,-0.015982799626120037,0.010410001277923584
2006-02-22,False,IVV,0.025044834378953773,IEF,-0.0102141751092375,0.011070001125335693
2006-02-23,False,IVV,0.022243780221106624,IEF,-0.009580500135415781,0.011220002174377441
2006-02-24,False,SPY,0.027776896611886537,IEF,-0.006925541349515174,0.010729999542236328
2006-02-27,False,SPY,0.026228567421663573,IEF,-0.01082696693408658,0.01049999713897705
2006-02-28,False,IVV,0.02171346377713701,IEF,-0.0060582970419437165,0.009819998741149902
2006-03-01,False,SPY,0.03218849295215054,IEF,-0.01255375021923233,0.011449999809265136
2006-03-02,False,SPY,0.02941273003567657,IEF,-0.01719358249940206,0.011069998741149903
2006-03-03,False,SPY,0.023666496618480304,IEF,-0.014155000068450607,0.011019999980926514
2006-03-06,False,IVV,0.011778991484258095,IEF,-0.014726945079933662,0.010400002002716064
2006-03-07,False,IVV,0.005857936428131261,IEF,-0.01482711629002087,0.010769999027252198
2006-03-08,False,SPY,0.011611604463813707,IEF,-0.016319487024848867,0.010980000495910644
2006-03-09,False,SPY,0.008072400531385693,IEF,-0.013147677665884872,0.010169999599456787
2006-03-10,False,IVV,0.022881419929496438,IEF,-0.012277111785318207,0.010199997425079346
2006-03-13,False,IVV,0.02372568014180998,IEF,-0.009319939118267229,0.01007000207901001
2006-03-14,False,IVV,0.032085699191956696,IEF,-0.004093081069843407,0.00942000150680542
2006-03-15,False,SPY,0.03212555751078172,IEF,-0.008277383401508076,0.010099999904632569
2006-03-16,False,IVV,0.03332017696973866,IEF,-0.0006813998278768496,0.009800000190734863
2006-03-17,False,SPY,0.045185483275199,IEF,-0.004044281884173606,0.009840002059936523
2006-03-20,False,SPY,0.041182266724162364,IEF,-0.0023458048765667705,0.0
2006-03-21,False,SPY,0.03926308998694927,IEF,-0.004563757820964742,0.010069999694824219
2006-03-22,False,SPY,0.05130991281485997,IEF,0.00046105306953858616,0.009519999027252197
2006-03-23,False,SPY,0.030997552457347144,IEF,-0.0005372899085271943,0.008849999904632568
2006-03-24,False,SPY,0.026926427699203614,IEF,0.00384696932456996,0.008329999446868897
2006-03-27,False,SPY,0.02478443877735792,IEF,0.002854994984746284,0.00820000171661377
2006-03-28,False,IVV,0.010058706044077992,IEF,-0.003456363294180531,0.007569999694824219
2006-03-29,False,SPY,0.013800417917608554,IEF,-0.005621020907726648,0.007449998855590821
2006-03-30,False,SPY,0.010986830034295014,IEF,-0.009133520044196541,0.007250001430511474
2006-03-31,False,IVV,0.006917125518639988,IEF,-0.01277029811727226,0.007499997615814209
2006-04-03,False,SPY,0.011226091844832142,IEF,-0.00962030737499775,0.0076199984550476075
2006-04-04,False,SPY,0.018645018917797573,IEF,-0.004859423121648332,0.007150001525878906
2006-04-05,False,SPY,0.024943246601414337,IEF,0.0013163166915264313,0.007419998645782471
2006-04-06,False,IVV,0.027580978644760945,IEF,-0.003794752356226838,0.007599999904632568
2006-04-07,False,SPY,0.013600863363198323,IEF,-0.007259272679952522,0.007369997501373291
2006-04-10,False,SPY,0.03402301171988564,IEF,-0.006748266362756494,0.0076199984550476075
2006-04-11,False,SPY,0.021607389644322517,IEF,-0.004282617811821932,0.007100000381469727
2006-04-12,False,IVV,0.022187685340892216,IEF,-0.004571050971409307,0.007449998855590821
2006-04-13,False,SPY,0.02022587296267586,IEF,-0.006374704068154657,0.007300002574920654
2006-04-17,False,IVV,0.013413215950033308,IEF,-0.0020606297273166874,0.007120001316070557
2006-04-18,False,IVV,0.02073770620146176,IEF,-0.000670243322475006,0.007700002193450928
2006-04-19,False,SPY,0.023596509515190434,IEF,-0.008439765906692154,0.007400002479553223
2006-04-20,False,IVV,0.03187123126310887,IEF,-0.004008693208697456,0.007250001430511474
2006-04-21,False,IVV,0.02449624960519614,IEF,-0.007572187296450594,0.00753000020980835
2006-04-24,False,IVV,0.035634825699231376,IEF,-0.0075434820461727226,0.0
2006-04-25,False,SPY,0.03657616426176169,IEF,-0.00937370101810242,0.007730002403259277
2006-04-26,False,SPY,0.03411202862520524,IEF,-0.013210742406105203,0.007420001029968262
2006-04-27,False,SPY,0.04838318900967975,IEF,-0.01550118024714453,0.007450001239776611
2006-04-28,False,IVV,0.041895041798119204,IEF,-0.015683774371964998,0.007380001544952393
2006-05-01,False,SPY,0.03566613257765794,IEF,-0.018662081579640222,0.007349998950958252
2006-05-02,False,IVV,0.04140202452042763,IEF,-0.018953192459303603,0.007870001792907715
2006-05-03,False,IVV,0.038780430516851094,IEF,-0.023695450373741322,0.008650000095367432
2006-05-04,False,SPY,0.03234708460523694,IEF,-0.021731901107650886,0.008199999332427979
2006-05-05,False,SPY,0.037807761441498444,IEF,-0.022337636125222438,0.008430001735687255
2006-05-08,False,SPY,0.028850093731124016,IEF,-0.023132836323584316,0.008699998855590821
2006-05-09,False,SPY,0.03367244577634598,IEF,-0.01811201209537261,0.00868000030517578
2006-05-10,False,IVV,0.03564322966603273,IEF,-0.017150967930990246,0.008949997425079346
2006-05-11,False,SPY,0.017024419638850263,IEF,-0.016651467893141647,0.00818000078201294
2006-05-12,False,SPY,0.005221053056433389,IEF,-0.02115894016171782,0.008149998188018799
2006-05-15,False,SPY,0.004674568352027508,IEF,-0.016109483886800113,0.007869999408721923
2006-05-16,True,IVV,0.00242330922809586,IEF,-0.017056423247779895,0.007749998569488525
2006-05-17,True,SPY,-0.0068281623990440465,IEF,-0.019282020480849038,0.007769997119903564
2006-05-18,True,SPY,-0.02054627702866363,IEF,-0.01656507342586422,0.008619997501373291
2006-05-19,True,SPY,-0.013563380701208994,IEF,-0.01279476969245985,0.008550000190734864
2006-05-22,True,IVV,-0.01695678733873507,IEF,-0.009179863845793279,0.008570001125335694
2006-05-23,True,SPY,-0.019522853172928345,IEF,-0.011934276435254465,0.008849999904632568
2006-05-24,True,SPY,-0.010145156782811027,IEF,-0.016620988630826283,0.009000000953674316
2006-05-25,True,IVV,-0.0007168524701249845,IEF,-0.01690920212257052,0.008570001125335694
2006-05-26,False,IVV,0.010654924165844681,IEF,-0.01782253690557123,0.00879999876022339
2006-05-30,False,SPY,-0.015464642809604134,IEF,-0.01925971460892406,0.008370001316070557
2006-05-31,False,SPY,-0.0063109161629144594,IEF,-0.020660939317768023,0.008280000686645507
2006-06-01,True,SPY,-0.007205374303274503,IEF,-0.017729613614904993,0.008149998188018799
2006-06-02,True,SPY,-0.00953649512679211,IEF,-0.0140436217221932,0.0078000020980834965
2006-06-05,True,SPY,-0.025982982841857738,IEF,-0.018338654023652756,0.008070001602172852
2006-06-06,True,IVV,-0.029888864757674938,IEF,-0.022148176478228865,0.008599998950958252
2006-06-07,True,SPY,-0.034890079053683576,IEF,-0.02047143999669354,0.008699998855590821
2006-06-08,True,SPY,-0.029632055697272897,IEF,-0.020305974475232413,0.008230001926422119
2006-06-09,True,SPY,-0.03857988734818829,IEF,-0.01823238726933074,0.00762000322341919
2006-06-12,True,IVV,-0.0482023305616478,IEF,-0.018598876807558562,0.007620000839233398
2006-06-13,True,SPY,-0.05882741209301956,IEF,-0.01901935911937369,0.00690000057220459
2006-06-14,True,IVV,-0.05028772905810697,IEF,-0.0257852660651261,0.006700000762939453
2006-06-15,True,IVV,-0.02441486563086881,IEF,-0.02669011398316745,0.006129999160766602
2006-06-16,True,SPY,-0.03713799459418565,IEF,-0.027758237213973747,0.006279997825622559
2006-06-19,True,IVV,-0.04403282082525928,IEF,-0.02490121396353817,0.005780000686645508
2006-06-20,True,SPY,-0.03998697674341145,IEF,-0.023178971334224974,0.006080002784729004
2006-06-21,True,SPY,-0.032124234283611,IEF,-0.026799695821366987,0.005799999237060547
2006-06-22,True,SPY,-0.042508962211734946,IEF,-0.03422428188346305,0.005550003051757813
2006-06-23,True,IVV,-0.04625755860198677,IEF,-0.03621636007169449,0.006030001640319824
2006-06-26,True,SPY,-0.040708888339826665,IEF,-0.03716273800166414,0.006029996871948242
2006-06-27,True,IVV,-0.03963755811781211,IEF,-0.032215038630048376,0.006679997444152832
2006-06-28,True,SPY,-0.03421151307895365,IEF,-0.03696656345767879,0.006180000305175781
2006-06-29,True,IVV,-0.00706349744085466,IEF,-0.032748591106297686,0.006179995536804199
2006-06-30,True,SPY,-0.008049547809551139,IEF,-0.027747806269657005,0.00565000057220459
2006-07-03,True,IVV,-0.0028502191868009508,IEF,-0.022158472346393232,0.005780000686645508
2006-07-05,True,SPY,-0.007992313289740594,IEF,-0.023599223051556928,0.0053800010681152345
2006-07-06,True,IVV,-0.020853198686853758,IEF,-0.021240513419928386,0.0053299999237060545
2006-07-07,True,SPY,-0.028869163345824123,IEF,-0.016056427239394155,0.0053299999237060545
2006-07-10,True,IVV,-0.028577999155267708,IEF,-0.01673611053996349,0.00505000114440918
2006-07-11,True,SPY,-0.024223032022386848,IEF,-0.012590086023651637,0.005529999732971191
2006-07-12,True,SPY,-0.03286901094185757,IEF,-0.011730630697259103,0.0056300020217895505
2006-07-13,True,SPY,-0.0446570393609349,IEF,-0.012498178463550613,0.005529999732971191
2006-07-14,True,SPY,-0.048573484376115306,IEF,-0.010334036760444754,0.005679998397827148
2006-07-17,True,SPY,-0.05452863676881714,IEF,-0.009998830098052136,0.005580000877380371
2006-07-18,True,SPY,-0.05287925619201339,IEF,-0.013212821855001833,0.006079998016357422
2006-07-19,True,IVV,-0.032283382315290376,IEF,-0.007900506669271667,0.005729999542236328
2006-07-20,True,IVV,-0.04582582663383816,IEF,-0.0029246500912105677,0.005199999809265137
2006-07-21,True,SPY,-0.048835928894680025,IEF,-0.0035413786917012358,0.005230002403259278
2006-07-24,True,IVV,-0.03530395708895151,IEF,-0.0020918966099390257,0.004980001449584961
2006-07-25,True,SPY,-0.03999498780848043,IEF,-0.004887496805569547,0.005679998397827148
2006-07-26,True,IVV,-0.03770413640882675,IEF,-0.001942246734999209,0.005399999618530274
2006-07-27,True,IVV,-0.04065430916521551,IEF,-0.005435629221139937,0.005279998779296875
2006-07-28,True,SPY,-0.030209883656061476,IEF,-0.0015302958491656415,0.004749999046325683
2006-07-31,True,SPY,-0.019357808087087425,IEF,-0.003662847514767531,0.004829998016357422
2006-08-01,True,SPY,-0.01127873260351231,IEF,-0.001024822373358547,0.005079998970031739
2006-08-02,True,IVV,-0.007065603530181042,IEF,0.0010453348082983815,0.004830002784729004
2006-08-03,True,IVV,-0.0035207636607572645,IEF,0.0032309521839704036,0.004800000190734863
2006-08-04,False,IVV,0.013797812002124266,IEF,0.004166869153489072,0.004380002021789551
2006-08-07,False,SPY,0.017869638104237806,IEF,0.0047922634638915,0.004829998016357422
2006-08-08,False,SPY,0.006869919359592247,IEF,0.008948823302884712,0.004879999160766602
2006-08-09,False,IVV,0.010512128896422501,IEF,0.01091338876690906,0.004429998397827148
2006-08-10,False,IVV,0.021444262850345064,IEF,0.014378779343152015,0.004499998092651367
2006-08-11,False,SPY,0.011106922097484873,IEF,0.010644524738933514,0.004530000686645508
2006-08-14,False,SPY,-0.00045569045143989406,IEF,0.008407337079402222,0.004699997901916504
2006-08-15,False,SPY,0.006375828809745965,IEF,0.012271462737789784,0.004850001335144043
2006-08-16,False,SPY,0.0330947698353774,IEF,0.018489265908095964,0.0044000005722045895
2006-08-17,False,IVV,0.023728630226063974,IEF,0.019111648363257183,0.004629998207092285
2006-08-18,False,IVV,0.019022221389207283,IEF,0.016008686307483977,0.004829998016357422
2006-08-21,False,SPY,0.013218087422155023,IEF,0.019110325622053947,0.004549999237060547
2006-08-22,False,SPY,0.028123982660538616,IEF,0.013057799147764282,0.004730000495910645
2006-08-23,False,IVV,0.027654512441281476,IEF,0.014160075290156504,0.004429998397827148
2006-08-24,False,SPY,0.034665757320544,IEF,0.013179722775377822,0.0042499971389770505
2006-08-25,False,SPY,0.0368496625310224,IEF,0.01873669446979065,0.003980002403259277
2006-08-28,False,IVV,0.04509062191836177,IEF,0.01737490635055483,0.003930001258850097
2006-08-29,False,SPY,0.05780434465309625,IEF,0.020846100920294264,0.003880000114440918
2006-08-30,False,SPY,0.07088898951322142,IEF,0.017624310317235325,0.0038500022888183594
2006-08-31,False,IVV,0.062441658724922355,IEF,0.02121342850879393,0.003880000114440918
2006-09-01,False,SPY,0.0466294248897019,IEF,0.027728476262406376,0.003580002784729004
2006-09-05,False,IVV,0.05575724559683226,IEF,0.025357873662775754,0.0034800004959106446
2006-09-06,False,SPY,0.05530854957115072,IEF,0.027623933686002022,0.003449997901916504
2006-09-07,False,SPY,0.04690196173672301,IEF,0.027621131295156864,0.0031500005722045897
2006-09-08,False,IVV,0.0410850416622901,IEF,0.029763653881561547,0.002730002403259277
2006-09-11,False,IVV,0.04777049503900832,IEF,0.027754422688311964,0.002579998970031738
2006-09-12,False,IVV,0.05799366742604661,IEF,0.02823446902464588,0.002330002784729004
2006-09-13,False,IVV,0.05765869279731639,IEF,0.03215146762406751,0.0022800016403198243
2006-09-14,False,SPY,0.06714539330211244,IEF,0.034858898090720736,0.0024800014495849607
2006-09-15,False,IVV,0.06230528309339434,IEF,0.03295037720054683,0.0024800014495849607
2006-09-18,False,SPY,0.042830980525644824,IEF,0.029532027798544913,0.0023299980163574217
2006-09-19,False,IVV,0.03990590880722733,IEF,0.03812221578436459,0.0023800039291381834
2006-09-20,False,IVV,0.04035918017147688,IEF,0.043923217922029245,0.0023299980163574217
2006-09-21,False,SPY,0.04233816815818958,IEF,0.04736116853718686,0.0020799970626831053
2006-09-22,False,SPY,0.0361596707115468,IEF,0.047144118239413446,0.0019299983978271484
2006-09-25,False,IVV,0.05019325230986671,IEF,0.05365728663365554,0.001679997444152832
2006-09-26,False,SPY,0.05768596025862971,IEF,0.05192046828945429,0.001529998779296875
2006-09-27,False,IVV,0.05428685359283869,IEF,0.049457441613711906,0.00125
2006-09-28,False,SPY,0.06527563001817915,IEF,0.04715553815088058,0.0011799955368041993
2006-09-29,False,IVV,0.08143839421511001,IEF,0.052650478309994586,0.0010500001907348634
2006-10-02,False,IVV,0.08123060892217526,IEF,0.05503100315597509,0.0010300016403198243
2006-10-03,False,IVV,0.08593943664263493,IEF,0.05202653048004602,0.0011800003051757812
2006-10-04,False,SPY,0.09311408896255968,IEF,0.05501372985193287,0.0014499998092651367
2006-10-05,False,SPY,0.08023370651966988,IEF,0.05706715089399239,0.001530003547668457
2006-10-06,False,IVV,0.08609558706265141,IEF,0.04963397135041281,0.0012799978256225586
2006-10-09,False,IVV,0.09387565990644275,IEF,0.05235107104048553,0.0
2006-10-10,False,SPY,0.07649880748307258,IEF,0.046641278460338054,0.001830000877380371
2006-10-11,False,IVV,0.07113596442324877,IEF,0.042891969124190465,0.00190000057220459
2006-10-12,False,IVV,0.07915060935270768,IEF,0.043007390083925845,0.002200002670288086
2006-10-13,False,IVV,0.08297013711174261,IEF,0.041618811701397584,0.0016499996185302735
2006-10-16,False,IVV,0.07387844571558477,IEF,0.042877326443122366,0.0017799997329711913
2006-10-17,False,SPY,0.07164544146519258,IEF,0.04584410876493861,0.0025499963760375974
2006-10-18,False,IVV,0.0779659699675308,IEF,0.04951754173941292,0.002430000305175781
2006-10-19,False,IVV,0.0725928505361566,IEF,0.0463962429786573,0.002630000114440918
2006-10-20,False,SPY,0.07025280506416398,IEF,0.04223357677503836,0.002430000305175781
2006-10-23,False,SPY,0.07702497429041855,IEF,0.04230102411306769,0.002630000114440918
2006-10-24,False,IVV,0.08245334141137017,IEF,0.03632375710382196,0.0028299999237060545
2006-10-25,False,SPY,0.09064020033234987,IEF,0.04076128495325948,0.0028800010681152345
2006-10-26,False,SPY,0.09773489100898503,IEF,0.042878022820611816,0.002929997444152832
2006-10-27,False,SPY,0.08751338220402838,IEF,0.04667659227552856,0.0025300025939941407
2006-10-30,False,IVV,0.08929157484916228,IEF,0.0456262914697787,0.002430000305175781
2006-10-31,False,IVV,0.08835820427097252,IEF,0.05198480414173545,0.002430000305175781
2006-11-01,False,IVV,0.06823442978159378,IEF,0.054722942019958865,0.0022300004959106444
2006-11-02,False,IVV,0.05787078038738791,IEF,0.05272026706613353,0.0023799991607666017
2006-11-03,False,IVV,0.054536794671461,IEF,0.0479798599860084,0.0023999977111816406
2006-11-06,False,SPY,0.06119214203463308,IEF,0.04724655987121085,0.002330002784729004
2006-11-07,False,IVV,0.06916732535718251,IEF,0.04274887510816594,0.002630000114440918
2006-11-08,False,IVV,0.0711800033283716,IEF,0.047088138967742665,0.002579998970031738
2006-11-09,False,SPY,0.06957218423195943,IEF,0.046055107142527696,0.0022300004959106444
2006-11-10,False,IVV,0.07087952418292565,IEF,0.04975477794858563,0.0022300004959106444
2006-11-13,False,IVV,0.07196129792550954,IEF,0.047820897174536636,0.0021000003814697268
2006-11-14,False,IVV,0.07464437368045718,IEF,0.04737257829189612,0.0020799970626831053
2006-11-15,False,IVV,0.07608890458609352,IEF,0.04499358618052973,0.001679997444152832
2006-11-16,False,IVV,0.07865969634422565,IEF,0.04093506045710371,0.001830000877380371
2006-11-17,False,SPY,0.07958970556430933,IEF,0.05171244036459233,0.0018499994277954102
2006-11-20,False,SPY,0.07379345318717445,IEF,0.0547025783842221,0.002050004005432129
2006-11-21,False,IVV,0.07230639564693964,IEF,0.05688201277282001,0.0018499994277954102
2006-11-22,False,IVV,0.08429851467770066,IEF,0.05971923174249549,0.0016499996185302735
2006-11-24,False,IVV,0.08423684560262634,IEF,0.06165889232847244,0.0010500001907348634
2006-11-27,False,IVV,0.06697177780955155,IEF,0.06280809637122808,0.0012000036239624024
2006-11-28,False,IVV,0.07012500319794368,IEF,0.06818289885071449,0.0013000011444091798
2006-11-29,False,IVV,0.0711943192290172,IEF,0.06784246901309143,0.0007000017166137695
2006-11-30,False,SPY,0.06752356765340695,IEF,0.07413422393222358,0.00039999961853027344
2006-12-01,False,IVV,0.0646758810740582,IEF,0.07379587828046064,-0.00019999980926513672
2006-12-04,False,IVV,0.07050639485714605,IEF,0.07716965167545764,0.0
2006-12-05,False,IVV,0.07360040303296533,IEF,0.07132239246189576,-0.00014999866485595703
2006-12-06,False,IVV,0.0755951336994265,IEF,0.06593301274856,-5.000114440917969e-05
2006-12-07,False,SPY,0.06527836914060536,IEF,0.06605657996724301,-0.00045000076293945314
2006-12-08,False,IVV,0.07199924958001502,IEF,0.0650765544696692,-0.00039999961853027344
2006-12-11,False,SPY,0.07880108831915345,IEF,0.06506047409838378,-0.0005499982833862305
2006-12-12,False,IVV,0.06944994035381202,IEF,0.06364761739603764,-0.0007000017166137695
2006-12-13,False,IVV,0.061945945167883876,IEF,0.057388350923860854,-0.0005999994277954101
2006-12-14,False,IVV,0.06920005163348408,IEF,0.05455547668692606,-0.0009999990463256836
2006-12-15,False,IVV,0.06910931595054848,IEF,0.05389139719268954,-0.0015000009536743164
2006-12-18,False,SPY,0.06857980836494093,IEF,0.05204177553313083,-0.001100001335144043
2006-12-19,False,IVV,0.07422700249812841,IEF,0.051007595172405384,-0.0008500003814697265
2006-12-20,False,SPY,0.07177533613953169,IEF,0.05166730937466335,-0.0010500001907348634
2006-12-21,False,SPY,0.05550726922604943,IEF,0.05953831515885177,-0.0016499996185302735
2006-12-22,False,IVV,0.04653377992097418,IEF,0.04805364521857536,-0.0011999988555908203
2006-12-26,False,SPY,0.05450596739182534,IEF,0.04660767823187917,-0.0009500026702880859
2006-12-27,False,IVV,0.06007858177018077,IEF,0.044463657974685766,-0.0010000038146972656
2006-12-28,False,IVV,0.056886128004034475,IEF,0.04206272544538381,-0.0008000040054321289
2006-12-29,False,SPY,0.05402314521904228,IEF,0.04258768808968716,-0.0011499977111816405
2007-01-03,False,IVV,0.04228303434544434,IEF,0.04304228842498481,-0.0005499982833862305
2007-01-04,False,SPY,0.04266533855948729,IEF,0.046954761108108256,-0.0005499982833862305
2007-01-05,False,SPY,0.03276059453487079,IEF,0.040722346586509195,-0.00010000228881835937
2007-01-08,False,SPY,0.0408084562995481,IEF,0.039812489915181715,-0.0002500009536743164
2007-01-09,False,IVV,0.03831170329105338,IEF,0.039318540722018236,-0.00039999961853027344
2007-01-10,False,IVV,0.04003823692677222,IEF,0.03666483971508305,-0.00015000343322753905
2007-01-11,False,SPY,0.04466552891054598,IEF,0.03364785597289699,-4.9996376037597654e-05
2007-01-12,False,SPY,0.04777817412160301,IEF,0.02645576622413981,9.999752044677735e-05
2007-01-16,False,IVV,0.04258967553398252,IEF,0.029842488592329186,-0.00014999866485595703
2007-01-17,False,IVV,0.03867850704854603,IEF,0.02771700162363011,5.000114440917969e-05
2007-01-18,False,SPY,0.03281566671786118,IEF,0.02959691819631738,0.00045000076293945314
2007-01-19,False,SPY,0.04137269482797601,IEF,0.027718113041600434,0.0008500003814697265
2007-01-22,False,IVV,0.03889286568301409,IEF,0.032892019539106254,0.0005499982833862305
2007-01-23,False,SPY,0.042133877234094674,IEF,0.031662304195384294,0.0005000019073486328
2007-01-24,False,IVV,0.05762283465489171,IEF,0.026844527013199615,0.00029999732971191406
2007-01-25,False,SPY,0.04585953108502161,IEF,0.018589721368395207,0.0007000017166137695
2007-01-26,False,SPY,0.046739804110651484,IEF,0.01871458784068647,0.00039999961853027344
2007-01-29,False,IVV,0.03446937425863794,IEF,0.015233909803183288,0.00034999847412109375
2007-01-30,False,IVV,0.03580891490561222,IEF,0.014988423463990985,0.00039999961853027344
2007-01-31,False,SPY,0.04060821367569689,IEF,0.018338750325437525,9.999752044677735e-05
2007-02-01,False,SPY,0.05236462958970489,IEF,0.018596600287703158,0.00029999732971191406
2007-02-02,False,IVV,0.05248981491845717,IEF,0.018476421596427484,0.00045000076293945314
2007-02-05,False,SPY,0.05106825359953504,IEF,0.018230918246063377,0.00029999732971191406
2007-02-06,False,IVV,0.04320787776816459,IEF,0.021214732102490474,0.0005000019073486328
2007-02-07,False,SPY,0.04284433129863752,IEF,0.022582637396436622,0.0007500028610229492
2007-02-08,False,IVV,0.03813420879770457,IEF,0.02158847606894554,0.0009499979019165039
2007-02-09,False,IVV,0.03076515380979128,IEF,0.01712801904222916,0.001099996566772461
2007-02-12,False,SPY,0.026684678859218547,IEF,0.014258414099157068,0.0013499975204467774
2007-02-13,False,IVV,0.033865936250228046,IEF,0.016853236432345042,0.0017500019073486328
2007-02-14,False,IVV,0.03865124389731478,IEF,0.02343725274352182,0.0018000030517578126
2007-02-15,False,SPY,0.0446194209689732,IEF,0.024301508011567607,0.00190000057220459
2007-02-16,False,SPY,0.05867568980118398,IEF,0.024419717817934394,0.002300000190734863
2007-02-20,False,SPY,0.05634960583549997,IEF,0.027538408370810563,0.0022499990463256837
2007-02-21,False,SPY,0.04501592385963815,IEF,0.02453791796853566,0.0025499963760375974
2007-02-22,False,IVV,0.04331154784800062,IEF,0.02094145307050077,0.002649998664855957
2007-02-23,False,SPY,0.04200178341721572,IEF,0.02702428091597442,0.002300000190734863
2007-02-26,False,SPY,0.03318646256752267,IEF,0.03087742950843797,0.002300000190734863
2007-02-27,False,SPY,-0.011435936868239516,IEF,0.04108657365606616,0.0018499994277954102
2007-02-28,False,SPY,-0.00045727446580889897,IEF,0.0313132907691529,0.0017499971389770509
2007-03-01,False,IVV,0.0003507079784930145,IEF,0.0319925514900774,0.0017999982833862304
2007-03-02,False,SPY,-0.013982076336176319,IEF,0.027979531837175164,0.0018499994277954102
2007-03-05,False,IVV,-0.026717120062680455,IEF,0.02550612939090624,0.001700000762939453
2007-03-06,False,SPY,-0.008761459197702326,IEF,0.02072387704363976,0.002049999237060547
2007-03-07,False,IVV,-0.011650246515005347,IEF,0.02513343608411045,0.0019999980926513673
2007-03-08,False,SPY,-0.011150224943010767,IEF,0.025258703407970984,0.0019500017166137694
2007-03-09,False,SPY,-0.010959340190551226,IEF,0.02047638491207482,0.0021000003814697268
2007-03-12,False,SPY,-0.006762795122487342,IEF,0.02440662836285523,0.0018999958038330078
2007-03-13,False,SPY,-0.02791465841583829,IEF,0.02714010757310037,0.0017499971389770509
2007-03-14,False,SPY,-0.02012113602093979,IEF,0.025915370268258187,0.0013999986648559571
2007-03-15,False,IVV,-0.015567451744642358,IEF,0.020139783972785708,0.0009999990463256836
2007-03-16,False,SPY,-0.011869051117206708,IEF,0.02357942689471315,0.0008500003814697265
2007-03-19,False,IVV,-0.006131195886343477,IEF,0.027800806780831522,0.0008500003814697265
2007-03-20,False,SPY,-0.006882191616923161,IEF,0.02803368733978595,0.0
2007-03-21,False,IVV,0.011368966965781269,IEF,0.035771821831324324,0.0005499982833862305
2007-03-22,False,IVV,0.014929984042820754,IEF,0.03356422546911708,0.00034999847412109375
2007-03-23,False,SPY,0.01831181610827115,IEF,0.03132499482002604,5.000114440917969e-05
2007-03-26,False,IVV,0.01450602891337982,IEF,0.03395490368158249,9.999752044677735e-05
2007-03-27,False,IVV,0.019288498089270245,IEF,0.031944233104046926,-9.999752044677735e-05
2007-03-28,False,IVV,0.0082946056092994,IEF,0.030690498191831228,-0.00039999961853027344
2007-03-29,False,IVV,0.010144982437610972,IEF,0.029456846522869062,-0.0004499959945678711
2007-03-30,False,SPY,0.0072290145391178395,IEF,0.02909497938838501,-0.0006500005722045899
2007-04-02,False,IVV,0.003756704077044315,IEF,0.030489773032811307,-0.0004499959945678711
2007-04-03,False,SPY,0.00712045069503775,IEF,0.03251067259960072,-0.0006499958038330079
2007-04-04,False,IVV,0.009508985782744173,IEF,0.03274660093705939,-0.0008499956130981445
2007-04-05,False,SPY,0.01253025284414555,IEF,0.026375182230678362,-0.0009000015258789063
2007-04-09,False,SPY,0.017348759636580002,IEF,0.01819530623503507,-0.0008999967575073242
2007-04-10,False,IVV,0.01610420838942006,IEF,0.016974474832499142,-0.0008500003814697265
2007-04-11,False,IVV,0.014596805596000406,IEF,0.015250384956738472,-0.0005999994277954101
2007-04-12,False,SPY,0.017043439195313148,IEF,0.011720949070548548,-0.0005499982833862305
2007-04-13,False,IVV,0.013237314317350979,IEF,0.006509425238508504,-0.0006500005722045899
2007-04-16,False,IVV,0.03459829084326804,IEF,0.010401885056295246,-0.0007000017166137695
2007-04-17,False,IVV,0.03830271903955462,IEF,0.022451247271792596,-0.0009499979019165039
2007-04-18,False,SPY,0.04085952631361378,IEF,0.023803398333199555,-0.0009000015258789063
2007-04-19,False,SPY,0.03518420556917001,IEF,0.020215891515146245,-0.0010000038146972656
2007-04-20,False,IVV,0.03758749833942865,IEF,0.01689620450493501,-0.00125
2007-04-23,False,IVV,0.027682851031002542,IEF,0.01910615351208711,-0.0011999988555908203
2007-04-24,False,SPY,0.026914390911678687,IEF,0.01885731759546072,-0.0011999988555908203
2007-04-25,False,IVV,0.03494792121614676,IEF,0.018736253326844476,-0.00125
2007-04-26,False,SPY,0.03694944938686895,IEF,0.013721162480973215,-0.001549997329711914
2007-04-27,False,SPY,0.03383400322204144,IEF,0.016530850104340633,-0.001549997329711914
2007-04-30,False,SPY,0.026604028492873688,IEF,0.02353369445567699,-0.002300000190734863
2007-05-01,False,IVV,0.036492202254651884,IEF,0.019886557443573816,-0.00190000057220459
2007-05-02,False,SPY,0.04658893832806443,IEF,0.018045311483733117,-0.001700000762939453
2007-05-03,False,IVV,0.04321228604457916,IEF,0.015475021334124373,-0.0017999982833862304
2007-05-04,False,SPY,0.04057771840545743,IEF,0.016463995676551768,-0.001700000762939453
2007-05-07,False,SPY,0.03942913310433327,IEF,0.0162231186676125,-0.0017500019073486328
2007-05-08,False,IVV,0.03745053212570526,IEF,0.015251099682750624,-0.0015000009536743164
2007-05-09,False,SPY,0.03916357767355216,IEF,0.010137314436621692,-0.0017500019073486328
2007-05-10,False,IVV,0.02836255123686704,IEF,0.013911235831870927,-0.001850004196166992
2007-05-11,False,SPY,0.03831011252634875,IEF,0.006537180470570947,-0.0017499971389770509
2007-05-14,False,IVV,0.04004398226966588,IEF,0.002756118827523135,-0.00190000057220459
2007-05-15,False,IVV,0.040351844631610234,IEF,0.0027540178124680903,-0.0017999982833862304
2007-05-16,False,IVV,0.0910343565993299,IEF,0.0034626678772606834,-0.0023999977111816406
2007-05-17,False,IVV,0.0771833809486957,IEF,0.0023449480576942516,-0.0019500017166137694
2007-05-18,False,IVV,0.0901411119852209,IEF,-0.00021521073827035497,-0.0015500020980834962
2007-05-21,False,IVV,0.10370132968444423,IEF,0.005692263093807881,-0.0011999988555908203
2007-05-22,False,IVV,0.11351361472879407,IEF,-0.00024105575022970172,-0.00039999961853027344
2007-05-23,False,IVV,0.0949156357166212,IEF,-0.003979098970249506,-0.00039999961853027344
2007-05-24,False,SPY,0.08669466868448983,IEF,0.0025107922905669433,-0.0005000019073486328
2007-05-25,False,SPY,0.08207841981868724,IEF,0.0029760684023163453,-0.0007500028610229492
2007-05-29,False,SPY,0.08569325906078551,IEF,0.0006542189587368519,-0.0009000015258789063
2007-05-30,False,IVV,0.09224205026200893,IEF,0.001151566497570311,-0.0009999990463256836
2007-05-31,False,IVV,0.11304734895403357,IEF,0.0010259787777970875,-0.0023999977111816406
2007-06-01,False,IVV,0.10926687442383232,IEF,-0.0030468532369503087,-0.0017999982833862304
2007-06-04,False,IVV,0.1092555607779866,IEF,-0.005039134012383983,-0.0021000003814697268
2007-06-05,False,SPY,0.10799100289521046,IEF,-0.003686182491994372,-0.0015999984741210938
2007-06-06,False,SPY,0.08302444050833602,IEF,-0.0039143369637778536,-0.0019499969482421875
2007-06-07,False,SPY,0.05767178201878953,IEF,-0.011235326290984116,-0.0018499994277954102
2007-06-08,False,SPY,0.05408603968233616,IEF,-0.007103718632594402,-0.002349996566772461
2007-06-11,False,IVV,0.05603694245944779,IEF,-0.009218014112819417,-0.0029500007629394533
2007-06-12,False,IVV,0.04274065615313427,IEF,-0.019118900344802126,-0.003249998092651367
2007-06-13,False,SPY,0.06068389575495292,IEF,-0.019472123887359194,-0.0038500022888183594
2007-06-14,False,SPY,0.06999861428902077,IEF,-0.016024480707579003,-0.0039999961853027345
2007-06-15,False,IVV,0.08328650354227252,IEF,-0.012429138127944106,-0.004800000190734863
2007-06-18,False,SPY,0.08155947026950083,IEF,-0.012684689933859516,-0.005350003242492676
2007-06-19,False,IVV,0.08226781456622212,IEF,-0.006200256224633494,-0.0043499994277954104
2007-06-20,False,IVV,0.06636234901702465,IEF,-0.006761038764624527,-0.0036500024795532225
2007-06-21,False,IVV,0.061127691398371375,IEF,-0.005947626869240774,-0.003949999809265137
2007-06-22,False,IVV,0.049791405538653466,IEF,-0.004908670564273465,-0.0036999988555908203
2007-06-25,False,IVV,0.04317224219144422,IEF,0.00024881623203576453,-0.003400001525878906
2007-06-26,False,SPY,0.031079365233340095,IEF,-0.0008395506649730988,-0.0030499982833862307
2007-06-27,False,SPY,0.04452097955711931,IEF,0.0006161822394854521,-0.003649997711181641
2007-06-28,False,SPY,0.0486606728939285,IEF,-0.001824572437953531,-0.0034999990463256835
2007-06-29,False,IVV,0.042596053199302375,IEF,0.0063053982031353595,-0.0033500003814697266
2007-07-02,False,SPY,0.04902440004236497,IEF,0.007714277120477897,-0.0025999975204467774
2007-07-03,False,SPY,0.04292125849567352,IEF,0.00865601527731874,-0.0018499994277954102
2007-07-05,False,SPY,0.039063364841622095,IEF,0.0031509282032056163,-0.0018499994277954102
2007-07-06,False,IVV,0.042876663994321884,IEF,0.0015092430112355615,-0.002049999237060547
2007-07-09,False,IVV,0.04338449348232443,IEF,0.004155951953185966,-0.0021000003814697268
2007-07-10,False,IVV,0.019753244221617727,IEF,0.007338944722248719,-0.001700000762939453
2007-07-11,False,SPY,0.030968006592162256,IEF,0.004575691862756859,-0.0018499994277954102
2007-07-12,False,SPY,0.04682344903192437,IEF,0.0008501791547508297,-0.0018499994277954102
2007-07-13,False,SPY,0.04038959375291151,IEF,0.001991729944776699,-0.0017499971389770509
2007-07-16,False,SPY,0.039073134453808445,IEF,0.0031559609227069796,-0.002200002670288086
2007-07-17,False,IVV,0.03840917018036194,IEF,-0.0011425605821593354,-0.0020000028610229494
2007-07-18,False,SPY,0.04616469550407154,IEF,0.002203410546468554,-0.0019999980926513673
2007-07-19,False,IVV,0.04741256188480625,GBF,0.004000742847709793,-0.0018499994277954102
2007-07-20,False,SPY,0.030905405533939945,GBF,0.0077671825829488395,-0.0019500017166137694
2007-07-23,False,SPY,0.028490656844506246,GBF,0.006950076368121394,-0.001700000762939453
2007-07-24,False,IVV,0.0068197803849685545,GBF,0.008206233856211886,-0.0013500022888183593
2007-07-25,False,IVV,0.008546649042686205,GBF,0.003887909991804772,-0.0018499994277954102
2007-07-26,False,SPY,-0.013877584818200672,GBF,0.0077434521096657605,-0.0026000022888183595
2007-07-27,False,SPY,-0.035885793238311536,GBF,0.007033666536203187,-0.003299999237060547
2007-07-30,False,SPY,-0.010460986654515891,GBF,0.00591866451145151,-0.0031500005722045897
2007-07-31,False,IVV,-0.031337361114989304,GBF,0.008635801313731983,-0.002350001335144043
2007-08-01,False,IVV,-0.024275607958525347,GBF,0.007440236885029483,-0.003000001907348633
2007-08-02,False,IVV,-0.015763141190322405,GBF,0.004835906902345144,-0.003000001907348633
2007-08-03,False,IVV,-0.04822038290587549,GBF,0.006818766972740642,-0.0028999996185302733
2007-08-06,False,IVV,-0.02977541904091996,GBF,0.001968750608975167,-0.0027999973297119143
2007-08-07,False,IVV,-0.02797739560234802,GBF,0.0021799750916846605,-0.002049999237060547
2007-08-08,True,IVV,-0.013911108256179694,IEF,-0.002556674234834966,-0.0016499996185302735
2007-08-09,True,SPY,-0.042011721205102326,GBF,-9.270893026047666e-06,-0.0024000024795532227
2007-08-10,True,IVV,-0.04670190014086539,GBF,0.000185894369002515,-0.00559999942779541
2007-08-13,True,IVV,-0.0345302865128575,GBF,9.354247520620973e-05,-0.0042499971389770505
2007-08-14,False,SPY,-0.05315873551353889,GBF,0.002708164834769766,-0.0044500017166137695
2007-08-15,False,IVV,-0.06979149088658765,GBF,0.0050750411132012285,-0.008199996948242187
2007-08-16,False,SPY,-0.07015566864845901,GBF,0.010981667738261258,-0.01249999761581421
2007-08-17,False,SPY,-0.05208835696699843,GBF,0.005154356366299906,-0.01315000057220459
2007-08-20,False,SPY,-0.057220386332900275,GBF,0.007867601297225857,-0.019649999141693117
2007-08-21,False,IVV,-0.05655496498485779,GBF,0.00857551424273817,-0.014749999046325684
2007-08-22,False,IVV,-0.040508859869837543,GBF,0.007965591084879708,-0.01320000171661377
2007-08-23,False,IVV,-0.031423307848566395,GBF,0.008458688320908792,-0.01184999942779541
2007-08-24,False,IVV,-0.000885135026745032,GBF,0.009277393437189696,-0.008299999237060547
2007-08-27,False,IVV,-0.02359233135358263,GBF,0.009613857730671027,-0.005299997329711914
2007-08-28,False,SPY,-0.046005436818661316,GBF,0.014934955697519126,-0.006500000953674316
2007-08-29,False,SPY,-0.016561708580744683,GBF,0.015641126818442208,-0.010750002861022949
2007-08-30,False,IVV,-0.03373158747812999,GBF,0.016353876443833792,-0.011999998092651367
2007-08-31,False,IVV,-0.031271698758725375,GBF,0.01807095693359484,-0.009300000667572021
2007-09-04,False,SPY,-0.026066928613557305,GBF,0.01728986843126945,-0.006299996376037597
2007-09-05,False,SPY,-0.03335811360943175,GBF,0.020240507122458284,-0.006850004196166992
2007-09-06,False,SPY,-0.03353587435009586,GBF,0.01973568922061375,-0.007350001335144043
2007-09-07,False,SPY,-0.03354479391998255,GBF,0.024832509285254156,-0.009650001525878906
2007-09-10,False,SPY,-0.04072853268545695,GBF,0.02983737011556009,-0.010350003242492675
2007-09-11,False,SPY,-0.020325256332385022,GBF,0.02452529780201873,-0.009150002002716064
2007-09-12,False,IVV,-0.013758410022426726,GBF,0.025341968383354674,-0.00994999885559082
2007-09-13,False,IVV,0.003620433285624891,GBF,0.023720001198998197,-0.009350001811981201
2007-09-14,False,IVV,-0.010169323703736022,BND,0.020579276745258168,-0.01
2007-09-17,False,SPY,-0.015161318480882535,BND,0.0241116132143111,-0.008950002193450927
2007-09-18,False,SPY,0.013494936641091915,BND,0.027092444781306346,-0.010250003337860107
2007-09-19,False,IVV,0.009340099535448898,GBF,0.022188825635026665,-0.01059999942779541
2007-09-20,False,SPY,-0.00039379037808318085,BND,0.01883059281425603,-0.011949996948242187
2007-09-21,False,IVV,0.0022959082162663513,GBF,0.019540078333294852,-0.012400002479553222
2007-09-24,False,IVV,-0.004306486001079857,GBF,0.017919681118255593,-0.01179999828338623
2007-09-25,False,SPY,-0.006478402448764853,GBF,0.018531944584424753,-0.011549997329711913
2007-09-26,False,SPY,0.013199291314909933,BND,0.01963175251877103,-0.012100000381469727
2007-09-27,False,IVV,0.011984303743769242,BND,0.020437231721208038,-0.012400002479553222
2007-09-28,False,IVV,-0.007603030088642271,BND,0.019218999503146872,-0.011349999904632568
2007-10-01,False,IVV,0.0007718203576720928,BND,0.019395016877984617,-0.010250000953674317
2007-10-02,False,SPY,-5.815954925525446e-05,BND,0.025220627744418023,-0.00950000286102295
2007-10-03,False,SPY,-0.0015536356015584118,BND,0.02495165845063063,-0.009550001621246338
2007-10-04,False,IVV,0.001347369954720845,BND,0.02263905470850691,-0.008899998664855958
2007-10-05,False,SPY,0.009797871655957913,GBF,0.018295751911527436,-0.008850002288818359
2007-10-08,False,IVV,0.014130013969445576,BND,0.021734579817382027,-0.008900001049041747
2007-10-09,False,IVV,0.020408327922067926,GBF,0.01839362321168081,-0.008399999141693116
2007-10-10,False,IVV,0.037073560702630015,BND,0.01930075041427326,-0.00815000057220459
2007-10-11,False,SPY,0.030324169992867134,GBF,0.01657909449834527,-0.007249999046325684
2007-10-12,False,IVV,0.060497538218283964,GBF,0.016273958997339077,-0.006750001907348633
2007-10-15,False,IVV,0.0723584811184792,GBF,0.016976991538166564,-0.00570000171661377
2007-10-16,False,SPY,0.04837545613070349,GBF,0.016883162905142246,-0.0059499979019165036
2007-10-17,False,SPY,0.06355866557620282,BND,0.02593081775680095,-0.008250000476837159
2007-10-18,False,SPY,0.054559134299396295,BND,0.02796565404890039,-0.01059999704360962
2007-10-19,False,SPY,0.018835066763067676,BND,0.033251715540740356,-0.009500000476837158
2007-10-22,False,SPY,0.051836720984178575,BND,0.032162248877677824,-0.007500002384185791
2007-10-23,False,SPY,0.04288333033222269,GBF,0.03204754463269732,-0.007999999523162842
2007-10-24,False,SPY,0.029969311302777246,GBF,0.03900590377912905,-0.009749999046325683
2007-10-25,False,SPY,0.01822291116672048,BND,0.03776200054935175,-0.008900001049041747
2007-10-26,False,SPY,0.061618923276665516,BND,0.03792864763823256,-0.009350001811981201
2007-10-29,False,SPY,0.0701482999010361,BND,0.03889711936286222,-0.009049999713897704
2007-10-30,False,IVV,0.058045709750412344,GBF,0.03906671655139804,-0.009149999618530273
2007-10-31,False,SPY,0.08652289258507717,BND,0.03535966883735542,-0.009199998378753661
2007-11-01,False,SPY,0.07591060207477107,BND,0.042693023065390134,-0.009800000190734863
2007-11-02,False,IVV,0.06717548978148624,BND,0.042946899714802145,-0.012049999237060547
2007-11-05,False,IVV,0.04069240904601834,GBF,0.04030963489579653,-0.01010000228881836
2007-11-06,False,SPY,0.05635670360334677,BND,0.041539864241443514,-0.010250000953674317
2007-11-07,False,SPY,0.025403176846496844,BND,0.04192589308057215,-0.012650001049041747
2007-11-08,False,IVV,0.007879200817964449,BND,0.044843278470895864,-0.014100000858306885
2007-11-09,False,SPY,-0.004719002924166049,BND,0.04522913474901902,-0.014850001335144043
2007-11-12,False,SPY,-0.026618398439885338,BND,0.05493461295820601,-0.014799997806549073
2007-11-13,False,SPY,0.012469625179789112,BND,0.05190373206362087,-0.012700002193450927
2007-11-14,False,IVV,0.030971184246925132,BND,0.053044351065820505,-0.012750000953674316
2007-11-15,False,IVV,-0.00415249256921435,BND,0.06195803758064922,-0.014000000953674317
2007-11-16,False,SPY,0.002269510993167634,BND,0.05908750738666013,-0.012249999046325684
2007-11-19,False,SPY,-0.021329478179270445,BND,0.0635789886356859,-0.012350001335144044
2007-11-20,False,IVV,-0.027051434893297865,BND,0.05590496119993826,-0.012699997425079346
2007-11-21,False,IVV,-0.037535460488645644,BND,0.06354189976789115,-0.01369999885559082
2007-11-23,False,IVV,-0.023079282781997668,BND,0.05645651392627071,-0.013749997615814209
2007-11-26,False,IVV,-0.03176847494970825,BND,0.06990272879412673,-0.015449998378753662
2007-11-27,False,SPY,-0.01744768789173634,BND,0.06366178370933251,-0.014849998950958253
2007-11-28,False,SPY,0.002291887243705215,BND,0.0609750809209153,-0.01625
2007-11-29,False,SPY,5.575081842912333e-05,BND,0.0627864815862389,-0.01754999876022339
2007-11-30,False,IVV,0.0021034987937085248,BND,0.06321721096952304,-0.016050002574920653
2007-12-03,False,IVV,-0.005032800821819228,BND,0.06755924111784717,-0.016750001907348634
2007-12-04,False,IVV,-0.007592041588338816,BND,0.06844755587346696,-0.016599998474121094
2007-12-05,False,SPY,-0.019310763254867358,BND,0.06251037415573002,-0.01690000057220459
2007-12-06,False,SPY,-0.011110820895188112,BND,0.05439737288410229,-0.017699999809265135
2007-12-07,False,IVV,-0.006456905640712662,BND,0.05309165373034852,-0.017950000762939452
2007-12-10,False,SPY,0.0007242354100793769,BND,0.0554374693137345,-0.018399999141693116
2007-12-11,False,SPY,-0.024919441952402366,BND,0.06464987597254734,-0.019200000762939453
2007-12-12,False,IVV,-0.015643594788972925,BND,0.06142040211606692,-0.019749999046325684
2007-12-13,False,SPY,-0.02056672984799912,BND,0.050609707527403014,-0.020249998569488524
2007-12-14,False,IVV,-0.039639817360605956,BND,0.05082260116176851,-0.020099997520446777
2007-12-17,False,IVV,-0.05000991742439265,GBF,0.0551055574341055,-0.01884999990463257
2007-12-18,False,SPY,-0.05456949125781407,GBF,0.05499829209593221,-0.018500001430511476
2007-12-19,False,IVV,-0.05407303958451104,BND,0.05898276372773825,-0.019549999237060547
2007-12-20,False,IVV,-0.0454245725394995,BND,0.060408308608426386,-0.020049998760223387
2007-12-21,False,IVV,-0.033650913756697265,BND,0.05167983511058738,-0.019149999618530273
2007-12-24,False,IVV,-0.038298960366627055,BND,0.05267125745616763,-0.016299998760223387
2007-12-26,False,SPY,-0.03016554212096234,BND,0.04653286135949797,-0.015999999046325684
2007-12-27,False,SPY,-0.05129288636211471,BND,0.05094349393992226,-0.017799999713897705
2007-12-28,False,SPY,-0.05209484350874927,GBF,0.054669315011090625,-0.017950000762939452
2007-12-31,False,SPY,-0.05456976186302187,GBF,0.056347399398958276,-0.016949999332427978
2008-01-02,False,IVV,-0.07031545994913002,BND,0.059426555365321265,-0.015999999046325684
2008-01-03,False,IVV,-0.06286284660542385,BND,0.061647968004419074,-0.01554999828338623
2008-01-04,False,IVV,-0.0790721422241416,BND,0.06387916946207706,-0.016049997806549074
2008-01-07,False,SPY,-0.07980993626921096,BND,0.06201856084559987,-0.016449999809265137
2008-01-08,False,SPY,-0.09137073973496823,BND,0.06362777001360631,-0.015799996852874757
2008-01-09,False,SPY,-0.05715932129152579,BND,0.06054102916526061,-0.016349999904632567
2008-01-10,False,SPY,-0.05646390773877863,BND,0.05658651690308747,-0.015699996948242187
2008-01-11,False,IVV,-0.07247546225351043,BND,0.06284298952251244,-0.017050001621246338
2008-01-14,False,SPY,-0.062385224390937966,BND,0.06363915471740778,-0.016999998092651368
2008-01-15,False,IVV,-0.08706525791456854,BND,0.07090847746713425,-0.017199997901916505
2008-01-16,False,SPY,-0.10358679416845773,BND,0.0664156604817756,-0.01679999828338623
2008-01-17,False,IVV,-0.13075902467463518,BND,0.0728047316625875,-0.01434999942779541
2008-01-18,False,SPY,-0.13262221878898894,BND,0.07125001973420941,-0.01740000247955322
2008-01-22,False,SPY,-0.1502502629280974,BND,0.07535572636876942,-0.022699999809265136
2008-01-23,False,IVV,-0.10922768232481617,BND,0.07343723563029081,-0.020200002193450927
2008-01-24,False,SPY,-0.10247036875863769,GBF,0.06304239993201644,-0.014000000953674317
2008-01-25,False,SPY,-0.10865642875965886,BND,0.07041836240644961,-0.013999998569488525
2008-01-28,False,SPY,-0.10595286154108374,GBF,0.06851561607508594,-0.007350001335144043
2008-01-29,False,SPY,-0.07625332479908964,GBF,0.06346887886345587,-0.012150001525878907
2008-01-30,False,SPY,-0.07837711837873962,BND,0.06409746527463844,-0.014249999523162842
2008-01-31,False,IVV,-0.04882458711671167,BND,0.06491350498857118,-0.018400000333786012
2008-02-01,False,IVV,-0.02483064872693197,BND,0.06746454866810603,-0.020299999713897704
2008-02-04,False,SPY,-0.06434706543457169,BND,0.05983463266988398,-0.022100000381469725
2008-02-05,False,IVV,-0.08828883439061785,BND,0.059730996528665425,-0.02125
2008-02-06,False,IVV,-0.08231706591505317,BND,0.059950373933639334,-0.01809999942779541
2008-02-07,False,IVV,-0.07870420739304385,BND,0.051620158904049696,-0.01630000114440918
2008-02-08,False,SPY,-0.06944712334203884,BND,0.054039009277922156,-0.018299999237060546
2008-02-11,False,SPY,-0.0703829043814308,BND,0.056987153954997094,-0.020900001525878908
2008-02-12,False,SPY,-0.04216189953216143,BND,0.05117117679196537,-0.019699997901916504
2008-02-13,False,SPY,-0.048818325490243564,BND,0.04744407692151098,-0.019499998092651367
2008-02-14,False,IVV,-0.036566885259571635,BND,0.03611260742958011,-0.017200000286102295
2008-02-15,False,IVV,-0.04867557965663316,BND,0.03472253319852836,-0.017399997711181642
2008-02-19,False,IVV,-0.0771340798683513,BND,0.02764014807458892,-0.01819999933242798
2008-02-20,False,SPY,-0.07160371725733272,BND,0.03007553358170867,-0.017250001430511475
2008-02-21,False,IVV,-0.0890241600117413,BND,0.04129821094946484,-0.01809999942779541
2008-02-22,False,SPY,-0.07678892444505481,BND,0.038598794209902865,-0.01740000009536743
2008-02-25,False,SPY,-0.056717256558649676,BND,0.03265357034852934,-0.01880000114440918
2008-02-26,False,IVV,-0.06603695391756437,BND,0.03369045785492797,-0.017849998474121095
2008-02-27,False,IVV,-0.0797270716070454,BND,0.03721362727256916,-0.018799999952316283
2008-02-28,False,SPY,-0.08822212604497204,BND,0.052393586891049004,-0.01815000057220459
2008-02-29,False,IVV,-0.11775999470597842,BND,0.05454559251040414,-0.018349999189376832
2008-03-03,False,IVV,-0.09419848483743576,BND,0.052681511343921184,-0.020350000858306884
2008-03-04,False,SPY,-0.10493563289623797,BND,0.04697235918224196,-0.020950000286102295
2008-03-05,False,IVV,-0.09768876864349896,BND,0.039921492667647884,-0.02144999980926514
2008-03-06,False,IVV,-0.10565064931841461,BND,0.03691124698828885,-0.022349998950958253
2008-03-07,False,SPY,-0.101134433856234,BND,0.03933799669186677,-0.023000000715255736
2008-03-10,False,IVV,-0.11917233826602514,BND,0.04309537973478572,-0.02495000123977661
2008-03-11,False,IVV,-0.087314174087476,BND,0.03344435512812627,-0.024099998474121094
2008-03-12,False,IVV,-0.10094896907547823,BND,0.04356154821872016,-0.023999998569488524
2008-03-13,False,SPY,-0.11125321942315314,BND,0.03787929186284411,-0.025350000858306885
2008-03-14,False,IVV,-0.1331288989987387,BND,0.04674940421443341,-0.027499998807907104
2008-03-17,False,IVV,-0.14487009903558323,BND,0.04720753076090123,-0.02875
2008-03-18,False,IVV,-0.09795459743606494,BND,0.05162980667168471,-0.030100001096725462
2008-03-19,False,IVV,-0.11544735950932561,BND,0.05132598288752721,-0.03284999966621399
2008-03-20,False,SPY,-0.09216961113242583,BND,0.05318611911589133,-0.035050001144409176
2008-03-24,False,SPY,-0.0658459409402945,BND,0.049048489031596754,-0.030649999380111693
2008-03-25,False,SPY,-0.06449274660928883,BND,0.05191353187372805,-0.029049998521804808
2008-03-26,False,SPY,-0.052724902000174656,BND,0.05062966293668136,-0.028550000190734864
2008-03-27,False,IVV,-0.059240099117506384,BND,0.04549832234446871,-0.02640000104904175
2008-03-28,False,IVV,-0.049693549277028515,BND,0.0449269881646186,-0.02290000081062317
2008-03-31,False,IVV,-0.05774337409285368,BND,0.04360189565582484,-0.02465000033378601
2008-04-01,False,IVV,-0.029848961838417565,BND,0.033432983224007895,-0.025049998760223388
2008-04-02,False,IVV,-0.019963830359425616,BND,0.03236238713353501,-0.02494999885559082
2008-04-03,False,IVV,-0.028502496662147436,BND,0.02791355197082046,-0.02350000023841858
2008-04-04,False,SPY,-0.004359251783576434,BND,0.03821871326379478,-0.024999998807907105
2008-04-07,False,IVV,0.004229219127096062,BND,0.03569488411581223,-0.024799998998641968
2008-04-08,False,IVV,0.02965141870234267,BND,0.036095135242488974,-0.02509999871253967
2008-04-09,False,IVV,0.026754879245477037,BND,0.03984158624262957,-0.025749999284744262
2008-04-10,False,IVV,0.04302563538097681,BND,0.04057586159753246,-0.025849999189376832
2008-04-11,False,IVV,0.0010582107095133964,BND,0.0406536209867403,-0.02544999957084656
2008-04-14,False,IVV,-0.011394318189546615,BND,0.03595615075717329,-0.02424999952316284
2008-04-15,False,SPY,0.006461276229468682,BND,0.03546941905324652,-0.024799998998641968
2008-04-16,False,IVV,0.011558163732287907,BND,0.03160732185440418,-0.025150001049041748
2008-04-17,False,IVV,0.007761966960067257,BND,0.02917867420210829,-0.021499998569488525
2008-04-18,False,SPY,0.0315435187522759,BND,0.028765543582541797,-0.01959999918937683
2008-04-21,False,SPY,0.013583219374953215,BND,0.029154117827914883,-0.019000000953674316
2008-04-22,False,IVV,-0.007699607583927959,BND,0.02913083430903063,-0.019250000715255736
2008-04-23,False,IVV,0.003653473032268595,BND,0.03130086605102367,-0.021599998474121095
2008-04-24,False,SPY,0.03634389954975892,BND,0.02688946136820891,-0.020950000286102295
2008-04-25,False,SPY,0.05442409058822206,BND,0.02193260103306649,-0.0190500009059906
2008-04-28,False,SPY,0.0477210450692378,BND,0.025932033762608997,-0.01959999918937683
2008-04-29,False,IVV,0.04919077415309947,BND,0.022326045012952545,-0.018350000381469726
2008-04-30,False,IVV,0.038367963819626594,GBF,0.032138317134022154,-0.018200000524520876
2008-05-01,False,IVV,0.049262878544649835,BND,0.02670600069840523,-0.016699999570846558
2008-05-02,False,IVV,0.03954284044372969,BND,0.026181406094364812,-0.016750000715255738
2008-05-05,False,SPY,0.04703144739775578,GBF,0.019935843802492137,-0.01505000114440918
2008-05-06,False,IVV,0.05562270587098528,BND,0.021924060616719032,-0.014800000190734863
2008-05-07,False,SPY,0.03461289634406928,BND,0.024449100165270243,-0.013300000429153443
2008-05-08,False,SPY,0.02890639584811261,GBF,0.02389934935821114,-0.012649999856948852
2008-05-09,False,SPY,0.035593492040881136,BND,0.024308854953611014,-0.014199999570846557
2008-05-12,False,IVV,0.040232768289126364,BND,0.018264759611561265,-0.012100000381469727
2008-05-13,False,IVV,0.027095538659226426,BND,0.013521898654953235,-0.011950000524520873
2008-05-14,False,SPY,0.022455288508768323,BND,0.016414218007623882,-0.011950000524520873
2008-05-15,False,SPY,0.03628680087896896,GBF,0.024696484694415766,-0.011700000762939453
2008-05-16,False,IVV,0.04650105383497438,BND,0.028513030459113464,-0.012200000286102295
2008-05-19,False,SPY,0.07426542105006773,GBF,0.03207525076814788,-0.011650000810623168
2008-05-20,False,IVV,0.06682726000378625,GBF,0.025685069198082777,-0.010449998378753662
2008-05-21,False,IVV,0.05349418605609424,BND,0.027687946476961267,-0.01
2008-05-22,False,IVV,0.04667697243919733,BND,0.02880076134392895,-0.009549999237060547
2008-05-23,False,SPY,0.05540534390820495,BND,0.03551127670071019,-0.009950001239776612
2008-05-27,False,SPY,0.07429249097692514,BND,0.025452012777576583,-0.010800000429153443
2008-05-28,False,SPY,0.09366908826078246,BND,0.017726899372189076,-0.011150000095367431
2008-05-29,False,SPY,0.06103405122301764,BND,0.011777593791746144,-0.009700000286102295
2008-05-30,False,IVV,0.07264917137429783,BND,0.012307792364197878,-0.009550000429153443
2008-06-02,False,IVV,0.05743946650760967,GBF,0.022393725772081874,-0.011100001335144043
2008-06-03,False,SPY,0.07070187126273009,BND,0.027489110301702313,-0.013900001049041748
2008-06-04,False,SPY,0.0810856989112525,BND,0.025636960045553936,-0.014199999570846557
2008-06-05,False,SPY,0.05872146374010723,BND,0.016934472219406915,-0.012650001049041747
2008-06-06,False,SPY,0.05098762534654955,BND,0.01707786182061266,-0.012799999713897704
2008-06-09,False,IVV,0.03133912087726065,BND,0.00010468529913754132,-0.01290000081062317
2008-06-10,False,SPY,0.009055933273616423,BND,-0.00530166828908607,-0.012000000476837159
2008-06-11,False,IVV,-0.010271719662867884,BND,-0.0007954179651464832,-0.01245000123977661
2008-06-12,False,IVV,0.00846771809083835,BND,-0.012864067151798442,-0.011649999618530273
2008-06-13,False,SPY,0.025380451130649684,BND,-0.012199416637494798,-0.012350000143051147
2008-06-16,False,SPY,0.03589076300896554,BND,-0.012297555579940278,-0.012200000286102295
2008-06-17,False,IVV,0.025561177700826887,BND,-0.007865676091487694,-0.01154999852180481
2008-06-18,False,IVV,-0.018891777439375868,BND,-0.004195968195845223,-0.012500001192092896
2008-06-19,False,SPY,-0.016678684616077688,IEF,-0.01066535255609069,-0.011499999761581422
2008-06-20,False,SPY,-0.035040104825898144,BND,-0.009067539716682282,-0.012850000858306884
2008-06-23,True,SPY,-0.03493733202730376,BND,-0.016008341727797304,-0.012350000143051147
2008-06-24,True,IVV,-0.037524859611520744,BND,-0.009935177787836258,-0.012450000047683716
2008-06-25,True,SPY,-0.03179871147987434,GBF,-0.015612029004223649,-0.012200000286102295
2008-06-26,True,SPY,-0.051230320773905436,BND,-0.0130857098416306,-0.011100000143051148
2008-06-27,True,SPY,-0.05772789081902574,BND,-0.01663738464258191,-0.006000000238418579
2008-06-30,True,IVV,-0.03674701267334657,BND,-0.011771611224935419,-0.004049998521804809
2008-07-01,True,SPY,-0.02939782700509197,BND,-0.006027668388601581,-0.004749999046325683
2008-07-02,True,IVV,-0.051262371539664175,BND,-0.015981984504211955,-0.004300000667572021
2008-07-03,True,SPY,-0.07240292308104335,BND,-0.011682408976636749,-0.004049999713897705
2008-07-07,True,SPY,-0.08321529048265797,BND,-0.009770700700217905,-0.004299999475479126
2008-07-08,True,IVV,-0.07966713487636368,BND,-0.004530111543395665,-0.003200000524520874
2008-07-09,True,IVV,-0.09839751866326518,BND,-0.005162179864465655,-0.0008000004291534424
2008-07-10,True,SPY,-0.08709029022875558,BND,-0.005732129843946776,-0.004199999570846558
2008-07-11,True,SPY,-0.09628665491993538,BND,-0.00843462390058769,-0.006000000238418579
2008-07-14,False,IVV,-0.10995157792403432,BND,-0.005753785678368706,-0.007200000286102295
2008-07-15,False,SPY,-0.12897467835166887,BND,-0.0028033147346926413,-0.006649999618530273
2008-07-16,False,SPY,-0.10778499822003584,BND,-0.004910651764830853,-0.007549998760223389
2008-07-17,True,SPY,-0.09529622889930711,GBF,-0.013682373590047647,-0.007700001001358032
2008-07-18,True,IVV,-0.08618228777781634,BND,-0.016154666233627046,-0.007700001001358032
2008-07-21,True,SPY,-0.10232071728873804,BND,-0.012418301544790289,-0.008700000047683716
2008-07-22,True,SPY,-0.09463885500193514,GBF,-0.014333496074326435,-0.007100000381469727
2008-07-23,True,SPY,-0.08534363929356081,GBF,-0.010637973383625154,-0.006750000715255737
2008-07-24,False,SPY,-0.11201849239023565,GBF,-0.004091605528540043,-0.005200001001358032
2008-07-25,False,SPY,-0.09613262744330686,GBF,-0.0026273834576876487,-0.004800000190734863
2008-07-28,False,IVV,-0.11155306420980038,GBF,-0.0008812726232405588,-0.0050999999046325685
2008-07-29,True,IVV,-0.08657796664413964,GBF,-0.00651455863355066,-0.004600001573562622
2008-07-30,True,IVV,-0.08099306730558575,GBF,-0.0022517253841540796,-0.004700001478195191
2008-07-31,True,SPY,-0.09265101671981413,GBF,0.004351782731357945,-0.004749999046325683
2008-08-01,True,IVV,-0.10083951539710634,GBF,0.005558602486528841,-0.004450000524520874
2008-08-04,False,IVV,-0.11940728225175135,GBF,0.002226123209527975,-0.002699999809265137
2008-08-05,True,SPY,-0.09573774569408589,GBF,-0.0074373386999502245,-0.0014499998092651367
2008-08-06,True,SPY,-0.09419866850534608,IEF,-0.015391647985254941,-0.0018499994277954102
2008-08-07,True,SPY,-0.10039274437405299,GBF,-0.00913186285819556,-4.999995231628418e-05
2008-08-08,True,SPY,-0.06791112028070301,GBF,-0.010507869216857646,0.0006999993324279786
2008-08-11,True,IVV,-0.05891377757473648,GBF,-0.005102316392474493,0.0028999996185302733
2008-08-12,True,IVV,-0.05736087671997114,GBF,-0.003261796650666726,0.004600000381469726
2008-08-13,True,SPY,-0.0681303451928379,IEF,-0.007505252285993191,0.004150000810623169
2008-08-14,True,IVV,-0.06636578485548317,IEF,-0.011568416214458477,0.0053000009059906
2008-08-15,True,IVV,-0.06676228874244983,IEF,0.002999481577131924,0.003599998950958252
2008-08-18,True,SPY,-0.08063989165202468,IEF,-0.005980821643047585,0.0029999995231628418
2008-08-19,True,SPY,-0.08117240787893976,IEF,-0.0021800914590683895,0.004650000333786011
2008-08-20,True,SPY,-0.07148881657125972,IEF,-0.009523753891876652,0.005499999523162841
2008-08-21,True,SPY,-0.06941596310432718,IEF,-0.016563624989813674,0.0069499993324279785
2008-08-22,True,SPY,-0.07445284227066884,IEF,-0.01268387883735822,0.007649999856948852
2008-08-25,True,SPY,-0.06335541193008187,IEF,-0.014633610918039386,0.009950000047683715
2008-08-26,True,SPY,-0.06289555457682405,IEF,-0.016433697681057624,0.011749999523162842
2008-08-27,True,IVV,-0.05108590034459737,IEF,0.002657802181992075,0.00625
2008-08-28,True,SPY,-0.02313598340036971,IEF,-0.0023081641286084587,0.004450000524520874
2008-08-29,True,IVV,-0.03731575228045769,IEF,-0.004299529665211965,0.0042000007629394535
2008-09-02,True,IVV,-0.056029723005877496,IEF,0.0024387616937469048,0.003999999761581421
2008-09-03,True,SPY,-0.056598602290963695,IEF,0.0009494872310380487,0.0031499993801116944
2008-09-04,True,SPY,-0.0805456218208177,BND,0.0006153222813158887,0.00375
2008-09-05,False,SPY,-0.06858575320957905,GBF,0.008944246043405712,0.002849999666213989
2008-09-08,False,IVV,-0.05069329382715437,GBF,0.006591109922725824,0.003049999475479126
2008-09-09,False,IVV,-0.06618672880230625,GBF,0.015233291428714768,0.002799999713897705
2008-09-10,False,IVV,-0.06119147778647094,GBF,0.005379086668134914,0.0029999995231628418
2008-09-11,False,IVV,-0.04411959753182959,GBF,0.009729901492065762,0.0022000002861022948
2008-09-12,True,IVV,-0.04748971297747817,GBF,0.0003509185225527567,0.0011000001430511474
2008-09-15,True,SPY,-0.06347966219545165,GBF,0.00327535984783478,-0.004649999737739563
2008-09-16,True,IVV,-0.04700925593659788,GBF,-0.003509517140801055,-0.00375
2008-09-17,True,IVV,-0.0898434057934343,GBF,-0.006797737834897566,-0.011399999670684337
2008-09-18,True,SPY,-0.06472977571781224,GBF,-0.017563043636512177,-0.010050000473856926
2008-09-19,True,SPY,-0.010632445565113668,GBF,-0.004147636679535771,-0.0018000000715255738
2008-09-22,True,IVV,-0.03736259523758234,GBF,-0.012663237128594296,-0.0024000000953674316
2008-09-23,True,IVV,-0.04685117931133531,GBF,-0.01797125114719933,-0.004100000262260437
2008-09-24,True,IVV,-0.0634557584516462,GBF,-0.011057365485520165,-0.008800000548362732
2008-09-25,True,SPY,-0.02645068429315034,GBF,-0.023838263302496943,-0.005600000023841858
2008-09-26,True,SPY,-0.029932061322496928,GBF,-0.023231530544804535,-0.0042500001192092894
2008-09-29,True,SPY,-0.09540770280232413,GBF,-0.021271543568413653,-0.007500000596046448
2008-09-30,True,SPY,-0.049369291914114544,GBF,-0.026126701499721294,-0.003200000524520874
2008-10-01,True,IVV,-0.041581347172653715,GBF,-0.023685670100414113,-0.0048499995470047
2008-10-02,True,IVV,-0.09918616834907246,GBF,-0.02075736334818934,-0.00740000069141388
2008-10-03,True,IVV,-0.12111130841531592,GBF,-0.023245382960658145,-0.009700000584125519
2008-10-06,True,SPY,-0.16394544603613037,GBF,-0.03310532442602854,-0.009300000369548797
2008-10-07,True,SPY,-0.20183271032031747,GBF,-0.03356473136100979,-0.005849999785423279
2008-10-08,True,SPY,-0.23066851885729278,GBF,-0.047379629076677476,-0.008250000476837159
2008-10-09,True,SPY,-0.2882500146104183,GBF,-0.05903113050057296,-0.009699999690055847
2008-10-10,True,SPY,-0.2907954109746499,GBF,-0.07578671216426036,-0.013850000351667405
2008-10-13,True,IVV,-0.19384255643771187,GBF,-0.0736685488501665,-0.014200000017881393
2008-10-14,True,IVV,-0.1884251948835085,GBF,-0.06551109397343302,-0.01385000005364418
2008-10-15,True,SPY,-0.2830134748240589,GBF,-0.06283279835575595,-0.014499999731779099
2008-10-16,True,SPY,-0.2662198203844961,GBF,-0.05718660571581902,-0.013149999976158143
2008-10-17,True,SPY,-0.260824996505872,GBF,-0.0543370814214722,-0.010049999952316284
2008-10-20,True,IVV,-0.21378397684061867,GBF,-0.04973779952552282,-0.007649999856948852
2008-10-21,True,IVV,-0.23192740723627236,GBF,-0.04215435464939232,-0.0069499993324279785
2008-10-22,True,IVV,-0.2937686684331836,GBF,-0.04617356329948352,-0.007899999618530273
2008-10-23,True,IVV,-0.29157205507106954,GBF,-0.0493878808269419,-0.00894999921321869
2008-10-24,True,SPY,-0.3107332097649931,GBF,-0.05153025020566937,-0.010050000548362732
2008-10-27,True,SPY,-0.34733012437759947,GBF,-0.0557872256187667,-0.010799999237060548
2008-10-28,True,SPY,-0.27853457935510184,GBF,-0.0523717128219543,-0.010750000476837157
2008-10-29,True,IVV,-0.2833706178091301,GBF,-0.057620741274287846,-0.012349999547004699
2008-10-30,True,IVV,-0.25441974884956875,GBF,-0.061701693312342765,-0.01475000023841858
2008-10-31,True,SPY,-0.24818231564069904,GBF,-0.04409584397042443,-0.014200000166893005
2008-11-03,True,IVV,-0.25124971746243385,GBF,-0.031768122697609535,-0.01445000022649765
2008-11-04,True,SPY,-0.213403075268484,GBF,-0.03207270364451631,-0.013850000202655793
2008-11-05,True,IVV,-0.24237130710145371,GBF,-0.026185564809003137,-0.014099999666213989
2008-11-06,True,IVV,-0.28555903371079094,GBF,-0.02811865561506799,-0.014949999451637268
2008-11-07,True,IVV,-0.2686529270146084,GBF,-0.027965604405271405,-0.015149999558925629
2008-11-10,True,IVV,-0.2831906960006355,GBF,-0.029451213225379025,-0.016099999397993087
2008-11-11,True,SPY,-0.2891696885468491,GBF,-0.02607147052783465,-0.016049999594688415
2008-11-12,True,IVV,-0.32387372210652754,GBF,-0.024576675217587995,-0.017100000232458116
2008-11-13,True,SPY,-0.2871202813597551,GBF,-0.02741071141550977,-0.017800000309944154
2008-11-14,True,SPY,-0.3308135214536806,GBF,-0.023722422652666997,-0.017749999761581422
2008-11-17,False,IVV,-0.33334252216715876,GBF,-0.007596075806979852,-0.01860000044107437
2008-11-18,False,IVV,-0.3241661399446619,GBF,-0.006772347728618344,-0.01819999948143959
2008-11-19,False,IVV,-0.3618790108707789,GBF,-0.004955201458817116,-0.018750000596046448
2008-11-20,False,SPY,-0.3881587646607121,GBF,0.0023208911730452364,-0.01950000043027103
2008-11-21,False,SPY,-0.3571749987738717,GBF,-0.00901850949251004,-0.018699999954551457
2008-11-24,False,IVV,-0.33017825250729615,BND,0.0009236418109730415,-0.01850000014528632
2008-11-25,False,SPY,-0.30079693803063545,GBF,0.00439157485282804,-0.01699999950826168
2008-11-26,False,SPY,-0.2767138477801977,GBF,0.009020052875742035,-0.018200000245124102
2008-11-28,False,IVV,-0.27872511075610595,GBF,0.010858649947011356,-0.017749999575316908
2008-12-01,False,SPY,-0.34502917249597576,BND,0.024086505999065144,-0.017499999906867743
2008-12-02,False,IVV,-0.28668362830167826,GBF,0.026145356594382108,-0.016299999468028546
2008-12-03,False,SPY,-0.28070911703845525,BND,0.022738887994023127,-0.016149999955669046
2008-12-04,False,IVV,-0.26560905521186207,BND,0.023814629526093922,-0.01700000043027103
2008-12-05,False,IVV,-0.26548676281425754,BND,0.017021043324148888,-0.018150000479072333
2008-12-08,False,IVV,-0.2708614048217377,BND,0.016068595895163407,-0.01784999961964786
2008-12-09,False,SPY,-0.26222051832671234,BND,0.02065013807286631,-0.017999999430030583
2008-12-10,False,SPY,-0.23989907371573915,GBF,0.01718355625781176,-0.01769999976269901
2008-12-11,False,SPY,-0.2605732917462188,BND,0.023454179223997507,-0.018100000526756047
2008-12-12,False,IVV,-0.2680974828599554,BND,0.017966762430626337,-0.017799999620765446
2008-12-15,False,IVV,-0.2771915614349857,BND,0.025844948916781352,-0.01624999995343387
2008-12-16,False,IVV,-0.18068529149742996,BND,0.04092851970755307,-0.015450000520795584
2008-12-17,False,IVV,-0.21982507761097703,BND,0.03560344496734835,-0.01419999952428043
2008-12-18,False,SPY,-0.2306565899201234,BND,0.04199522437703074,-0.013700000001117587
2008-12-19,False,SPY,-0.20513250990210752,BND,0.043933032057180244,-0.013400000287219882
2008-12-22,False,SPY,-0.20457920188977663,BND,0.05783538943367739,-0.013849999858066439
2008-12-23,False,IVV,-0.18406984314828922,BND,0.06344802058222387,-0.014149999571964144
2008-12-24,False,IVV,-0.1283253825540729,BND,0.06029902167009671,-0.01374999995343387
2008-12-26,False,IVV,-0.10479399563012792,BND,0.06435733901195007,-0.014950000001117587
2008-12-29,False,IVV,-0.04321228594897264,BND,0.07059747638960467,-0.015349999573081731
2008-12-30,False,IVV,-0.01831995317741919,BND,0.06499484488738316,-0.01520000010728836
2008-12-31,False,SPY,-0.10239203560698529,GBF,0.06492331171878596,-0.015750000551342964
2009-01-02,False,SPY,-0.061445757777265686,BND,0.06214869558603353,-0.015799999609589575
2009-01-05,False,IVV,0.032420620849381576,BND,0.059369709607092425,-0.01594999946653843
2009-01-06,False,IVV,-0.00403340179875733,BND,0.05233183003213293,-0.015399999618530273
2009-01-07,False,IVV,-0.028161195456447685,BND,0.05196244298834829,-0.015349999889731408
2009-01-08,False,SPY,-0.071156144397853,BND,0.04835623644133302,-0.015499999970197678
2009-01-09,False,SPY,-0.06307901481343059,BND,0.05406827754750143,-0.01594999969005585
2009-01-12,False,SPY,-0.032922622104492705,BND,0.054210840888401224,-0.016450000405311586
2009-01-13,False,SPY,-0.042238913499904385,GBF,0.05810832367863572,-0.014950000271201134
2009-01-14,False,IVV,-0.02809161386252068,BND,0.05847654742991537,-0.015199999958276748
2009-01-15,False,IVV,0.006719655301221872,BND,0.05431766395571236,-0.015649999603629113
2009-01-16,False,IVV,-0.08818636979571459,BND,0.060415848907992675,-0.016549999788403512
2009-01-20,False,SPY,-0.12737410989899223,GBF,0.048983865663539294,-0.017250000461935998
2009-01-21,False,SPY,-0.12012174433539813,GBF,0.04376573221226887,-0.017050000578165053
2009-01-22,False,IVV,-0.14101283488333027,GBF,0.04322827641002669,-0.01730000041425228
2009-01-23,False,SPY,-0.13721916405164092,GBF,0.04058757325468898,-0.017099999487400055
2009-01-26,False,IVV,-0.1600251204681521,BND,0.03470284933373735,-0.01640000008046627
2009-01-27,False,SPY,-0.11408489979285208,BND,0.0429112617983709,-0.016349999904632567
2009-01-28,False,SPY,-0.030383140420276455,GBF,0.03573893777704984,-0.014899999499320984
2009-01-29,False,SPY,-0.09187772770492197,BND,0.03443280008815064,-0.014649999439716338
2009-01-30,False,SPY,-0.0985380384234047,BND,0.03714840328848901,-0.014449999630451203
2009-02-02,False,IVV,-0.07578986887938177,BND,0.037767057842164276,-0.01399999976158142
2009-02-03,False,SPY,-0.016315692252517167,BND,0.025680787772793146,-0.013649999499320983
2009-02-04,False,IVV,-0.08159757612112928,BND,0.02728785397649869,-0.013499999940395356
2009-02-05,False,IVV,-0.025979813074993974,BND,0.02862354803444167,-0.014300000369548798
2009-02-06,False,SPY,0.02592754844957157,BND,0.029838210513668972,-0.01420000046491623
2009-02-09,False,SPY,0.008349338874639622,BND,0.026755831243746142,-0.013749999701976776
2009-02-10,False,SPY,0.028032339460571265,BND,0.031017287236689617,-0.0135999995470047
2009-02-11,False,IVV,0.11110250587487913,GBF,0.033830524552121544,-0.013499999642372132
2009-02-12,False,IVV,0.05099672552872936,BND,0.030736925510644664,-0.013549999892711639
2009-02-13,False,SPY,-0.01879518606478281,BND,0.01874154546209006,-0.013799999654293061
2009-02-17,False,IVV,-0.07305110285158734,BND,0.02349973358724,-0.013549999892711639
2009-02-18,False,IVV,-0.10515860843236224,BND,0.019535306784539852,-0.013199999928474426
2009-02-19,False,SPY,-0.12515621323343618,BND,0.015832653724388468,-0.012800000309944153
2009-02-20,False,SPY,-0.04946428132356029,BND,0.020995923400538574,-0.011950000524520873
2009-02-23,False,SPY,-0.11743917223797462,BND,0.015057958237147284,-0.005399999916553497
2009-02-24,False,IVV,-0.10692390800216311,GBF,0.02155864375138372,-0.005650000274181366
2009-02-25,False,SPY,-0.09151218273986017,BND,0.017678042880264755,0.0027499998733401297
2009-02-26,False,IVV,-0.13432425317386454,BND,0.030448858673947088,0.0019499998539686202
2009-02-27,False,IVV,-0.18112986867104175,GBF,0.018159254296611804,-0.006700000166893006
2009-03-02,False,SPY,-0.20476969093823405,BND,0.023345311776379774,-0.006449999958276748
2009-03-03,False,IVV,-0.21910012086188912,BND,0.016671247638617936,-0.005350000262260437
2009-03-04,False,IVV,-0.17807642049268546,BND,0.016671289228172848,-0.001899999976158142
2009-03-05,False,SPY,-0.22060318073244167,BND,0.018021887787684765,-0.0050999997556209565
2009-03-06,False,SPY,-0.20821096795989524,BND,0.02401893711564429,-0.006449999809265136
2009-03-09,False,IVV,-0.25352496959180704,BND,0.015320842312071203,-0.002499999850988388
2009-03-10,False,SPY,-0.20039713896025912,BND,0.028084957206612415,-0.006649999767541885
2009-03-11,False,IVV,-0.18097916003753978,BND,0.03576050300580125,-0.005800000131130218
2009-03-12,False,IVV,-0.14546221125885372,BND,0.01823803499635468,-0.0038999997079372404
2009-03-13,False,IVV,-0.1269300164768442,BND,0.023060354879564038,-0.002800000011920929
2009-03-16,False,SPY,-0.11954545028700492,BND,0.03066319934640127,-0.001899999976158142
2009-03-17,False,SPY,-0.09785351793567221,BND,0.025371620284153407,-0.005600000321865081
2009-03-18,False,IVV,-0.08501190388154511,BND,0.05926695509417068,-0.004349999874830246
2009-03-19,False,IVV,-0.09363885830937135,BND,0.09261750702789517,-0.0038999998569488525
2009-03-20,False,IVV,-0.13170287860917185,GBF,0.11146929001503003,-9.999990463256836e-05
2009-03-23,False,SPY,-0.08235276001167602,BND,0.07455725332816088,-0.00019999995827674866
2009-03-24,False,SPY,-0.12675488805439028,BND,0.06046422622217551,-0.00030000001192092895
2009-03-25,False,IVV,-0.11705369167224378,BND,0.06335611360837223,-0.00015000000596046448
2009-03-26,False,SPY,-0.10447389930255813,BND,0.06711522997701969,-0.0029500000178813933
2009-03-27,False,IVV,-0.09351508094967376,BND,0.06395266198292848,-0.006549999713897705
2009-03-30,False,IVV,-0.12849117757724982,BND,0.06646024292147557,-0.008999999836087227
2009-03-31,False,IVV,-0.10185733730482249,BND,0.04894485402383597,-0.008950000256299972
2009-04-01,False,IVV,-0.06181015995291528,BND,0.04635556739040725,-0.007999999970197678
2009-04-02,False,SPY,-0.035390287662613984,BND,0.049193916918959024,-0.007200000286102295
2009-04-03,False,SPY,0.005844018341949697,BND,0.055710899011128134,-0.006199999898672104
2009-04-06,False,IVV,-0.004407334881505021,BND,0.06255169208897415,-0.0054500001668930055
2009-04-07,False,IVV,-0.033635848879956076,BND,0.07292968652590526,-0.005600000023841858
2009-04-08,False,IVV,0.03132794181352061,BND,0.07021039504404758,-0.0038499999046325683
2009-04-09,False,IVV,0.027800159768734733,BND,0.07611930572445869,-0.0020000000298023225
2009-04-13,False,IVV,0.04424089154407529,BND,0.07838629425799404,-0.0026500000059604643
2009-04-14,False,SPY,0.022184800081141542,BND,0.07278843643485122,-0.002549999803304672
2009-04-15,False,IVV,0.02584799127031623,BND,0.06359147441221746,-0.0032500000298023224
2009-04-16,False,SPY,0.030629517912819537,BND,0.053573332497605985,-0.0025499999523162843
2009-04-17,False,SPY,0.0035849040940818533,BND,0.04713942786701053,-0.0018500000238418578
2009-04-20,False,SPY,-0.006184212641154985,BND,0.05457578636691984,-0.0016999999433755875
2009-04-21,False,SPY,0.0342730021298272,BND,0.05252658697899437,-0.0006000000238418579
2009-04-22,False,SPY,0.03106195421153579,BND,0.05176063661312891,-0.0005999998748302459
2009-04-23,False,SPY,0.026762398703838564,BND,0.05596685929786105,-0.00045000001788139346
2009-04-24,False,IVV,0.04702137728666966,BND,0.055420303827539374,-0.000949999988079071
2009-04-27,False,SPY,0.022282172793809618,BND,0.05406632652238219,-0.00039999991655349733
2009-04-28,False,SPY,-0.009168675434763185,BND,0.05292740043051092,0.00029999993741512297
2009-04-29,False,IVV,0.009420942108232966,IEF,0.047976348586667994,-0.00015000000596046448
2009-04-30,False,SPY,0.05938793386956487,IEF,0.035033417570266234,0.0006000000238418579
2009-05-01,False,SPY,0.05884047502500955,IEF,0.011348564426091556,0.0013999999593943358
2009-05-04,False,IVV,0.09350275506173333,IEF,0.02169918304057017,0.0016499999724328518
2009-05-05,False,IVV,0.10127723603967942,IEF,0.03113694184930016,0.0016499999724328518
2009-05-06,False,SPY,0.1714143727159485,IEF,0.01416629497148092,0.0008000000566244126
2009-05-07,False,IVV,0.15697131696486832,IEF,-0.00040852065186613995,0.0015000000782310963
2009-05-08,False,IVV,0.1971940306087403,IEF,-0.0012330044675907814,0.0014500000700354576
2009-05-11,False,IVV,0.18561653326343075,IEF,-0.0053072885331389985,0.001450000014156103
2009-05-12,False,IVV,0.22621747530950764,IEF,-0.011133428853020266,0.001300000064074993
2009-05-13,False,SPY,0.1527455837280689,IEF,-0.008130783761741145,0.0015500000212341548
2009-05-14,False,SPY,0.17185086951092177,IEF,-0.014187179264734784,0.001500000013038516
2009-05-15,False,SPY,0.18149943003441948,IEF,-0.0061081852238382695,0.001450000014156103
2009-05-18,False,IVV,0.2406630677425876,IEF,-0.008214404892605609,0.0015499999653548003
2009-05-19,False,IVV,0.29903785518989334,IEF,-0.017956439856388617,0.0016499999724328518
2009-05-20,False,SPY,0.30095340072847887,IEF,-0.013967002135056084,0.0016500000189989805
2009-05-21,False,IVV,0.2510847686224289,IEF,-0.030623250447339267,0.0016499999724328518
2009-05-22,False,IVV,0.3027017194765902,IEF,-0.03899423769093102,0.0016499999724328518
2009-05-26,False,SPY,0.33420650257321527,IEF,-0.047461844840083756,0.0016000000666826963
2009-05-27,False,SPY,0.3259700210894696,IEF,-0.07296602923587259,0.0013499999605119228
2009-05-28,False,IVV,0.2678939075070792,IEF,-0.07441841273009808,0.0013000000547617673
2009-05-29,False,SPY,0.28293362667949684,IEF,-0.07025844999102493,0.0012499999534338713
2009-06-01,False,SPY,0.26421592655818493,IEF,-0.08239984334872041,0.0008000000100582838
2009-06-02,False,SPY,0.25547289309192944,IEF,-0.07691846908435784,0.0012499999534338713
2009-06-03,False,IVV,0.24309185531245947,IEF,-0.07080914993212017,0.0012499999534338713
2009-06-04,False,SPY,0.21778654708473288,IEF,-0.08065860338258413,0.0013000000547617673
2009-06-05,False,SPY,0.1913770970695292,IEF,-0.09464218514464628,0.0017500000726431608
2009-06-08,False,SPY,0.20134225408080186,IEF,-0.10122380992790903,0.0016000000201165676
2009-06-09,False,SPY,0.23373772821397387,IEF,-0.09861753265097917,0.0008499999344348907
2009-06-10,False,IVV,0.147781628234948,IEF,-0.09401070912502862,0.000599999949336052
2009-06-11,False,IVV,0.17538098729351836,IEF,-0.07459059669224288,0.0008500000089406968
2009-06-12,False,SPY,0.16734227885808606,IEF,-0.06805132963998373,0.0008000000566244126
2009-06-15,False,SPY,0.11779605015608552,IEF,-0.06328527555795371,0.0002500000596046448
2009-06-16,False,SPY,0.12290167984951328,IEF,-0.05824546061312286,0.000650000050663948
2009-06-17,False,IVV,0.1617924886795108,IEF,-0.06327010610320238,0.0008500000834465027
2009-06-18,False,IVV,0.1593819940476664,IEF,-0.07891525177625303,0.0010500000417232513
2009-06-19,False,SPY,0.14186909631260902,IEF,-0.08040125653449004,0.0010500000417232513
2009-06-22,False,SPY,0.07616370393451843,IEF,-0.0761028000201528,0.0008000000566244126
2009-06-23,False,SPY,0.06639815389846393,IEF,-0.07826707499502761,0.0008499999344348907
2009-06-24,False,SPY,0.0840794852560478,IEF,-0.08101276054775197,0.0008000000566244126
2009-06-25,False,SPY,0.13411089512172536,IEF,-0.06085735127433023,0.0005000000447034835
2009-06-26,False,IVV,0.1185392608471445,IEF,-0.05816957008747947,0.0007499999552965164
2009-06-29,False,SPY,0.08639587263897197,IEF,-0.04771769871903675,0.0004999999701976776
2009-06-30,False,SPY,0.07735556055146309,IEF,-0.04391362245528574,0.0008000000566244126
2009-07-01,False,SPY,0.1007892415719307,IEF,-0.044725363578206556,0.0007500000298023224
2009-07-02,False,IVV,0.059344331724087596,IEF,-0.03915720698985381,0.0005499999970197678
2009-07-06,False,IVV,0.0439435043474512,IEF,-0.04479126191442373,0.0002500000596046448
2009-07-07,False,SPY,0.016966448301211523,IEF,-0.034807194347479475,0.0
2009-07-08,False,IVV,0.06061906981038656,IEF,-0.010797973436561747,-0.00045000001788139346
2009-07-09,False,SPY,0.042417362371600875,IEF,-0.01617934617403416,-0.00045000001788139346
2009-07-10,False,SPY,0.046331366158724574,IEF,-0.018022582788165153,-0.0007999999821186065
2009-07-13,False,SPY,0.0613676805882124,IEF,-0.013038363225579275,-0.0014000000059604645
2009-07-14,False,SPY,0.05148645434035215,IEF,-0.01458209686757983,-0.0011499999463558197
2009-07-15,False,SPY,0.09257704895403096,IEF,-0.029603191907056403,-0.000950000137090683
2009-07-16,False,SPY,0.09426187040806777,IEF,-0.017835076682364948,-0.0010500000417232513
2009-07-17,False,SPY,0.08320998798935597,IEF,-0.022463887409342354,-0.0010999999940395355
2009-07-20,False,IVV,0.0929514499986297,IEF,-0.03184162986232941,-0.0014500001072883606
2009-07-21,False,IVV,0.09286711355332433,IEF,-0.028508113605548835,-0.0012000000476837158
2009-07-22,False,IVV,0.05708918568623411,IEF,-0.03395054938366804,-0.0010499998927116394
2009-07-23,False,SPY,0.08437335304775417,IEF,-0.035727021003579384,-0.0010999998450279237
2009-07-24,False,SPY,0.0702621415376905,IEF,-0.049668426248446584,-0.0010499998927116394
2009-07-27,False,SPY,0.0885494093274477,IEF,-0.04716348261808767,-0.0012000000476837158
2009-07-28,False,SPY,0.05875429567512702,IEF,-0.03991902694183069,-0.0011500000953674316
2009-07-29,False,SPY,0.0762996966038445,IEF,-0.042003279067226895,-0.0008999998867511749
2009-07-30,False,IVV,0.09031554708843781,IEF,-0.039076258496144045,-0.000950000137090683
2009-07-31,False,IVV,0.11973899355991424,IEF,-0.025705795047963553,-0.001199999898672104
2009-08-03,False,IVV,0.12894117929178783,IEF,-0.027245323559222157,-0.001199999898672104
2009-08-04,False,IVV,0.14145823380585854,IEF,-0.027576847115328262,-0.0008999998867511749
2009-08-05,False,SPY,0.10684195279751485,IEF,-0.03228202595592378,-0.0007500000298023224
2009-08-06,False,SPY,0.10243903905421847,IEF,-0.04189423911072532,-0.0006000000238418579
2009-08-07,False,IVV,0.12421814988349267,IEF,-0.04702203919602599,-0.0009499998390674592
2009-08-10,False,SPY,0.1384423020609149,IEF,-0.035982601639960365,-0.0009000000357627869
2009-08-11,False,SPY,0.12663809056448438,IEF,-0.04052856933586657,-0.00019999995827674866
2009-08-12,False,IVV,0.10984785541686892,IEF,-0.038642795539354236,-0.00015000000596046448
2009-08-13,False,SPY,0.1391076694538207,IEF,-0.03153426135091231,-0.0003499999642372131
2009-08-14,False,IVV,0.11479925497748078,IEF,-0.021384786549238477,-0.0006499999761581421
2009-08-17,False,IVV,0.06775486621148508,IEF,-0.02166687354634267,-0.0004999999701976776
2009-08-18,False,SPY,0.05149071275819406,IEF,-0.027879998839546838,-0.0002500000596046448
2009-08-19,False,SPY,0.05982729728801783,IEF,-0.023518555634620353,-0.0002499999105930328
2009-08-20,False,IVV,0.08423446019664538,IEF,-0.015332200687929842,-0.0006000000238418579
2009-08-21,False,IVV,0.09505962167842474,IEF,-0.023486944901188078,-0.0006499999761581421
2009-08-24,False,IVV,0.09449209046179541,IEF,-0.04999124116034315,-0.0004999999701976776
2009-08-25,False,IVV,0.10134166540731027,IEF,-0.044241340551444464,-0.0003499999642372131
2009-08-26,False,IVV,0.0958132387439139,IEF,-0.04298484479384368,-0.0005500000715255737
2009-08-27,False,SPY,0.10152615781556595,IEF,-0.042341045420118295,-0.0004999999701976776
2009-08-28,False,SPY,0.09643499101258235,IEF,-0.038740007684088584,-0.0007500000298023224
2009-08-31,False,IVV,0.0834576423692821,IEF,-0.03006312986956583,-0.0005500000715255737
2009-09-01,False,IVV,0.08433828689983702,IEF,-0.030075751255660865,-0.0001000000536441803
2009-09-02,False,IVV,0.09469866550899231,IEF,-0.024171188175441394,4.999995231628418e-05
2009-09-03,False,IVV,0.10560069217878865,IEF,-0.031802995073974105,5.000002682209015e-05
2009-09-04,False,SPY,0.11295207181510558,IEF,-0.039300692383778424,-0.0007500000298023224
2009-09-08,False,IVV,0.11830618264894643,IEF,-0.04385506182454779,-0.0008499999344348907
2009-09-09,False,SPY,0.16185056464189862,IEF,-0.036729963989430736,-0.0005499999225139618
2009-09-10,False,IVV,0.17235552140839916,IEF,-0.018279039091496863,-0.0006499999761581421
2009-09-11,False,SPY,0.16256144566525754,IEF,-0.013100705420878156,-0.0004999999701976776
2009-09-14,False,SPY,0.14335326812956461,IEF,-0.021374140712823286,-0.0006000000238418579
2009-09-15,False,SPY,0.15113240088011604,IEF,-0.028222421364896833,-0.0005500000715255737
2009-09-16,False,SPY,0.1577131992033558,IEF,-0.023229160533909887,-0.0007999999821186065
2009-09-17,False,IVV,0.16437475957584424,IEF,-0.02417739902909244,-0.0007500000298023224
2009-09-18,False,SPY,0.16135900914888301,IEF,-0.034357666588585745,-0.0008500000834465027
2009-09-21,False,SPY,0.19092556317170928,IEF,-0.0358992094665318,-0.0004999999701976776
2009-09-22,False,SPY,0.19799545653590855,IEF,-0.02951310328455714,-0.00030000001192092895
2009-09-23,False,SPY,0.2115119300372399,IEF,-0.01948349188490439,-0.0003499999642372131
2009-09-24,False,IVV,0.19871770045655412,IEF,-0.023608695063629392,-0.00029999993741512297
2009-09-25,False,SPY,0.19028583968611446,IEF,-0.015857513617073438,-0.0004999999701976776
2009-09-28,False,IVV,0.2140635883115496,IEF,-0.011757073773136839,-0.00045000001788139346
2009-09-29,False,IVV,0.18198485657849917,IEF,-0.011977770597940363,0.0002499999850988388
2009-09-30,False,SPY,0.17087471622010253,IEF,-0.0073526237819858675,0.00020000003278255462
2009-10-01,False,IVV,0.10924074078863533,IEF,-0.003999008482609923,4.999995231628418e-05
2009-10-02,False,IVV,0.09437394517212727,IEF,0.0004256935809581197,-0.00029999993741512297
2009-10-05,False,IVV,0.10986455454169852,IEF,0.0057547490047471506,-4.999995231628418e-05
2009-10-06,False,SPY,0.11439685588234139,IEF,0.004215061238737494,-0.0005499999970197678
2009-10-07,False,SPY,0.1123151193080687,IEF,0.013879825702646897,-0.0008499999716877937
2009-10-08,False,IVV,0.12106192797730175,IEF,0.009199349440274007,-0.0011499999836087228
2009-10-09,False,IVV,0.10326312755749933,IEF,-0.0002736926841243603,-0.0010999999940395355
2009-10-12,False,SPY,0.10333343346671642,IEF,0.0022352542856527435,-0.0012000000849366188
2009-10-13,False,SPY,0.09783287018022957,IEF,0.01299875532412953,-0.0012000000849366188
2009-10-14,False,IVV,0.12017240624728709,IEF,0.004887580404193459,-0.001000000089406967
2009-10-15,False,SPY,0.12885386723279835,IEF,-0.007730476467899039,-0.0010000000149011613
2009-10-16,False,SPY,0.10883394834551985,IEF,-0.002527339943334095,-0.0012000000849366188
2009-10-19,False,IVV,0.11635087966258184,IEF,-0.005587032304666062,-0.0011000000312924385
2009-10-20,False,SPY,0.0924953155232151,IEF,-0.003422171756786052,-0.0007999999821186065
2009-10-21,False,SPY,0.07989602548010866,IEF,-0.003248734766831851,-0.0009000000357627869
2009-10-22,False,SPY,0.09402234330974157,IEF,-0.00029844791198807563,-0.0010999999567866325
2009-10-23,False,SPY,0.08714382248262909,IEF,-0.0038151366138909903,-0.001249999962747097
2009-10-26,False,IVV,0.06132511641996574,IEF,-0.012576949162603435,-0.0012000000104308128
2009-10-27,False,IVV,0.05873161411585226,IEF,0.006939244926310595,-0.0010499999672174453
2009-10-28,False,SPY,0.051913789617120676,IEF,0.015975721484196015,-0.0011499999836087228
2009-10-29,False,IVV,0.06292253655998592,IEF,0.017883154575244697,-0.0011500000581145286
2009-10-30,False,SPY,0.024448405168496556,IEF,0.037203100017843216,-0.0011499999463558197
2009-11-02,False,SPY,0.03995342200527996,IEF,0.0290999610211069,-0.0009500000625848771
2009-11-03,False,SPY,0.0695604765695661,IEF,0.015270859613637944,-0.0007999999448657036
2009-11-04,False,IVV,0.06123079227680539,IEF,0.02927319363639702,-0.00039999999105930326
2009-11-05,False,IVV,0.07361596962954575,IEF,0.026068440676963345,-0.0009499999508261681
2009-11-06,False,SPY,0.06585103478670606,IEF,0.022876415917381543,-0.0008499999344348907
2009-11-09,False,SPY,0.0691654359847158,IEF,0.0353342934781522,-0.0009000000357627869
2009-11-10,False,IVV,0.06930483412364863,IEF,0.0465382300033883,-0.0012000000849366188
2009-11-11,False,IVV,0.07265687637832152,IEF,0.05489055597678383,-0.0011000000312924385
2009-11-12,False,SPY,0.06183307657595338,IEF,0.0507074625148507,-0.0011999999731779098
2009-11-13,False,SPY,0.06520482254020643,IEF,0.05784719111763903,-0.0011999999731779098
2009-11-16,False,IVV,0.08064383601471925,IEF,0.05632245731165142,-0.0011500000208616258
2009-11-17,False,IVV,0.0913980973970836,IEF,0.05303972769921872,-0.0011000000685453416
2009-11-18,False,SPY,0.1157685842511289,IEF,0.0457088974089479,-0.0012500000186264515
2009-11-19,False,SPY,0.10542049682303811,IEF,0.04114560582696969,-0.0016000000666826963
2009-11-20,False,SPY,0.09241176750051561,IEF,0.043816322206210456,-0.0015500000678002833
2009-11-23,False,SPY,0.09100463789735747,IEF,0.0551562026660386,-0.0015000000223517418
2009-11-24,False,IVV,0.08292787126480428,IEF,0.05568092258792534,-0.00130000002682209
2009-11-25,False,IVV,0.0787620775756448,IEF,0.05355217112512656,-0.0014500000327825546
2009-11-27,False,SPY,0.05059555269057192,GBF,0.051729821177972424,-0.001699999924749136
2009-11-30,False,IVV,0.05420495995956909,BND,0.057875110091115456,-0.001300000064074993
2009-12-01,False,IVV,0.06068808229285838,IEF,0.04175027623385419,-0.0011500000581145286
2009-12-02,False,SPY,0.057319986358359554,IEF,0.03823081030700082,-0.0013499999791383743
2009-12-03,False,SPY,0.03341188299124642,IEF,0.031226547826115114,-0.0011999999731779098
2009-12-04,False,IVV,0.040679755350959024,IEF,0.026291068152903607,-0.0014000000804662704
2009-12-07,False,IVV,0.03841482260163276,IEF,0.029769900636166247,-0.0015000000689178706
2009-12-08,False,SPY,0.029685642648946686,IEF,0.029959567962604572,-0.0013000000081956386
2009-12-09,False,IVV,0.027323565559064233,IEF,0.027255580940744206,-0.0013000000081956386
2009-12-10,False,IVV,0.041666501823169,IEF,0.01972766059023079,-0.0015500000678002833
2009-12-11,False,SPY,0.058089793005501544,IEF,0.003126784541607197,-0.001549999974668026
2009-12-14,False,IVV,0.0702844440632524,IEF,0.009039947245971236,-0.001549999974668026
2009-12-15,False,SPY,0.04730949146572194,IEF,-0.00040828251054803033,-0.001250000074505806
2009-12-16,False,SPY,0.052075295984402414,IEF,0.003184417527196892,-0.0013500000163912773
2009-12-17,False,IVV,0.042165688128850354,IEF,0.018832600107067998,-0.0013499999791383743
2009-12-18,False,SPY,0.0760739202878089,IEF,0.027089341944674272,-0.0013499999791383743
2009-12-21,False,IVV,0.09100634791376883,IEF,0.010502225819459365,-0.0012000000476837158
2009-12-22,False,IVV,0.07953976723835998,IEF,0.012821516103430852,-0.0009500000625848771
2009-12-23,False,SPY,0.06674890978230286,IEF,0.00866990531220524,-0.0010499999672174453
2009-12-24,False,SPY,0.06886145602532046,IEF,-0.006061163918142265,-0.0014000000804662704
2009-12-28,False,SPY,0.06300307282447082,IEF,-0.002841056544273246,-0.001250000074505806
2009-12-29,False,SPY,0.055062647799391407,IEF,0.009577095001934266,-0.0008500000834465027
2009-12-30,False,IVV,0.050550425641435526,IEF,0.009262074278774568,-0.0014000000804662704
2009-12-31,False,IVV,0.04243030886882582,IEF,0.009092351742108873,-0.001300000064074993
2010-01-04,False,IVV,0.0415224625380366,IEF,0.009570862233706512,-0.00130000002682209
2010-01-05,False,IVV,0.041035899481415505,IEF,0.013327894329254741,-0.0011499999836087228
2010-01-06,False,IVV,0.04967721793687763,IEF,0.005213640934428332,-0.0012999999523162842
2010-01-07,False,IVV,0.04547403050407084,IEF,-0.004820583043678273,-0.0012999999523162842
2010-01-08,False,IVV,0.05420043382247841,IEF,0.007114099424762488,-0.0013499999791383743
2010-01-11,False,SPY,0.06576438728456035,IEF,0.010714690706374874,-0.0014999999664723873
2010-01-12,False,SPY,0.04520160390862493,IEF,0.023803897476524227,-0.0013499999791383743
2010-01-13,False,IVV,0.0655722836846957,IEF,0.018894623018033352,-0.0012000000104308128
2010-01-14,False,SPY,0.08080405961016957,IEF,0.03050754488621754,-0.00125
2010-01-15,False,IVV,0.07340015073729567,IEF,0.028487336614346992,-0.0010499999672174453
2010-01-19,False,IVV,0.10752574327598219,IEF,0.01956959501400779,-0.001300000064074993
2010-01-20,False,SPY,0.0736344994484206,IEF,0.02594180245540545,-0.0012000000104308128
2010-01-21,False,IVV,0.08325853677562578,IEF,0.021706052393207775,-0.001250000074505806
2010-01-22,False,SPY,0.05251123226422538,IEF,0.019445491974889206,-0.00125
2010-01-25,False,SPY,0.054572363507209065,IEF,0.010273923056838274,-0.00125
2010-01-26,False,SPY,0.04745053858343118,IEF,0.01585281668905303,-0.0010999999940395355
2010-01-27,False,SPY,0.03342315860848322,IEF,0.009716974157711444,-0.0009500000625848771
2010-01-28,False,IVV,0.018134082037605026,IEF,0.006730407694354401,-0.0008999999612569809
2010-01-29,False,IVV,-0.015346269291846237,IEF,0.021022768940630376,-0.0008999999612569809
2010-02-01,False,IVV,0.000474520921120547,IEF,0.011259816241951048,-0.0007000000029802323
2010-02-02,False,SPY,0.007482849960167126,IEF,0.010279006519401168,-0.0006499999761581421
2010-02-03,False,IVV,0.012677407903542548,IEF,0.004144678549238945,-0.0005499999225139618
2010-02-04,False,IVV,-0.024099717229546624,IEF,0.015195825488211634,-0.0005499999970197678
2010-02-05,False,SPY,-0.03575027280997933,IEF,0.016105871478140132,-0.00044999994337558747
2010-02-08,False,SPY,-0.043828840340572106,IEF,0.012219266741198442,-0.00039999991655349733
2010-02-09,False,SPY,-0.031210029409782236,IEF,0.00414829224857316,-0.00029999993741512297
2010-02-10,True,SPY,-0.020341290675244483,IEF,-0.004069909072883293,-0.00029999993741512297
2010-02-11,True,IVV,-0.008033698566773273,IEF,-0.001707960380322504,-0.00030000001192092895
2010-02-12,True,IVV,-0.020433071352833454,IEF,0.00665728373351504,-0.0003499999642372131
2010-02-16,True,SPY,-0.005939491330303803,IEF,0.011219223414542068,-0.00039999999105930326
2010-02-17,False,IVV,-0.00475577759407686,IEF,0.004961538880128069,-0.00045000001788139346
2010-02-18,False,IVV,0.01739107417498409,IEF,-0.006038811182250803,-0.0005000000447034835
2010-02-19,False,SPY,0.016357497994045955,IEF,-0.00840147963819482,-0.00040000006556510924
2010-02-22,False,SPY,0.004119037764777289,IEF,-0.003328716293853562,-0.00044999994337558747
2010-02-23,False,IVV,-0.008806542367483572,IEF,0.00633380396007599,-9.999997913837433e-05
2010-02-24,False,IVV,0.008772440182923447,IEF,0.0076652813422455335,0.00015000000596046448
2010-02-25,False,SPY,0.0023042606255609943,IEF,0.0063848268289286025,0.00020000003278255462
2010-02-26,False,IVV,0.004058174327086883,IEF,0.013358677304665889,0.0003500000387430191
2010-03-01,False,IVV,0.025426167388357568,IEF,0.015078425191873857,0.00029999993741512297
2010-03-02,False,IVV,0.025002023884566738,IEF,0.012970915562803276,0.00030000001192092895
2010-03-03,False,SPY,0.020467945313182634,IEF,0.009754199905377403,0.00040000006556510924
2010-03-04,False,IVV,0.01903182563485717,IEF,0.008785122792057232,0.00045000001788139346
2010-03-05,False,IVV,0.02673220279135813,IEF,-2.8974563049954938e-05,0.0005499999225139618
2010-03-08,False,SPY,0.03174864377369402,IEF,-0.00441604786256955,0.0005499999225139618
2010-03-09,False,IVV,0.03128757355940892,IEF,-0.0014390453898946998,0.00030000008642673494
2010-03-10,False,SPY,0.04909190120547047,IEF,-0.003856080329359357,0.00029999993741512297
2010-03-11,False,IVV,0.04727942816815167,IEF,-0.012170864743942245,0.0004999999701976776
2010-03-12,False,SPY,0.03709692466119607,IEF,-0.010208373241480717,0.0004999999701976776
2010-03-15,False,SPY,0.0336526519756315,IEF,-0.010101237832352616,0.0005499999225139618
2010-03-16,False,SPY,0.0398393452204453,IEF,-0.003033696321360524,0.0008500000089406968
2010-03-17,False,IVV,0.04029065024531331,IEF,-0.008150421006127617,0.0009000000730156898
2010-03-18,False,IVV,0.03800958266453636,IEF,-0.007150405182893449,0.0008499999716877937
2010-03-19,False,IVV,0.033988514663678915,IEF,0.0011418693002143154,0.0007999999821186065
2010-03-22,False,IVV,0.0403932806521623,IEF,0.0015252600003390349,0.0008000000193715095
2010-03-23,False,SPY,0.057910090431476435,IEF,-0.0028499174964553564,0.0006999999657273292
2010-03-24,False,SPY,0.03521713185185593,IEF,-0.005998352436489496,0.0007000000774860382
2010-03-25,False,SPY,0.03080535065371537,IEF,-0.006413755800381504,0.0007499999552965164
2010-03-26,False,SPY,0.029461734181494226,IEF,-0.008630801380710595,0.0006999999657273292
2010-03-29,False,SPY,0.03164155332327123,IEF,-0.011580116565122589,0.000650000013411045
2010-03-30,False,IVV,0.028786546412592262,IEF,-0.012837520438674921,0.0007500000298023224
2010-03-31,False,IVV,0.023605496763915657,IEF,-0.008256054840114602,0.0008500000834465027
2010-04-01,False,SPY,0.04069251502193594,IEF,-0.007397134135516237,0.001000000052154064
2010-04-05,False,SPY,0.040386293754475666,IEF,-0.011459013726770051,0.0010999999567866325
2010-04-06,False,IVV,0.039862978965722995,IEF,-0.002862191797826541,0.0011500000581145286
2010-04-07,False,SPY,0.04582369087032534,IEF,-0.0052231952227652645,0.0008999999612569809
2010-04-08,False,SPY,0.03649492871876747,IEF,-0.009372018619069444,0.000950000025331974
2010-04-09,False,IVV,0.053717887185385615,IEF,-0.0034802926987349547,0.001000000052154064
2010-04-12,False,SPY,0.07639274881308533,IEF,-0.008180211678415983,0.0009000000357627869
2010-04-13,False,IVV,0.10163220188529642,IEF,-0.003672337206810039,0.0011000000685453416
2010-04-14,False,IVV,0.10807310076996646,IEF,-0.004044456513226602,0.0010500000044703483
2010-04-15,False,SPY,0.11416614294822836,GBF,-0.001292987555995162,0.0010500000417232513
2010-04-16,False,SPY,0.09124604149398108,IEF,0.0062051610649134226,0.0011500000581145286
2010-04-19,False,SPY,0.10807190689856361,IEF,0.0007597479686369812,0.0010500000417232513
2010-04-20,False,SPY,0.13025190196056013,IEF,0.0007635014724913791,0.0009999999403953552
2010-04-21,False,SPY,0.11092015926775578,IEF,0.0032260740407199506,0.0008499999716877937
2010-04-22,False,IVV,0.10073719422922367,IEF,-0.0019687765771825294,0.0009000000730156898
2010-04-23,False,IVV,0.11335057063441778,IEF,-0.005072411553768474,0.0010000000149011613
2010-04-26,False,IVV,0.1445323086665855,IEF,-0.00516968215446334,0.0009500000625848771
2010-04-27,False,IVV,0.115332274723001,IEF,-0.0012088170793981279,0.0008999999612569809
2010-04-28,False,SPY,0.13203849854795324,IEF,-0.008448699158125406,0.0010000000149011613
2010-04-29,False,IVV,0.13166001612094136,IEF,-0.004306357689166873,0.0012999999709427358
2010-04-30,False,SPY,0.1148425120832457,IEF,0.0005671501765140974,0.001500000013038516
2010-05-03,False,SPY,0.11759558366025225,IEF,-0.0019454162288627952,0.0014999999664723873
2010-05-04,False,SPY,0.09222462025343958,IEF,0.006228153761518751,0.0013500000163912773
2010-05-05,False,SPY,0.0689000934039894,IEF,0.004954677355556436,0.0010499999672174453
2010-05-06,False,IVV,0.02794062839915812,GBF,0.004743428044030162,0.0006000000238418579
2010-05-07,False,IVV,0.005773800723176237,IEF,0.005260881418344798,0.0009499999694526195
2010-05-10,False,IVV,0.04917452748893614,IEF,-0.004002800985045574,0.0009499999508261681
2010-05-11,False,IVV,0.045929146998282766,IEF,0.002727998281372157,0.001000000052154064
2010-05-12,False,IVV,0.07390607407678718,IEF,0.002265544871920211,0.0011000000685453416
2010-05-13,False,SPY,0.05096226674386495,IEF,0.00972690608985527,0.0011500000208616258
2010-05-14,False,SPY,0.03333320700179887,GBF,0.021552198313390614,0.0010499999672174453
2010-05-17,False,SPY,0.03322457651574173,IEF,0.018813480003833982,0.001350000062957406
2010-05-18,False,SPY,0.008694841136493103,GBF,0.02238756445542034,0.001400000061839819
2010-05-19,False,SPY,0.00018032677597168423,GBF,0.02545879475846302,0.001400000061839819
2010-05-20,False,SPY,-0.038442460185128424,GBF,0.02728723184696258,0.0013000000081956386
2010-05-21,False,IVV,-0.0276675591277169,GBF,0.027478393887391928,0.001300000064074993
2010-05-24,False,SPY,-0.0533607285596458,GBF,0.029676323394844273,0.001300000064074993
2010-05-25,False,IVV,-0.05269007269214687,GBF,0.03220595295910855,0.0011999999731779098
2010-05-26,False,IVV,-0.05988694373193537,GBF,0.027561628525773596,0.001249999962747097
2010-05-27,False,SPY,-0.032650422396256706,GBF,0.01971605375522567,0.0011999999731779098
2010-05-28,False,IVV,-0.048824452984800426,GBF,0.023264542713775205,0.0011000000685453416
2010-06-01,False,IVV,-0.06487149073642529,GBF,0.030134581686755535,0.0009999999403953552
2010-06-02,False,IVV,-0.040998171393102356,GBF,0.03093154933077269,0.0007499999552965164
2010-06-03,False,IVV,-0.045447840079970936,GBF,0.026490416358643243,0.0007499999552965164
2010-06-04,False,IVV,-0.08414842595224081,GBF,0.03568013218950816,0.0007999999821186065
2010-06-07,False,SPY,-0.09497260664015827,GBF,0.037369975176375636,0.0004999999701976776
2010-06-08,False,IVV,-0.0813810955118216,GBF,0.03853527725866979,0.00015000000596046448
2010-06-09,False,IVV,-0.09092575283645932,GBF,0.03566976796127497,0.0005499999970197678
2010-06-10,False,SPY,-0.0703520857067419,GBF,0.03339738218590749,0.00035000000149011613
2010-06-11,False,IVV,-0.061702904527714764,GBF,0.03431085802922018,0.00015000000596046448
2010-06-14,False,SPY,-0.06120883679934164,GBF,0.03200064922957924,-4.9999989569187166e-05
2010-06-15,False,IVV,-0.04049221024677019,GBF,0.030166520549160802,0.0003499999642372131
2010-06-16,False,IVV,-0.04587524892585071,GBF,0.031320831713014696,0.00045000001788139346
2010-06-17,False,SPY,-0.04480354054990954,GBF,0.031758741255159206,0.0005000000447034835
2010-06-18,False,SPY,-0.04049923283223045,GBF,0.03146179129847115,0.0006999999843537808
2010-06-21,False,IVV,-0.05024931337368499,GBF,0.02784804523652573,0.0006499999761581421
2010-06-22,False,IVV,-0.07301090260412624,GBF,0.03590537510095482,0.0007499999925494194
2010-06-23,False,SPY,-0.07804367387212308,GBF,0.03321923228055401,0.0007499999552965164
2010-06-24,False,SPY,-0.08811215852920118,GBF,0.02906969758496869,0.0007000000029802323
2010-06-25,False,SPY,-0.08745309840274984,GBF,0.03573839607270868,0.0007499999925494194
2010-06-28,False,SPY,-0.09626436614269851,GBF,0.03568736137386663,0.0008500000461935997
2010-06-29,False,SPY,-0.1255571531600882,GBF,0.033214449035484206,0.0011999999731779098
2010-06-30,False,IVV,-0.1356736422535596,GBF,0.035596973602001425,0.00125
2010-07-01,False,SPY,-0.14804101582343254,GBF,0.04066986401666717,0.0012000000476837158
2010-07-02,False,SPY,-0.15338263114388262,GBF,0.0353446641686177,0.000949999988079071
2010-07-06,False,IVV,-0.13418695550628468,BND,0.04211238627642899,0.0008999999612569809
2010-07-07,False,SPY,-0.11013397898210375,BND,0.040438675996189444,0.0008500000089406968
2010-07-08,False,IVV,-0.109374769437807,GBF,0.036303842391131935,0.0007499999552965164
2010-07-09,False,IVV,-0.10128407465081601,GBF,0.03537201943692536,0.000599999949336052
2010-07-12,False,SPY,-0.1030901647245771,GBF,0.03554304909527084,0.0004999999701976776
2010-07-13,False,SPY,-0.09546182661027836,BND,0.036485225593123394,0.0005499999225139618
2010-07-14,False,SPY,-0.09211620664977471,BND,0.037211546827410125,0.000599999949336052
2010-07-15,False,SPY,-0.06986968037241081,BND,0.036537134190202325,0.000599999949336052
2010-07-16,False,SPY,-0.10229957393575162,BND,0.03984946822293378,0.0005499999225139618
2010-07-19,False,SPY,-0.10805481986131693,BND,0.04079424214064731,0.00044999994337558747
2010-07-20,False,IVV,-0.08293368515324906,BND,0.043030719975976295,0.0005000000447034835
2010-07-21,False,SPY,-0.10611229522990384,BND,0.04846356522992723,0.0005500000715255737
2010-07-22,False,IVV,-0.06463718666339302,BND,0.04585552719358588,0.0005499999225139618
2010-07-23,False,IVV,-0.050757559245365846,BND,0.04274702678714837,0.000599999949336052
2010-07-26,False,SPY,-0.007519483599309762,BND,0.045630376907360715,0.0005499999225139618
2010-07-27,False,SPY,0.007376565814000591,BND,0.046572444937693636,0.000650000050663948
2010-07-28,False,SPY,-0.041345622347081945,BND,0.048369722943329974,0.0004999999701976776
2010-07-29,False,SPY,-0.04329898943151178,BND,0.04992469803039645,0.000599999949336052
2010-07-30,False,SPY,-0.05666509558823907,BND,0.047488874086216715,0.0002499999850988388
2010-08-02,False,IVV,-0.023457291245802647,GBF,0.045223522727168675,0.00030000001192092895
2010-08-03,False,IVV,-0.010432664522372237,GBF,0.04683273600474047,0.0003500000387430191
2010-08-04,False,SPY,-0.0038838701951736665,GBF,0.043206307644568565,0.00029999993741512297
2010-08-05,False,IVV,0.008607188196007254,BND,0.04463484358443259,0.00020000003278255462
2010-08-06,False,IVV,0.010243426446848503,BND,0.04690914181780759,0.00015000000596046448
2010-08-09,False,IVV,0.0553269350291814,BND,0.04550207694177133,4.999995231628418e-05
2010-08-10,False,SPY,0.03486986694508021,BND,0.04688103385211395,9.999990463256836e-05
2010-08-11,False,SPY,0.019590089202496053,BND,0.049228542794746755,0.0
2010-08-12,False,SPY,0.012305657303780082,BND,0.04902853828603737,5.0000101327896115e-05
2010-08-13,False,SPY,0.015445815939594931,BND,0.05130877275829193,-5.0000101327896115e-05
2010-08-16,False,SPY,-0.017921380610061766,BND,0.05606972690329837,5.0000101327896115e-05
2010-08-17,False,SPY,0.006779198635976202,BND,0.05466679597106339,0.0001000000536441803
2010-08-18,False,SPY,0.025874804809418173,BND,0.0536288455815479,0.0001000000536441803
2010-08-19,False,SPY,-0.01755412812048096,BND,0.05459622777537598,0.0
2010-08-20,False,SPY,-0.0241027984087121,BND,0.05133992610770233,-0.0001000000536441803
2010-08-23,False,SPY,0.0075793626002411685,BND,0.05171257799820572,0.0
2010-08-24,False,SPY,0.0051388031206542895,BND,0.057269225796774625,0.0001000000536441803
2010-08-25,False,SPY,-0.001650689141261985,BND,0.055066975679068486,5.0000101327896115e-05
2010-08-26,False,SPY,-0.003011050208209576,BND,0.05489864943674916,4.999995231628418e-05
2010-08-27,False,IVV,-0.016854273171891587,BND,0.05005508584584817,0.0001000000536441803
2010-08-30,False,SPY,-0.035274608031196086,BND,0.060097550868943195,-5.0000101327896115e-05
2010-08-31,False,SPY,-0.03377691592879528,BND,0.06525328300335653,5.0000101327896115e-05
2010-09-01,False,SPY,-0.027000041558198018,BND,0.05957053231298026,0.0
2010-09-02,False,SPY,-0.01758798076624124,BND,0.05979010199636137,0.0
2010-09-03,False,SPY,-0.006442168988314845,BND,0.055717116828228,-0.0002500000596046448
2010-09-07,False,SPY,-0.018705723042467315,BND,0.05928131087013089,-0.00030000008642673494
2010-09-08,False,SPY,-0.008975425595506792,BND,0.056660687886679995,-0.0002000001072883606
2010-09-09,False,IVV,0.012149331076179992,BND,0.05884663043849958,-0.0002499999105930328
2010-09-10,False,SPY,0.02059863424295605,BND,0.05674538226033454,-0.00030000001192092895
2010-09-13,False,IVV,0.0493325676392431,BND,0.05542736756899358,-0.0002499999105930328
2010-09-14,False,SPY,0.044312277400545774,BND,0.057508541208946884,-0.0001000000536441803
2010-09-15,False,SPY,0.05161355531726097,BND,0.05446996643418589,0.0
2010-09-16,False,IVV,0.08452878180853873,BND,0.05173492420474157,0.00015000000596046448
2010-09-17,False,SPY,0.09564241412735308,BND,0.0506321062439572,-5.0000101327896115e-05
2010-09-20,False,IVV,0.11675219150403193,BND,0.05219935313820723,-4.999995231628418e-05
2010-09-21,False,IVV,0.12066313979938537,BND,0.05444636350550769,4.999995231628418e-05
2010-09-22,False,SPY,0.10845955863674361,BND,0.0530839688204916,4.999995231628418e-05
2010-09-23,False,SPY,0.06589596572788503,BND,0.05466721826724097,0.0
2010-09-24,False,IVV,0.07670769852144299,BND,0.051176888966839584,-4.999995231628418e-05
2010-09-27,False,IVV,0.06403297069829716,BND,0.05485300357375622,-0.00015000000596046448
2010-09-28,False,SPY,0.06714667562900045,BND,0.0578160778341541,0.0
2010-09-29,False,IVV,0.04893398877402122,BND,0.05746506904759907,0.0
2010-09-30,False,IVV,0.04620826043622328,BND,0.057487094931729654,4.999995231628418e-05
2010-10-01,False,IVV,0.050296128209733615,BND,0.0527783160402544,5.0000101327896115e-05
2010-10-04,False,IVV,0.07214223338290604,BND,0.05612548548381624,-0.0001000000536441803
2010-10-05,False,IVV,0.0865780295680394,BND,0.0559840582348996,-0.00044999994337558747
2010-10-06,False,IVV,0.07528459045559566,BND,0.055361791142810146,-0.00039999999105930326
2010-10-07,False,IVV,0.08796008249940912,BND,0.05771819664896505,-0.00044999994337558747
2010-10-08,False,IVV,0.07035963000381695,BND,0.05339572055582398,-0.00039999999105930326
2010-10-11,False,SPY,0.06217235072461502,BND,0.052485891673969665,0.0
2010-10-12,False,IVV,0.054303721802142046,BND,0.04740045818681837,0.00015000000596046448
2010-10-13,False,IVV,0.06259083637197094,BND,0.051672074375493704,9.999997913837433e-05
2010-10-14,False,SPY,0.06549514803122203,BND,0.04879123325609602,-9.999990463256836e-05
2010-10-15,False,SPY,0.07290010883908526,BND,0.044936021093482825,-0.00015000000596046448
2010-10-18,False,IVV,0.07794643079089458,BND,0.05176464601419539,-0.00015000000596046448
2010-10-19,False,SPY,0.04074968457217554,BND,0.051313408419660034,-0.00019999995827674866
2010-10-20,False,IVV,0.05592018330185633,BND,0.04739158306960434,-9.999990463256836e-05
2010-10-21,False,IVV,0.05103767786827529,BND,0.046374409581945386,-0.00030000008642673494
2010-10-22,False,SPY,0.0543516015763148,BND,0.041840638944855124,-0.0004500000923871994
2010-10-25,False,IVV,0.06144766067442209,BND,0.04221236608640733,-0.0005000000447034835
2010-10-26,False,SPY,0.05633736434738745,BND,0.03750786343335211,-0.0002500000596046448
2010-10-27,False,IVV,0.05857573569928465,BND,0.03395766047801674,-0.0002000001072883606
2010-10-28,False,SPY,0.08905658203863998,BND,0.03760440956624356,-0.0002500000596046448
2010-10-29,False,SPY,0.09660651353746097,BND,0.039230918652312985,-0.0004999999701976776
2010-11-01,False,IVV,0.10018750730209391,BND,0.04049664051845703,-0.0005499999970197678
2010-11-02,False,IVV,0.10928222841761492,BND,0.0462865080997692,-0.0003499999642372131
2010-11-03,False,SPY,0.10039358077212279,BND,0.045342261869042444,-0.00030000008642673494
2010-11-04,False,IVV,0.11937093765459394,BND,0.047793948553306986,-0.00029999993741512297
2010-11-05,False,IVV,0.14342430024683694,BND,0.04428443595442211,-0.0002499999850988388
2010-11-08,False,SPY,0.14522214179859927,BND,0.0457107972029871,-0.00019999995827674866
2010-11-09,False,IVV,0.1410824002807054,BND,0.037545869267108234,5.000002682209015e-05
2010-11-10,False,IVV,0.1626164475366958,BND,0.03394936932659909,0.00020000003278255462
2010-11-11,False,SPY,0.15434403081472614,BND,0.03471163814122846,0.00015000000596046448
2010-11-12,False,SPY,0.14837488653412922,BND,0.030054677652389117,0.00030000001192092895
2010-11-15,False,SPY,0.12925810224049084,BND,0.029363689322485342,0.00044999994337558747
2010-11-16,False,IVV,0.12730201808797226,GBF,0.029005065987309564,0.000650000050663948
2010-11-17,False,IVV,0.12758978343148608,BND,0.031099899158655075,0.0008000000566244126
2010-11-18,False,SPY,0.1119509804458414,BND,0.032899412126103256,0.0005500000715255737
2010-11-19,False,IVV,0.10430526148975305,BND,0.03071211802337448,0.00039999991655349733
2010-11-22,False,IVV,0.08939240485615074,BND,0.030916999683806123,0.0003499999642372131
2010-11-23,False,IVV,0.08537467966952472,BND,0.03155199265409725,0.00045000001788139346
2010-11-24,False,SPY,0.09449737934370761,BND,0.026393290770947653,0.0004500000923871994
2010-11-26,False,SPY,0.07677585904712814,BND,0.026363971961402166,0.00030000001192092895
2010-11-29,False,IVV,0.07417969163118698,BND,0.02458109265530517,0.0003500000387430191
2010-11-30,False,VOO,0.055380379286032566,BND,0.02635011490011996,0.0003499999642372131
2010-12-01,False,VOO,0.07939432370549748,BND,0.018809231436808904,0.00030000001192092895
2010-12-02,False,IVV,0.08936215339955167,BND,0.01604902784328277,9.999990463256836e-05
2010-12-03,False,SPY,0.09286076401566601,BND,0.015301436489084885,-0.00030000001192092895
2010-12-06,False,SPY,0.09129740210089388,BND,0.018425062220971178,-0.00045000001788139346
2010-12-07,False,VOO,0.07434854658405654,IEF,0.007292624720168117,-0.0002500000596046448
2010-12-08,False,IVV,0.08154187789894274,IEF,0.0004769162864473042,-0.0002499999105930328
2010-12-09,False,SPY,0.09116550548161118,IEF,0.00018920640927189147,-0.0002499999105930328
2010-12-10,False,SPY,0.10648929609170876,IEF,-0.005171278497364318,-0.00039999999105930326
2010-12-13,False,SPY,0.0848283815475146,IEF,0.00044043516143177364,-0.0002499999850988388
2010-12-14,False,SPY,0.0910126264569262,IEF,-0.00750482754985804,-9.999990463256836e-05
2010-12-15,False,VOO,0.07998443598122584,IEF,-0.013237529304124918,-4.999995231628418e-05
2010-12-16,False,IVV,0.09022032091392185,IEF,-0.002419592749699495,-0.00019999995827674866
2010-12-17,False,VOO,0.09467221364383449,IEF,0.0011758929170557764,-0.00039999999105930326
2010-12-20,False,IVV,0.09260893266652892,IEF,-0.004077088723833944,-0.00044999994337558747
2010-12-21,False,IVV,0.10767481627527786,IEF,-0.007678906349265602,-0.00015000000596046448
2010-12-22,False,VOO,0.08933302394559228,IEF,-0.007837468754066879,-0.00015000000596046448
2010-12-23,False,SPY,0.08817158534017988,IEF,-0.012364387600663607,-0.0002000001072883606
2010-12-27,False,SPY,0.08991962749118199,IEF,-0.01483454821676422,-0.00030000008642673494
2010-12-28,False,VOO,0.08386716661984184,IEF,-0.019791227031193626,-4.999995231628418e-05
2010-12-29,False,SPY,0.08514567402395423,IEF,-0.0055511153214591324,-0.00019999995827674866
2010-12-30,False,VOO,0.0786645471099261,IEF,-0.00725902942634149,-0.0003499999642372131
2010-12-31,False,SPY,0.07200913102850559,IEF,0.001199790238442855,-0.0003500000387430191
2011-01-03,False,IVV,0.0861341228672039,IEF,-0.006178089634208406,-0.0002499999850988388
2011-01-04,False,IVV,0.0841664469511092,IEF,-0.005921902250211053,-9.999990463256836e-05
2011-01-05,False,VOO,0.08246691672066042,IEF,-0.02235098486852438,-4.999995231628418e-05
2011-01-06,False,IVV,0.09694118829583331,IEF,-0.014242243980387759,0.0
2011-01-07,False,VOO,0.08419048644200999,IEF,-0.012328580063409533,-0.00015000000596046448
2011-01-10,False,SPY,0.08057077165641524,IEF,-0.004821526949013721,-9.999990463256836e-05
2011-01-11,False,IVV,0.08220367972729203,IEF,-0.013468747102395207,4.999995231628418e-05
2011-01-12,False,SPY,0.08893182752272422,IEF,-0.02270652296307707,4.999995231628418e-05
2011-01-13,False,SPY,0.08697008300798226,IEF,-0.01591952797164431,0.0
2011-01-14,False,IVV,0.09743907897640725,IEF,-0.023577696345859045,0.0
2011-01-18,False,IVV,0.09939800641693664,IEF,-0.031440333824873656,0.0
2011-01-19,False,IVV,0.08804783073261668,IEF,-0.026472080623963223,4.999995231628418e-05
2011-01-20,False,SPY,0.08625300073928255,IEF,-0.03817793960120541,0.0001000000536441803
2011-01-21,False,SPY,0.08014673935617167,IEF,-0.04191444083333906,0.0
2011-01-24,False,IVV,0.0817469751471549,IEF,-0.036936571842874466,-4.999995231628418e-05
2011-01-25,False,IVV,0.061911749644180336,IEF,-0.031109654239138362,0.0
2011-01-26,False,SPY,0.06218988336413345,IEF,-0.04128340336484215,0.0001000000536441803
2011-01-27,False,VOO,0.0662767249458569,IEF,-0.03455826234800419,-4.999995231628418e-05
2011-01-28,False,IVV,0.055538535038296866,IEF,-0.031410693043692595,-0.00015000000596046448
2011-01-31,False,IVV,0.05942925997024906,IEF,-0.04280160224766283,-0.0001000000536441803
2011-02-01,False,VOO,0.07992131751091125,IEF,-0.042910450805794254,0.0
2011-02-02,False,SPY,0.09131627982106627,IEF,-0.04950206941421631,5.0000101327896115e-05
2011-02-03,False,IVV,0.09507058109439903,IEF,-0.04393873082642141,4.999995231628418e-05
2011-02-04,False,SPY,0.11577301820388275,IEF,-0.05704768449780351,0.00015000000596046448
2011-02-07,False,IVV,0.12202823423284981,IEF,-0.0616377092650493,4.999995231628418e-05
2011-02-08,False,SPY,0.1109307369966488,IEF,-0.06132052521228293,0.00015000000596046448
2011-02-09,False,SPY,0.10537553808255984,IEF,-0.052010585111640806,4.999995231628418e-05
2011-02-10,False,SPY,0.10671380459685742,IEF,-0.049676832846270114,-0.00015000000596046448
2011-02-11,False,SPY,0.12967561894184088,IEF,-0.052801194354674785,-9.999997913837433e-05
2011-02-14,False,IVV,0.11568943651282027,IEF,-0.049876268359723364,-0.00019999995827674866
2011-02-15,False,VOO,0.12066097955504795,IEF,-0.04014945301942352,-0.0001000000536441803
2011-02-16,False,IVV,0.1287552955589295,IEF,-0.03873142706927635,-0.0002500000596046448
2011-02-17,False,SPY,0.13896521025393538,IEF,-0.039738585891317624,-0.00045000001788139346
2011-02-18,False,SPY,0.11757275996219874,IEF,-0.04476136964738919,-0.0005499999225139618
2011-02-22,False,VOO,0.08077764253159803,IEF,-0.03217452229312501,-0.0005000000447034835
2011-02-23,False,SPY,0.07176379818820289,IEF,-0.03118266477988285,-0.0003500000387430191
2011-02-24,False,SPY,0.07216189246254867,IEF,-0.030876194210685215,-0.0002499999850988388
2011-02-25,False,IVV,0.08284212690691817,IEF,-0.030743162284768144,-0.0002500000596046448
2011-02-28,False,VOO,0.0855150365079631,IEF,-0.04011035103660965,-0.00019999995827674866
2011-03-01,False,VOO,0.06301293177686929,IEF,-0.040480076739906834,-0.0002500000596046448
2011-03-02,False,IVV,0.05893119606688346,IEF,-0.04687301785432896,-0.00030000008642673494
2011-03-03,False,IVV,0.07684528920222289,IEF,-0.048626565967118895,-0.00015000000596046448
2011-03-04,False,IVV,0.06801506023764592,IEF,-0.04916555736693551,-0.00019999995827674866
2011-03-07,False,VOO,0.0640982050918264,IEF,-0.054670747967219935,-0.0005000000447034835
2011-03-08,False,SPY,0.06775550989654788,IEF,-0.05463464997974821,-0.0005000000447034835
2011-03-09,False,IVV,0.06473842142729147,IEF,-0.04795465316531744,-0.0006000000238418579
2011-03-10,False,SPY,0.04285718552867346,IEF,-0.04037348570394572,-0.0008500000834465027
2011-03-11,False,SPY,0.043464184053866095,IEF,-0.046004707282602975,-0.0007499999552965164
2011-03-14,False,IVV,0.03386600390633876,IEF,-0.04405332239291915,-0.00039999999105930326
2011-03-15,False,SPY,0.02356660620128137,IEF,-0.046733628029192786,-0.00020000003278255462
2011-03-16,False,VOO,0.004000634191878127,IEF,-0.03958383338249827,-0.00030000001192092895
2011-03-17,False,VOO,0.01546462744364585,IEF,-0.04290493501951753,-0.00045000001788139346
2011-03-18,False,IVV,0.018667758436349935,IEF,-0.04446826744403143,0.0
2011-03-21,False,IVV,0.035884329170611684,IEF,-0.0466619058558877,-0.00045000001788139346
2011-03-22,False,VOO,0.03126609674949021,IEF,-0.04615511959101093,-0.00039999991655349733
2011-03-23,False,IVV,0.024701887151881596,IEF,-0.04189978140079087,-0.0005000000447034835
2011-03-24,False,IVV,0.0353108499728525,IEF,-0.04264805949715911,-0.0005500000715255737
2011-03-25,False,VOO,0.03304448775172353,IEF,-0.04973080720673806,-0.0005500000715255737
2011-03-28,False,VOO,0.032576167665465006,IEF,-0.05267114294438746,-0.0005500000715255737
2011-03-29,False,VOO,0.041444371403587255,IEF,-0.054845705133601874,-0.00040000006556510924
2011-03-30,False,VOO,0.04942869786396953,IEF,-0.04632046770692222,-0.0002499999850988388
2011-03-31,False,IVV,0.044532207523744205,IEF,-0.049063941545660406,-0.00029999993741512297
2011-04-01,False,IVV,0.03973498124759223,IEF,-0.04674466710271408,-0.0006000000238418579
2011-04-04,False,VOO,0.04210497114588074,IEF,-0.038179002654639915,-0.0009499999508261681
2011-04-05,False,VOO,0.03470513981388579,IEF,-0.037451686142600304,-0.0006499999761581421
2011-04-06,False,IVV,0.03584717760374878,IEF,-0.04716063629802103,-0.0007499999925494194
2011-04-07,False,IVV,0.04396911662743386,IEF,-0.05130285423848813,-0.0007499999925494194
2011-04-08,False,IVV,0.04151745305051735,IEF,-0.052490527245504404,-0.0006999999657273292
2011-04-11,False,VOO,0.035953648898588986,IEF,-0.05442735307381741,-0.0008999999985098839
2011-04-12,False,VOO,0.022160071822247662,IEF,-0.052164648867373264,-0.0007499999552965164
2011-04-13,False,SPY,0.02214974925627633,IEF,-0.056109573286126646,-0.000650000013411045
2011-04-14,False,VOO,0.01767477384370486,IEF,-0.05527932126246149,-0.0005499999970197678
2011-04-15,False,VOO,0.019853277810838676,IEF,-0.048638931824088405,-0.0005000000074505806
2011-04-18,False,SPY,0.02667695475854548,IEF,-0.03817040741555222,-0.0007000000029802323
2011-04-19,False,IVV,0.024550380057776433,IEF,-0.04053829821850652,-0.0007000000029802323
2011-04-20,False,SPY,0.022473859556282116,IEF,-0.043260896638427915,-0.0007000000029802323
2011-04-21,False,IVV,0.029333243392751118,IEF,-0.0345355136180745,-0.0007999999821186065
2011-04-25,False,VOO,0.025803133099133957,IEF,-0.01851066072521035,-0.0008499999344348907
2011-04-26,False,VOO,0.031942807254270456,IEF,-0.021604859754796535,-0.0008000000566244126
2011-04-27,False,VOO,0.03210281928688419,IEF,-0.021598694076950142,-0.0008500000461935997
2011-04-28,False,VOO,0.030650022558909695,IEF,-0.01551955548754358,-0.001000000052154064
2011-04-29,False,SPY,0.035931389823098625,IEF,-0.01556602540658547,-0.0008999999612569809
2011-05-02,False,VOO,0.03352804838754664,IEF,-0.021106722911682696,-0.0009500000067055225
2011-05-03,False,VOO,0.023778341684667303,IEF,-0.020514343839884597,-0.0011500000022351743
2011-05-04,False,VOO,0.014351105120217866,IEF,-0.007377568594020167,-0.001300000064074993
2011-05-05,False,SPY,0.008874903077443097,IEF,-0.006758555245467757,-0.001450000014156103
2011-05-06,False,IVV,0.006804306698259044,IEF,-0.008377523562137723,-0.001500000013038516
2011-05-09,False,IVV,0.007691331455499606,IEF,-0.008648354592369678,-0.0015499999653548003
2011-05-10,False,IVV,0.014231613911193985,IEF,-0.00028527765953190176,-0.0013000000081956386
2011-05-11,False,IVV,0.024143454235876716,IEF,0.0058087832006266105,-0.001249999962747097
2011-05-12,False,IVV,0.03511265609959091,IEF,0.0034858435845499525,-0.0010999999567866325
2011-05-13,False,IVV,0.02794744907799207,IEF,0.0011282576967870384,-0.0010500000044703483
2011-05-16,False,VOO,0.010617426689350618,IEF,0.02046235157313192,-0.0012000000104308128
2011-05-17,False,VOO,0.004477668186354755,GBF,0.027098387383292843,-0.001000000052154064
2011-05-18,False,IVV,0.030469515952149306,GBF,0.02398343562559324,-0.0009500000625848771
2011-05-19,False,VOO,0.02991630237052534,GBF,0.02853019800578016,-0.0007500000298023224
2011-05-20,False,SPY,0.005397581343469682,GBF,0.02767552981960475,-0.0007999999821186065
2011-05-23,False,IVV,0.0008584101392588028,GBF,0.035571871612545714,-0.0009000000357627869
2011-05-24,False,IVV,0.008062146791167235,GBF,0.03664123565290622,-0.0008500000461935997
2011-05-25,False,IVV,0.0028240118461833053,GBF,0.03539307269517855,-0.0007999999821186065
2011-05-26,False,VOO,0.008292299748850152,GBF,0.030687319925786216,-0.000599999949336052
2011-05-27,False,VOO,0.031680872778195646,GBF,0.032321710358272915,-0.000650000013411045
2011-05-31,False,IVV,0.034295585982616394,GBF,0.031248027443450566,-0.0008999999612569809
2011-06-01,False,VOO,0.01798307455021142,BND,0.038689781472229345,-0.0008999999612569809
2011-06-02,False,VOO,0.0282071534654309,BND,0.0356594914304611,-0.0009499999508261681
2011-06-03,False,IVV,0.037948042292994755,BND,0.034546796494975496,-0.0008999999798834324
2011-06-06,False,SPY,0.013692090186649741,BND,0.040675166809803764,-0.001100000012665987
2011-06-07,False,VOO,0.008756504647433161,GBF,0.03266927883418269,-0.0008500000089406968
2011-06-08,False,VOO,-0.010358313951373321,BND,0.03772556146058381,-0.0007499999925494194
2011-06-09,False,VOO,0.000755770319990523,BND,0.03183631224026984,-0.0007500000298023224
2011-06-10,False,VOO,-0.016434912791951306,GBF,0.03361489589917355,-0.0008499999716877937
2011-06-13,False,VOO,-0.0249280289975492,GBF,0.03257267283932874,-0.0009500000625848771
2011-06-14,False,VOO,-0.01532559713071846,BND,0.03345907275901605,-0.0008500000461935997
2011-06-15,False,VOO,-0.03038392192026096,BND,0.036741296755232744,-0.000949999988079071
2011-06-16,False,IVV,-0.03513955884172315,BND,0.0334954869704569,-0.001000000052154064
2011-06-17,False,VOO,-0.03871534935629284,BND,0.032060996553941346,-0.00110000004991889
2011-06-20,False,SPY,-0.03210587245409802,BND,0.03285628356081638,-0.00129999996162951
2011-06-21,False,VOO,-0.023316552417594005,GBF,0.032073591186089434,-0.001249999962747097
2011-06-22,False,IVV,-0.03056780556400507,BND,0.030791581991048034,-0.0013000000081956386
2011-06-23,False,VOO,-0.032824581931471086,BND,0.03472813881837178,-0.0013999999593943358
2011-06-24,False,SPY,-0.046546260292417596,BND,0.03677015229674585,-0.0013499999605119228
2011-06-27,False,VOO,-0.03648815446900122,BND,0.032451749263220586,-0.0014000000152736903
2011-06-28,False,VOO,-0.020439383014528856,BND,0.032519602301834816,-0.0013000000081956386
2011-06-29,False,VOO,-0.00824898051956302,GBF,0.027703625418499467,-0.001300000064074993
2011-06-30,False,VOO,0.008536608485583352,BND,0.02616480675436872,-0.001350000062957406
2011-07-01,False,VOO,0.0234062988754975,GBF,0.019763935971121027,-0.001400000061839819
2011-07-05,False,VOO,0.021565592225386787,GBF,0.03012387313161824,-0.001450000014156103
2011-07-06,False,IVV,0.018783264060599603,BND,0.029534244944821486,-0.0013500000070780515
2011-07-07,False,SPY,0.04190467796443054,GBF,0.023727784065889157,-0.0011500000581145286
2011-07-08,False,IVV,0.02856048321577309,BND,0.03192911884290872,-0.001249999962747097
2011-07-11,False,VOO,-0.003888075400676483,BND,0.03697212663243721,-0.001350000062957406
2011-07-12,False,SPY,-0.012921121726301554,BND,0.03915600991410595,-0.0012000000663101673
2011-07-13,False,IVV,-0.00864860675351986,BND,0.044082036206201325,-0.0013999999593943358
2011-07-14,False,SPY,-0.023821447557784148,BND,0.04367381827946315,-0.0013999999593943358
2011-07-15,False,SPY,-0.02452344867219014,BND,0.04545883567687725,-0.0013500000070780515
2011-07-18,False,IVV,-0.03614262305042526,BND,0.0473531191535459,-0.0013999999593943358
2011-07-19,False,IVV,-0.022679489499118133,GBF,0.045274057546877744,-0.001049999948590994
2011-07-20,False,IVV,-0.021692890997694114,GBF,0.048099879101930476,-0.0008999999985098839
2011-07-21,False,IVV,-0.004387383974603698,BND,0.04342977177235907,-0.0007499999925494194
2011-07-22,False,IVV,0.0029779943687968657,BND,0.04505638377432564,-0.000800000000745058
2011-07-25,False,IVV,0.006259310144085095,BND,0.04016771425650245,-0.0008999999985098839
2011-07-26,False,VOO,-0.002505931991049648,BND,0.04232418514464875,-0.00045000001788139346
2011-07-27,False,VOO,-0.026277009347359992,BND,0.03858996444088869,-0.00020000003278255462
2011-07-28,False,IVV,-0.03702247383868951,BND,0.04164449501174117,-0.0002500000596046448
2011-07-29,False,VOO,-0.03419758169728582,GBF,0.04240141841085365,-9.999997913837433e-05
2011-08-01,False,VOO,-0.04276647925424992,BND,0.04651050014468816,-0.00039999999105930326
2011-08-02,False,SPY,-0.0591453865738526,BND,0.049910879213683534,-0.0006999999657273292
2011-08-03,False,SPY,-0.04801035826481492,BND,0.04779283262138234,-0.0011500000022351743
2011-08-04,False,IVV,-0.0926167352502485,BND,0.052682787160494016,-0.0012500000558793546
2011-08-05,False,IVV,-0.10261535265037314,BND,0.04634698013793059,-0.0011999999545514583
2011-08-08,False,IVV,-0.16235259794010282,GBF,0.050290667809425704,-0.001049999976530671
2011-08-09,False,VOO,-0.11776851816069955,BND,0.06131452226117484,-0.0009500000067055225
2011-08-10,False,IVV,-0.14601279900906716,GBF,0.06578263100162163,-0.0009499999973922968
2011-08-11,False,VOO,-0.10769783316216275,GBF,0.05181428955557821,-0.0009000000171363354
2011-08-12,False,VOO,-0.10350886295689854,BND,0.060312824227669815,-0.0009999999683350325
2011-08-15,False,IVV,-0.08888701039912128,GBF,0.055393555691063856,-0.0008999999891966581
2011-08-16,False,VOO,-0.10046470369804594,BND,0.05496799814189823,-0.00044999998062849044
2011-08-17,False,SPY,-0.10850063510080832,BND,0.05673032308790593,-0.0006500000040978193
2011-08-18,False,IVV,-0.12802701951311857,GBF,0.0576687031073817,-0.0006500000320374965
2011-08-19,False,VOO,-0.14162326446101536,BND,0.058298779536259504,-0.0008499999903142453
2011-08-22,False,VOO,-0.1326028909578768,GBF,0.04951368103209797,-0.0008000000100582838
2011-08-23,False,IVV,-0.09361010081174659,BND,0.04936273249318224,-0.0006500000040978193
2011-08-24,False,SPY,-0.07982790842371235,BND,0.043463328704391735,-0.0005499999783933163
2011-08-25,False,IVV,-0.09036330621253363,BND,0.0493433713071727,-0.0006000000052154064
2011-08-26,False,VOO,-0.08449868698538598,GBF,0.04989202900073475,-0.000800000037997961
2011-08-29,False,VOO,-0.04441852589133999,GBF,0.04805924891811575,-0.0008000000100582838
2011-08-30,False,VOO,-0.043351479737174126,GBF,0.05322764676438152,-0.0006499999854713679
2011-08-31,False,VOO,-0.05072975796250356,BND,0.05453432746936304,-0.0006499999854713679
2011-09-01,False,VOO,-0.043237780326484176,BND,0.05993575982142474,-0.0006999999843537808
2011-09-02,False,IVV,-0.06975234036196698,BND,0.06471340211403831,-0.0007999999914318323
2011-09-06,False,IVV,-0.07924063770635326,BND,0.06437528808601867,-0.0007999999914318323
2011-09-07,False,IVV,-0.05857938922385808,BND,0.0631598553636219,-0.0007500000391155482
2011-09-08,False,VOO,-0.08045571234411186,BND,0.06324994117031668,-0.00044999999925494195
2011-09-09,False,IVV,-0.09949269067888189,BND,0.06280756556879541,-0.0003000000026077032
2011-09-12,False,IVV,-0.09079633473778059,BND,0.06203126090849964,-0.0005999999772757291
2011-09-13,False,IVV,-0.0729045325073604,BND,0.06248584922085887,-0.0004500000085681677
2011-09-14,False,IVV,-0.06770026511881955,BND,0.06504165384028693,-0.0003000000026077032
2011-09-15,False,SPY,-0.06311229716872502,BND,0.06367288698158657,-0.0003000000026077032
2011-09-16,False,IVV,-0.06607262847293227,BND,0.06315743946841001,-0.0003000000026077032
2011-09-19,False,SPY,-0.0836370248724363,BND,0.06273005700249334,-0.0004000000189989805
2011-09-20,False,VOO,-0.09812227862165901,BND,0.06213145105363105,-0.0004500000085681677
2011-09-21,False,IVV,-0.1253909759972065,BND,0.0655766556865085,-0.0005999999772757291
2011-09-22,False,SPY,-0.15321452686234127,BND,0.06478343894648741,-0.000549999987706542
2011-09-23,False,IVV,-0.15813092123976702,BND,0.06005868492055777,-0.0004999999981373549
2011-09-26,False,VOO,-0.13159181735224323,BND,0.05507192264295946,-0.0004999999981373549
2011-09-27,False,IVV,-0.10511833662849934,GBF,0.053428630204428895,-0.00044999999925494195
2011-09-28,False,IVV,-0.11952600538229441,BND,0.05131776363777796,-0.0003500000201165676
2011-09-29,False,VOO,-0.11564161288128472,BND,0.05053928355345283,-0.0003500000201165676
2011-09-30,False,SPY,-0.13132682072383306,BND,0.05117826776231693,-0.00044999999925494195
2011-10-03,False,VOO,-0.1623447533569925,BND,0.057667435397271705,-0.00030000001192092895
2011-10-04,False,VOO,-0.1366688908875583,BND,0.05155761394068592,-0.0003000000026077032
2011-10-05,False,VOO,-0.13356583147837986,BND,0.04561018158003671,-0.0003499999921768904
2011-10-06,False,SPY,-0.11728084973555497,BND,0.044686057403457546,-0.00024999999441206456
2011-10-07,False,IVV,-0.13520538963055306,BND,0.04126653164438454,-0.00020000000484287738
2011-10-10,False,SPY,-0.10686030946362834,BND,0.03847855074874418,-0.00014999999664723872
2011-10-11,False,VOO,-0.10184315416401468,BND,0.035675517315089555,-4.999999888241291e-05
2011-10-12,False,IVV,-0.09013194196059582,BND,0.03465955317343372,9.999999776482581e-05
2011-10-13,False,IVV,-0.07278563723018538,BND,0.0350158161823102,9.999999776482581e-05
2011-10-14,False,VOO,-0.054656347053093635,BND,0.03582139626426861,-0.00010000000707805157
2011-10-17,False,SPY,-0.06555291062735424,BND,0.03816656995610623,0.0
2011-10-18,False,SPY,-0.04321966758831608,BND,0.03806640093484215,5.0000008195638655e-05
2011-10-19,False,VOO,-0.030807651004932435,BND,0.03927788550286482,0.0
2011-10-20,False,VOO,-0.03132184028725615,BND,0.03635192582438873,-4.999999888241291e-05
2011-10-21,False,VOO,0.03578364840967674,BND,0.03308357801169093,-0.00020000000484287738
2011-10-24,False,SPY,0.05046008863983342,BND,0.03675528678707951,-0.0003499999921768904
2011-10-25,False,VOO,0.10154289758795865,BND,0.042500595703663935,-0.00024999999441206456
2011-10-26,False,IVV,0.05919747529525443,BND,0.03898731401954514,-0.00024999999441206456
2011-10-27,False,VOO,0.15115547247922367,BND,0.03299365109642438,-0.0003500000201165676
2011-10-28,False,SPY,0.10172448857137928,BND,0.03609224755084184,-0.00040000000968575477
2011-10-31,False,IVV,0.06676101869746565,BND,0.04031417820607586,-0.0004000000189989805
2011-11-01,False,SPY,0.01667371266409101,BND,0.04663342063935905,-0.0004000000189989805
2011-11-02,False,SPY,0.0421565747706929,BND,0.04562712206604136,-0.0003000000026077032
2011-11-03,False,IVV,0.06019602712183292,BND,0.04173522482780978,-0.0003499999921768904
2011-11-04,False,VOO,0.10052627425074823,BND,0.038205393599942905,-0.0003499999921768904
2011-11-07,False,IVV,0.12580677625562475,BND,0.042657082511152744,-0.0003000000026077032
2011-11-08,False,SPY,0.14026086801578264,BND,0.03764433964217195,-0.00024999999441206456
2011-11-09,False,VOO,0.06300880865059444,BND,0.039520710401190984,-0.00024999999441206456
2011-11-10,False,VOO,0.058136335748424806,BND,0.03700915186017162,-0.0003499999921768904
2011-11-11,False,SPY,0.09490299277149328,BND,0.034240876525513775,-0.0003000000026077032
2011-11-14,False,IVV,0.06888152591285657,BND,0.03676847614006551,-0.0003499999921768904
2011-11-15,False,SPY,0.04426727059863178,BND,0.03488384111550191,-0.0002500000037252903
2011-11-16,False,SPY,0.024999481636370335,BND,0.037880914230865814,-0.0003499999921768904
2011-11-17,False,SPY,0.004268959027584396,BND,0.04171932243670007,-0.0004500000085681677
2011-11-18,False,IVV,0.013406403544083734,BND,0.03689117577121204,-0.0004000000189989805
2011-11-21,False,SPY,0.020611675794191875,BND,0.0360079624218097,-0.0003000000026077032
2011-11-22,False,VOO,0.023665215454772515,BND,0.03611155563515145,-0.00010000000707805157
2011-11-23,False,SPY,-0.025995029450922802,BND,0.038493195240171474,0.0
2011-11-25,False,IVV,-0.01811742248416459,BND,0.036751912597763114,-0.00014999999664723872
2011-11-28,False,SPY,0.03803789692777659,BND,0.036498128373794625,0.0
2011-11-29,False,VOO,0.03425511983884433,BND,0.03248713624327393,9.999999776482581e-05
2011-11-30,False,SPY,0.0670680588746666,BND,0.029257830946009866,4.999999888241291e-05
2011-12-01,False,VOO,0.05223462263217593,BND,0.0319410044224282,0.0
2011-12-02,False,SPY,0.033566096928342004,BND,0.03910454196779534,-0.00010000000707805157
2011-12-05,False,SPY,0.0386768575187324,BND,0.04152900527505188,-4.999999888241291e-05
2011-12-06,False,SPY,0.04945563947807563,BND,0.0423339976150372,-9.999999776482581e-05
2011-12-07,False,IVV,0.0543126590761156,BND,0.04323385718590367,-4.999999888241291e-05
2011-12-08,False,SPY,0.06276268553274789,BND,0.04213496441460429,-4.999999888241291e-05
2011-12-09,False,IVV,0.11671370017480953,BND,0.03900262231176921,0.0
2011-12-12,False,SPY,0.09397561309283864,BND,0.04230397666150254,-0.00014999999664723872
2011-12-13,False,SPY,0.05858542286294588,BND,0.03954447049557608,-0.00014999999664723872
2011-12-14,False,SPY,0.03573219053488752,BND,0.038474141181185306,-9.999999776482581e-05
2011-12-15,False,SPY,0.06114287175570143,BND,0.036964696041397405,-0.00024999999441206456
2011-12-16,False,IVV,0.05417684032434611,BND,0.03841509532612397,0.0
2011-12-19,False,IVV,0.06851975926141618,BND,0.0419851004111127,0.0
2011-12-20,False,SPY,0.13450330195307014,BND,0.03797000296437569,0.0
2011-12-21,False,SPY,0.11231563829318247,BND,0.036517108619875005,0.0
2011-12-22,False,SPY,0.1017696815352831,BND,0.0357117201571886,-0.00020000000484287738
2011-12-23,False,VOO,0.09091386748409613,BND,0.038679497657876594,-0.00014999999664723872
2011-12-27,False,IVV,0.09989145721823633,BND,0.038469956061869315,-0.0003000000026077032
2011-12-28,False,SPY,0.05052407775466272,BND,0.03966665151277082,-0.00024999999441206456
2011-12-29,False,IVV,0.06031250364215168,BND,0.0439831405663218,-0.0003000000026077032
2011-12-30,False,SPY,0.04592892915965208,BND,0.04217948282148343,-0.0005999999772757291
2012-01-03,False,SPY,0.06471329046324015,BND,0.041098846276602874,-0.0006500000040978193
2012-01-04,False,SPY,0.04846112641669653,BND,0.038544266257670934,-0.0005499999783933163
2012-01-05,False,SPY,0.07171271682654523,BND,0.03287119803655969,-0.000800000037997961
2012-01-06,False,SPY,0.048458207718648394,BND,0.030213327388640243,-0.0006000000331550837
2012-01-09,False,IVV,0.06348434340196873,BND,0.026712267266810086,-0.0004500000085681677
2012-01-10,False,IVV,0.06799250777449228,BND,0.02547471123269207,0.0
2012-01-11,False,SPY,0.04879699861730069,BND,0.021758423772857416,4.999999888241291e-05
2012-01-12,False,IVV,0.03853668539920818,BND,0.026957088015299613,9.999999776482581e-05
2012-01-13,False,SPY,0.05369479403541977,BND,0.025196101719678676,4.999999888241291e-05
2012-01-17,False,IVV,0.04651032701871305,BND,0.020775025243245704,-9.999999776482581e-05
2012-01-18,False,IVV,0.0228658966375499,BND,0.012512965595059322,0.00010000000707805157
2012-01-19,False,VOO,0.028381928091883557,BND,0.021392450696716914,0.00029999999329447744
2012-01-20,False,IVV,0.05505194048319417,BND,0.016137449703092832,0.0003499999921768904
2012-01-23,False,IVV,0.08481368908320452,BND,0.016624497707642627,0.0003000000026077032
2012-01-24,False,VOO,0.06685855415617037,BND,0.01382736437857468,0.00015000000596046448
2012-01-25,False,IVV,0.05662640870480318,BND,0.014926757892221643,0.0003000000026077032
2012-01-26,False,VOO,0.05733213372669321,BND,0.015417179427253291,0.0003500000201165676
2012-01-27,False,VOO,0.04989374884516429,BND,0.016266180939488395,0.00040000000968575477
2012-01-30,False,IVV,0.033552178820575485,BND,0.01978532393027721,0.0004000000189989805
2012-01-31,False,VOO,0.07226017116442884,BND,0.02368905681331146,0.0004999999981373549
2012-02-01,False,IVV,0.07158424169352195,BND,0.02854915415041237,0.00044999999925494195
2012-02-02,False,SPY,0.05417229761787801,BND,0.02730095859503745,0.0006500000320374965
2012-02-03,False,SPY,0.07917456980630022,BND,0.024722435573206525,0.0006000000052154064
2012-02-06,False,IVV,0.07207931385684385,BND,0.02767665791280982,0.0005999999772757291
2012-02-07,False,IVV,0.09307548535493315,BND,0.02251851224382806,0.0006499999854713679
2012-02-08,False,VOO,0.11355215057300438,BND,0.022644019719875397,0.0006000000331550837
2012-02-09,False,VOO,0.1164135131160311,BND,0.018443247301765497,0.0007500000111758709
2012-02-10,False,VOO,0.1290872428176284,IEF,0.01636825436643563,0.0006499999854713679
2012-02-13,False,SPY,0.142868216062229,IEF,0.014334954034668446,0.0007999999914318323
2012-02-14,False,VOO,0.16675694836817967,BND,0.01844155944904946,0.0009499999973922968
2012-02-15,False,SPY,0.16394538495138744,BND,0.0157704875527378,0.0009499999694526195
2012-02-16,False,VOO,0.14362834387854417,IEF,0.00816841995867068,0.0008999999891966581
2012-02-17,False,IVV,0.14299033380728643,IEF,0.010187015738636784,0.0007000000309199095
2012-02-21,False,VOO,0.09874605321442687,IEF,0.00951271679300758,0.0006500000040978193
2012-02-22,False,SPY,0.09540458178374833,IEF,0.012891612419043685,0.0007499999832361936
2012-02-23,False,IVV,0.10090837846939049,BND,0.019906163798010468,0.0008000000100582838
2012-02-24,False,VOO,0.09141140554116611,IEF,0.020773716253629004,0.0008500000368803739
2012-02-27,False,VOO,0.09238190492398735,IEF,0.01586814589824037,0.0009500000160187483
2012-02-28,False,SPY,0.09234128839866229,IEF,0.014994793906733417,0.0008999999891966581
2012-02-29,False,IVV,0.11059358546280906,IEF,0.006640855255913181,0.0007000000309199095
2012-03-01,False,VOO,0.0993377793522574,IEF,-0.0058618998878156026,0.0006500000040978193
2012-03-02,False,VOO,0.11238591706413925,IEF,0.006452992472294694,0.000549999987706542
2012-03-05,False,VOO,0.11823358175483034,IEF,0.008646512328275291,0.000549999987706542
2012-03-06,False,VOO,0.11317706181481801,IEF,0.019671685919941284,0.0006000000052154064
2012-03-07,False,SPY,0.1176177960891518,IEF,0.01753992368932966,0.0006500000320374965
2012-03-08,False,IVV,0.12689509443929547,IEF,0.014537599459991002,0.0006500000320374965
2012-03-09,False,IVV,0.14342639516472988,IEF,0.007393894869455853,0.0006999999843537808
2012-03-12,False,SPY,0.11014353018109402,IEF,-0.0021342445135067445,0.0005500000342726708
2012-03-13,False,VOO,0.12778990803681767,IEF,-0.00420585711053123,0.0007499999832361936
2012-03-14,False,IVV,0.11589834521675724,IEF,-0.011480884074968611,0.0007499999832361936
2012-03-15,False,VOO,0.1133217912046327,IEF,-0.004841590454281897,0.0007000000309199095
2012-03-16,False,VOO,0.11372256125812918,IEF,5.395579140698992e-05,0.0007499999832361936
2012-03-19,False,VOO,0.13228308470967431,IEF,0.004487107628643461,0.0007000000309199095
2012-03-20,False,SPY,0.1184224067409465,IEF,0.0016557612908632002,0.0008999999891966581
2012-03-21,False,VOO,0.12149680263012264,IEF,0.01019803888837223,0.000700000012293458
2012-03-22,False,IVV,0.0961569557524351,IEF,0.007448903057328149,0.0005500000063329935
2012-03-23,False,SPY,0.09837103355177335,IEF,0.01621289486240096,0.0005500000063329935
2012-03-26,False,IVV,0.11007715229010784,IEF,0.008430067514803907,0.0005000000074505806
2012-03-27,False,VOO,0.10942486141596852,IEF,0.015096379783933855,0.0005499999783933163
2012-03-28,False,SPY,0.10205884164567647,IEF,0.011758199707697647,0.0005500000342726708
2012-03-29,False,IVV,0.09070478262536685,IEF,0.018041796601681703,0.000400000000372529
2012-03-30,False,VOO,0.09365902492222755,IEF,0.014912657926391848,0.0004999999795109034
2012-04-02,False,IVV,0.09970519140717027,IEF,0.01783972409658885,0.000549999987706542
2012-04-03,False,IVV,0.09976251218420429,IEF,0.0017670130848688181,0.0006000000331550837
2012-04-04,False,IVV,0.08595293078785904,IEF,0.014290378226957445,0.0005500000063329935
2012-04-05,False,VOO,0.07364075332272413,GBF,0.020436321474895713,0.0006000000052154064
2012-04-09,False,IVV,0.055899178329823274,BND,0.02184393493977388,0.0006500000320374965
2012-04-10,False,SPY,0.03444930834568294,GBF,0.01822402942698731,0.0008000000100582838
2012-04-11,False,IVV,0.044907920831211756,IEF,0.010545366295185987,0.0008000000100582838
2012-04-12,False,SPY,0.060384993354747785,IEF,0.010935598288221327,0.0008000000100582838
2012-04-13,False,SPY,0.0390839398780094,GBF,0.0137604726654168,0.0007499999832361936
2012-04-16,False,VOO,0.04341971009791923,GBF,0.015460000345097313,0.0007000000309199095
2012-04-17,False,SPY,0.05969879557966107,GBF,0.014207366699601653,0.0007000000309199095
2012-04-18,False,SPY,0.059735500372196215,GBF,0.015007411947968619,0.0005999999772757291
2012-04-19,False,SPY,0.05333199797153565,IEF,0.015073054882709824,0.0005999999772757291
2012-04-20,False,SPY,0.04593145251927422,BND,0.01878346046849888,0.0005999999772757291
2012-04-23,False,VOO,0.03506935348974172,BND,0.020733020076670217,0.0006500000040978193
2012-04-24,False,VOO,0.024363518753655722,IEF,0.017897721108381504,0.0007499999832361936
2012-04-25,False,SPY,0.03979194105134387,IEF,0.018006445560564188,0.0007500000111758709
2012-04-26,False,VOO,0.0442027626396444,IEF,0.017683452240100817,0.0008000000100582838
2012-04-27,False,SPY,0.043015282634938146,IEF,0.016703505430027743,0.0008000000100582838
2012-04-30,False,IVV,0.03749407175201758,IEF,0.021372005582152687,0.0008500000368803739
2012-05-01,False,IVV,0.05165113045298919,IEF,0.016688648414854512,0.0008000000100582838
2012-05-02,False,VOO,0.041121923603596455,IEF,0.015514536561677561,0.0006499999854713679
2012-05-03,False,SPY,0.03454587075369231,IEF,0.011949381394966263,0.0006000000331550837
2012-05-04,False,IVV,0.022505877184422873,IEF,0.022479564032697574,0.0006500000040978193
2012-05-07,False,IVV,0.01208715755231804,GBF,0.02005791740930407,0.0006500000320374965
2012-05-08,False,SPY,0.005413166200813002,GBF,0.02473949327362024,0.0007500000391155482
2012-05-09,False,IVV,-0.0012121146746636446,BND,0.027217933079032974,0.0007500000391155482
2012-05-10,False,SPY,0.004308485138176943,GBF,0.02596117704338541,0.0007500000391155482
2012-05-11,False,IVV,-0.003621931891928387,GBF,0.02339144306635421,0.0007500000391155482
2012-05-14,False,SPY,-0.016302186321609735,BND,0.026053934002512547,0.000700000012293458
2012-05-15,False,SPY,-0.023590368244295612,BND,0.027652595344528796,0.0008500000368803739
2012-05-16,False,VOO,-0.030335696668007284,BND,0.025687895829077156,0.0008999999891966581
2012-05-17,False,SPY,-0.04077129481736719,BND,0.024208584770004205,0.0008500000368803739
2012-05-18,False,SPY,-0.05388402557236793,BND,0.02605513280990568,0.0007000000309199095
2012-05-21,False,VOO,-0.035027289678744467,BND,0.02507052105204477,0.000549999987706542
2012-05-22,False,IVV,-0.02929703481358914,BND,0.0207959821301964,0.0008000000100582838
2012-05-23,False,SPY,-0.01410264469438327,GBF,0.0167536688592973,0.0007499999832361936
2012-05-24,False,IVV,-0.020056926911861228,GBF,0.018359933411357776,0.0008500000368803739
2012-05-25,False,SPY,-0.03182309877587963,BND,0.01739330180472165,0.0007499999832361936
2012-05-29,False,SPY,-0.023872345369059578,GBF,0.01514087520952967,0.0007000000309199095
2012-05-30,False,IVV,-0.038270565028682424,BND,0.0237040110430371,0.0005999999772757291
2012-05-31,False,IVV,-0.05773698076883049,BND,0.028466483188865688,0.000549999987706542
2012-06-01,False,SPY,-0.07996782363004962,BND,0.0301055136561601,0.0005999999772757291
2012-06-04,False,SPY,-0.08569234059253561,BND,0.02624105710965785,0.0005999999772757291
2012-06-05,False,IVV,-0.08130195186414335,BND,0.02663986042236388,0.0007499999832361936
2012-06-06,False,IVV,-0.06361908846263442,BND,0.020759157487262536,0.0007499999832361936
2012-06-07,False,VOO,-0.06029302712348661,BND,0.020267870208725114,0.0007499999832361936
2012-06-08,False,VOO,-0.05103980817980003,GBF,0.019790682918684244,0.0007499999832361936
2012-06-11,False,SPY,-0.055962458039718,BND,0.02417700891295027,0.0007000000309199095
2012-06-12,False,SPY,-0.04819143453063579,BND,0.022105257162319703,0.000800000037997961
2012-06-13,False,SPY,-0.06736830547032358,GBF,0.022370272725653395,0.000800000037997961
2012-06-14,False,IVV,-0.05470484298271272,GBF,0.022291530539657156,0.0007999999914318323
2012-06-15,False,IVV,-0.041134620930407984,GBF,0.023977778714637576,0.0008000000100582838
2012-06-18,False,VOO,-0.03725077298469148,GBF,0.024237841974800167,0.0006500000320374965
2012-06-19,False,SPY,-0.031296700863772675,GBF,0.020854703928854024,0.0007500000391155482
2012-06-20,False,IVV,-0.03994999532321675,GBF,0.01970111502238736,0.0005999999865889549
2012-06-21,False,SPY,-0.05757990885795494,BND,0.019883877249672777,0.0005500000342726708
2012-06-22,False,SPY,-0.04081565756138883,GBF,0.018523704162144217,0.0005500000342726708
2012-06-25,False,IVV,-0.05627668354107285,BND,0.021587243075633866,0.000500000026077032
2012-06-26,False,IVV,-0.040395475266098546,GBF,0.01843713708345618,0.0005499999970197678
2012-06-27,False,IVV,-0.015076791176266147,GBF,0.022703858735022564,0.00039999999105930326
2012-06-28,False,SPY,-0.02570806583219143,GBF,0.022001773985051987,0.0004000000283122063
2012-06-29,False,SPY,-0.014300676107410037,GBF,0.020232660460417273,0.00044999998062849044
2012-07-02,False,SPY,0.0005637072407964627,GBF,0.023628130234074618,0.00035000000149011613
2012-07-03,False,SPY,0.00782209718760618,BND,0.020932861350291043,0.00030000001192092895
2012-07-05,False,SPY,-0.01136946269368877,BND,0.02201091218870932,0.0002500000223517418
2012-07-06,False,IVV,-0.018085279169139712,BND,0.021760805957280915,0.0002499999850988388
2012-07-09,False,IVV,-0.012991399585742025,BND,0.02284168738765935,0.00015000000596046448
2012-07-10,False,SPY,-0.022580463807297613,BND,0.024858130681169488,0.0003500000387430191
2012-07-11,False,IVV,-0.014583916351219695,BND,0.02182180239131526,0.00015000000596046448
2012-07-12,False,IVV,-0.022751979862818184,BND,0.0250973669597514,0.0002499999850988388
2012-07-13,False,IVV,-0.019925663870433596,BND,0.024728049634383797,0.0002500000596046448
2012-07-16,False,SPY,-0.02874060398744538,BND,0.02667920151460068,5.000002682209015e-05
2012-07-17,False,IVV,-0.023855234788053847,BND,0.027543703346380788,0.00019999995827674866
2012-07-18,False,SPY,-0.012784933326149717,BND,0.029116121245793547,0.0
2012-07-19,False,SPY,-0.01631611589779758,BND,0.028135707205512173,0.0
2012-07-20,False,IVV,-0.02258512502759613,BND,0.030193982318209356,-9.999997913837433e-05
2012-07-23,False,VOO,-0.02489532637505798,BND,0.029325996438701374,-0.00019999995827674866
2012-07-24,False,SPY,-0.017343792439749817,BND,0.03188754180269848,-9.999997913837433e-05
2012-07-25,False,VOO,-0.017998349743741815,BND,0.03248981587125743,0.0
2012-07-26,False,VOO,0.0023440106620518097,BND,0.034111391328824237,0.0002499999850988388
2012-07-27,False,SPY,0.026952192740443248,BND,0.03084972843986522,0.00030000001192092895
2012-07-30,False,SPY,0.024838544754453906,BND,0.029336240614762144,0.0001000000536441803
2012-07-31,False,SPY,0.020747228723378086,BND,0.029933223103051354,0.00015000000596046448
2012-08-01,False,IVV,0.03115886410519053,BND,0.02794966821332112,0.0
2012-08-02,False,IVV,0.030038349257960784,BND,0.028046938189614457,-0.00015000000596046448
2012-08-03,False,IVV,0.05402129523906107,BND,0.0244234482940342,-0.00019999995827674866
2012-08-06,False,IVV,0.07243431932202737,BND,0.026368886202937647,0.0
2012-08-07,False,SPY,0.08715192481245415,BND,0.025361638018871924,0.00030000001192092895
2012-08-08,False,SPY,0.07007595303889591,GBF,0.022014241271058665,0.00044999998062849044
2012-08-09,False,SPY,0.069127177360508,BND,0.024513930091180303,0.0005000000074505806
2012-08-10,False,IVV,0.07013606773826209,BND,0.02400954965325819,0.0002499999850988388
2012-08-13,False,SPY,0.06767799173456335,BND,0.023885481220675908,0.00019999995827674866
2012-08-14,False,VOO,0.07108246003725127,BND,0.02293487041213238,0.00029999993741512297
2012-08-15,False,SPY,0.05968890043310826,BND,0.020278437497200263,0.0
2012-08-16,False,VOO,0.08296568715715824,GBF,0.017885892035694795,0.0
2012-08-17,False,SPY,0.08706731419925817,GBF,0.02066482440019146,0.0
2012-08-20,False,IVV,0.11452937204711677,BND,0.02877637742239414,5.000002682209015e-05
2012-08-21,False,VOO,0.11205805679520742,BND,0.030361717345105177,0.00029999993741512297
2012-08-22,False,SPY,0.10447680346744193,BND,0.03463953299036393,0.00020000003278255462
2012-08-23,False,SPY,0.07137093114665172,BND,0.037883253524106486,0.00019999995827674866
2012-08-24,False,SPY,0.07719189269005877,BND,0.037631810155235534,-4.999995231628418e-05
2012-08-27,False,SPY,0.0689208559269523,BND,0.03621507765486598,9.999997913837433e-05
2012-08-28,False,IVV,0.07614754267264567,BND,0.03508357494254133,0.00030000001192092895
2012-08-29,False,IVV,0.06970278588772794,BND,0.03236429638896743,0.0002499999850988388
2012-08-30,False,VOO,0.06911952763612828,BND,0.03334082204335842,0.00020000003278255462
2012-08-31,False,VOO,0.06298911252060901,BND,0.035249345643186825,5.000002682209015e-05
2012-09-04,False,IVV,0.04992104009247744,BND,0.03481662344237524,0.00015000000596046448
2012-09-05,False,SPY,0.048437589256980385,BND,0.032583727106762383,0.00045000001788139346
2012-09-06,False,IVV,0.05929363433937995,BND,0.03225553814458215,0.0003500000387430191
2012-09-07,False,SPY,0.0653233287142414,BND,0.03230540183734498,0.0004000000283122063
2012-09-10,False,VOO,0.08327843897190146,BND,0.03641949662784216,0.00019999995827674866
2012-09-11,False,SPY,0.07830039045607506,BND,0.03220349394733679,0.00030000001192092895
2012-09-12,False,VOO,0.09936760939987743,BND,0.028756164570548748,0.0002499999850988388
2012-09-13,False,SPY,0.1106989240499403,GBF,0.02715023559879781,0.00019999995827674866
2012-09-14,False,SPY,0.10565451387303293,BND,0.019210924204945856,9.999997913837433e-05
2012-09-17,False,SPY,0.10505347685610511,BND,0.022129813167525825,5.000002682209015e-05
2012-09-18,False,IVV,0.07700158799264045,BND,0.02321728186989458,0.00015000000596046448
2012-09-19,False,SPY,0.07464718018744998,BND,0.021980678617893767,0.0002499999850988388
2012-09-20,False,SPY,0.06768069029321166,BND,0.022221674599819607,0.00029999993741512297
2012-09-21,False,IVV,0.07157407264514148,BND,0.023430325424978138,0.0002499999850988388
2012-09-24,False,SPY,0.08072525747641857,BND,0.02378383853603494,0.00030000001192092895
2012-09-25,False,SPY,0.07056747391772578,BND,0.02608119152506716,0.00039999999105930326
2012-09-26,False,SPY,0.07391471489118695,BND,0.02789394243672727,0.0003500000387430191
2012-09-27,False,SPY,0.08387105501670655,BND,0.02606441729113973,0.00015000000596046448
2012-09-28,False,IVV,0.08333136535165075,BND,0.02825699231088552,0.0001000000536441803
2012-10-01,False,SPY,0.06902790980684248,BND,0.029277473320784342,-5.000002682209015e-05
2012-10-02,False,SPY,0.07266776861406021,BND,0.027925308364940227,5.000002682209015e-05
2012-10-03,False,SPY,0.06970147856963527,BND,0.026950235812198464,0.0
2012-10-04,False,SPY,0.06944820268490548,BND,0.024648255511084294,4.999995231628418e-05
2012-10-05,False,IVV,0.06660361972384199,BND,0.025030546686913624,0.00015000000596046448
2012-10-08,False,SPY,0.07289105509960825,GBF,0.024334867965440043,0.00015000000596046448
2012-10-09,False,SPY,0.07313452162881062,BND,0.021615154569021078,0.00019999995827674866
2012-10-10,False,VOO,0.07530481693182312,BND,0.02208475055798309,0.0002499999850988388
2012-10-11,False,SPY,0.07588312220661186,BND,0.023293409818061495,0.00019999995827674866
2012-10-12,False,SPY,0.05495164029846955,BND,0.023041769423712832,9.999997913837433e-05
2012-10-15,False,IVV,0.043488054240588436,BND,0.023288736600546978,4.999995231628418e-05
2012-10-16,False,SPY,0.05506932689550559,BND,0.02185049544464701,9.999997913837433e-05
2012-10-17,False,IVV,0.06595192450139153,IEF,0.012367505531048373,0.00014999993145465852
2012-10-18,False,SPY,0.06547292782768288,IEF,0.006126345877618844,9.999997913837433e-05
2012-10-19,False,IVV,0.054264609305509026,IEF,0.010082785047690335,0.0
2012-10-22,False,SPY,0.03462860637939169,IEF,0.005940080579375007,-4.999995231628418e-05
2012-10-23,False,VOO,0.01756191159859255,IEF,0.006975762430209365,9.999997913837433e-05
2012-10-24,False,IVV,0.010309758849216921,IEF,0.005474217014716398,0.00029999993741512297
2012-10-25,False,IVV,0.011942046923420824,IEF,0.004434817009127734,0.0005000000074505806
2012-10-26,False,VOO,0.010605176786012915,IEF,0.01300727850667438,0.00019999995827674866
2012-10-31,False,IVV,0.006168893484184812,IEF,0.014497148263118653,0.0002499999850988388
2012-11-01,False,SPY,0.020050091309822715,IEF,0.014651771794680357,0.0
2012-11-02,False,IVV,0.010435352958510613,IEF,0.012563446472104278,0.0001000000536441803
2012-11-05,False,IVV,0.011494857913404433,IEF,0.015863072273446077,0.00015000000596046448
2012-11-06,False,IVV,0.012157394091324658,IEF,0.0017103475358963838,0.0003500000387430191
2012-11-07,False,IVV,-0.012427426857081647,IEF,0.006195805635443197,0.0003000000491738319
2012-11-08,False,IVV,-0.024460993016820143,IEF,0.002048703206704472,0.00020000003278255462
2012-11-09,False,IVV,-0.021167244665229457,IEF,0.007949028129192293,0.0002500000596046448
2012-11-12,False,SPY,-0.01982734188918922,IEF,0.011951129064394328,6.999999284744263e-05
2012-11-13,False,IVV,-0.015468877081683763,IEF,0.019844286568599045,5.000002682209015e-05
2012-11-14,False,SPY,-0.03430431346754248,IEF,0.017665932403266416,0.00015000000596046448
2012-11-15,False,VOO,-0.03661392374454431,IEF,0.016446355021561665,-4.999995231628418e-05
2012-11-16,False,IVV,-0.0308059553279435,IEF,0.014373681845573083,0.0
2012-11-19,False,VOO,-0.011935743598115778,IEF,0.017780925070388198,-0.00015000000596046448
2012-11-20,False,SPY,-0.0039644984061049104,IEF,0.008233834440335208,-5.000002682209015e-05
2012-11-21,False,IVV,-0.007297968912187813,IEF,0.009448959387041045,-4.999995231628418e-05
2012-11-23,False,SPY,0.0076192317772638685,IEF,0.0042380275434164005,5.000002682209015e-05
2012-11-26,False,SPY,0.006336819135679184,IEF,0.0061881027004007105,0.00015000000596046448
2012-11-27,False,SPY,-0.01871694050987005,IEF,0.011963525868277758,4.999995231628418e-05
2012-11-28,False,IVV,-0.015275641276068175,IEF,0.01533648699643786,0.00012000001966953277
2012-11-29,False,SPY,-0.004399169003185821,IEF,0.014199743586986946,4.999995231628418e-05
2012-11-30,False,VOO,-0.007686383225369187,BND,0.018371672380626203,0.0
2012-12-03,False,IVV,-0.015338861353925148,IEF,0.01248807467549673,1.9999966025352477e-05
2012-12-04,False,IVV,-0.032282343694036375,IEF,0.016514948367269522,-4.999995231628418e-05
2012-12-05,False,IVV,-0.034114057763697136,IEF,0.01594279999300019,0.0001000000536441803
2012-12-06,False,IVV,-0.028098459885597005,IEF,0.013221797584698658,0.00015000000596046448
2012-12-07,False,IVV,-0.023761358911498554,IEF,0.01501957347969407,0.0
2012-12-10,False,VOO,-0.023747468263425664,IEF,0.0112623831850589,5.000002682209015e-05
2012-12-11,False,IVV,-0.017541036992385628,IEF,0.011832691859952726,0.0
2012-12-12,False,SPY,-0.016178569042779145,IEF,0.004847279190569154,-0.00015000004321336747
2012-12-13,True,SPY,-0.02073463613740112,IEF,-0.0006133620115874594,-0.00017999999225139617
2012-12-14,True,SPY,-0.01387918620548978,IEF,-0.0011476903062483945,-0.00044999999925494195
2012-12-17,True,IVV,0.002848605232296686,IEF,-0.006868829407787547,-0.0006800000369548797
2012-12-18,True,VOO,0.00483201724742699,IEF,-0.00983889035968466,-0.0003500000387430191
2012-12-19,False,VOO,0.001972299289595636,IEF,-0.010724145682663555,-0.0004999999701976776
2012-12-20,False,SPY,0.0053343842646305095,IEF,-0.009262432029520595,-0.0004000000283122063
2012-12-21,False,SPY,-0.004825727585751505,IEF,-0.008765937609997332,-0.00035000000149011613
2012-12-24,False,SPY,-0.011926113713131903,IEF,-0.00723550132573203,-0.00044999998062849044
2012-12-26,True,IVV,-0.023891669720290665,IEF,-0.006194655445345587,-0.00030000001192092895
2012-12-27,True,SPY,-0.024470002548796943,IEF,-0.002700791432335925,-9.999997913837433e-05
2012-12-28,True,VOO,-0.03207697755371164,IEF,-0.004316936032003893,-0.0007500000111758709
2012-12-31,True,VOO,-0.0057732496472590045,IEF,-0.011195329126232556,-0.0005500000342726708
2013-01-02,False,IVV,0.02528804585405231,IEF,-0.017585120226476292,-0.00039999999105930326
2013-01-03,False,IVV,0.023319369305063953,IEF,-0.023168549768633806,-0.00030000001192092895
2013-01-04,False,SPY,0.03161914601735383,IEF,-0.019676701272599018,-0.0003500000387430191
2013-01-07,False,SPY,0.020303010146388356,IEF,-0.011997610898183297,-0.0004200000315904617
2013-01-08,False,IVV,0.007097094183964758,IEF,-0.012763713432414003,-0.0003000000491738319
2013-01-09,False,SPY,0.005163317245630905,IEF,-0.013927530907474228,-0.00045000001788139346
2013-01-10,False,IVV,0.015547258985733059,IEF,-0.013187960663624154,-0.0003500000387430191
2013-01-11,False,SPY,0.03293890933217902,IEF,-0.012402266963756792,-0.00021999999880790712
2013-01-14,False,SPY,0.03209244945299172,IEF,-0.007580825897415822,-0.00015000004321336747
2013-01-15,False,SPY,0.04732803704333155,IEF,-0.005807802922069838,4.999995231628418e-05
2013-01-16,False,IVV,0.05012213830867429,BND,-0.0023634161194752146,-0.0002800000458955765
2013-01-17,False,SPY,0.053875385804402764,BND,-0.0037917397078386372,-0.0003499999642372131
2013-01-18,False,SPY,0.056823566769909295,BND,-0.001656088682749357,-0.00039999999105930326
2013-01-22,False,SPY,0.06252351575822424,BND,-0.0037861544316394324,-0.00035000000149011613
2013-01-23,False,VOO,0.053090072214038386,BND,-0.0023593902108519638,-0.0002499999850988388
2013-01-24,False,SPY,0.06293933906152738,BND,-0.0013084802552594255,-0.00029999993741512297
2013-01-25,False,IVV,0.06654842108225711,BND,-0.000976465676287952,-9.999997913837433e-05
2013-01-28,False,SPY,0.05717900932205455,BND,-0.0011040088839422424,-0.00015000004321336747
2013-01-29,False,VOO,0.08571876020750357,BND,-0.0038396795308482945,-0.00016999997198581694
2013-01-30,False,SPY,0.09485898329942422,BND,-0.004441054955735435,-0.0002500000223517418
2013-01-31,False,SPY,0.09121088190403492,BND,-0.004423764942413366,-0.00039999999105930326
2013-02-01,False,VOO,0.10121100938228955,IEF,-0.011605077711439149,-0.0004000000283122063
2013-02-04,False,SPY,0.09297179028028091,BND,-0.00822202378852821,-0.00039999999105930326
2013-02-05,False,VOO,0.117914866488956,IEF,-0.010738330571186894,-0.00020000003278255462
2013-02-06,False,SPY,0.12182813523956604,IEF,-0.0103170765349766,-0.00030000001192092895
2013-02-07,False,SPY,0.11483950541473731,IEF,-0.010216537567177109,-0.0003500000387430191
2013-02-08,False,IVV,0.0986661258581254,IEF,-0.008830668953924814,-0.00030000001192092895
2013-02-11,False,IVV,0.09791295619300233,IEF,-0.011684075097642022,-0.0002500000596046448
2013-02-12,False,VOO,0.09739036412229463,IEF,-0.01904947761484377,-2.0000040531158448e-05
2013-02-13,False,SPY,0.08404036348884625,IEF,-0.020229507004742686,-5.000002682209015e-05
2013-02-14,False,IVV,0.08690402413822884,IEF,-0.01569606435559867,-5.000002682209015e-05
2013-02-15,False,VOO,0.09131798583234163,BND,-0.011666676235335127,-5.000002682209015e-05
2013-02-19,False,VOO,0.09069462863343913,IEF,-0.01274287432143506,0.0
2013-02-20,False,IVV,0.07234538100524235,BND,-0.01154326824653229,0.00020000003278255462
2013-02-21,False,SPY,0.06568292827905675,BND,-0.009307853859741977,0.00019999995827674866
2013-02-22,False,VOO,0.08136448924296591,BND,-0.007425474653903308,0.0002499999850988388
2013-02-25,False,SPY,0.062348371345062326,BND,-0.006211208511960775,0.00020000003278255462
2013-02-26,False,SPY,0.06773162691751522,BND,-0.0007816510807150401,0.00015000000596046448
2013-02-27,False,SPY,0.07752754716498833,BND,-0.0024404176248569165,9.999997913837433e-05
2013-02-28,False,SPY,0.0721528243550742,BND,-0.0031442814677019593,0.0
2013-03-01,False,IVV,0.07496528397398872,BND,-0.003892145447566775,-4.999995231628418e-05
2013-03-04,False,SPY,0.07365137449769477,BND,-0.004365770843390959,-0.00019999995827674866
2013-03-05,False,IVV,0.08229351279455965,BND,-0.006017954325295061,-0.00015000000596046448
2013-03-06,False,SPY,0.09090565113020355,BND,-0.008737184793049746,-2.9999986290931703e-05
2013-03-07,False,SPY,0.09695825962630034,BND,-0.01214336887378975,-0.00014999993145465852
2013-03-08,False,VOO,0.08838232022467407,IEF,-0.020340614979872162,-0.000130000039935112
2013-03-11,False,IVV,0.08062270012943418,IEF,-0.01779818976633396,1.9999966025352477e-05
2013-03-12,False,IVV,0.08623225894047937,BND,-0.015418917505059082,1.9999966025352477e-05
2013-03-13,False,IVV,0.08175108946803045,IEF,-0.017763546234676797,5.000002682209015e-05
2013-03-14,False,SPY,0.09762574844395955,BND,-0.01698651295464182,0.0
2013-03-15,False,VOO,0.09941721239555057,BND,-0.015457154662189998,-2.0000040531158448e-05
2013-03-18,False,SPY,0.09812481255077277,BND,-0.011935643546389763,-0.00023000001907348634
2013-03-19,False,SPY,0.09704486994920458,BND,-0.010293777155975015,-0.00030000001192092895
2013-03-20,False,SPY,0.11677800441865949,BND,-0.012524932957603152,-0.0003199999779462814
2013-03-21,False,SPY,0.08873365826192536,BND,-0.01053896018246081,-0.00035000000149011613
2013-03-22,False,SPY,0.07005413235311497,BND,-0.011106388975570702,-0.00030000001192092895
2013-03-25,False,SPY,0.06799672208743135,BND,-0.012039879091688022,-0.00037000000476837156
2013-03-26,False,SPY,0.07183639986973889,BND,-0.01238226334930137,-0.0002800000458955765
2013-03-27,False,VOO,0.07448867078633814,BND,-0.010021185286065881,-0.00015000000596046448
2013-03-28,False,VOO,0.08012497810702612,BND,-0.007918127776519124,-0.0003500000387430191
2013-04-01,False,VOO,0.07388745971033739,BND,-0.0045474535975571495,-0.00039999999105930326
2013-04-02,False,SPY,0.07096439592884862,BND,-0.003957957392419775,-0.0002699999511241913
2013-04-03,False,VOO,0.060078265957286936,BND,-0.00489186486719595,-0.0003500000387430191
2013-04-04,False,VOO,0.065203390322774,BND,-0.0006134319747095329,-0.0002500000596046448
2013-04-05,False,SPY,0.05969978484408189,BND,-0.00011451428172970513,-0.0004000000283122063
2013-04-08,False,SPY,0.0670166183435521,BND,-0.00011919045889619007,-0.0004999999701976776
2013-04-09,False,SPY,0.06383296589630127,BND,0.00046113046720486217,-0.0004699999839067459
2013-04-10,False,VOO,0.07439438810974708,BND,-0.0035677451152328343,-0.00039999999105930326
2013-04-11,False,SPY,0.07220564589032374,BND,-0.004735739861109756,-0.0004199999570846558
2013-04-12,False,SPY,0.06786032271487774,BND,-0.0008269433492067435,-0.0003500000387430191
2013-04-15,False,SPY,0.04283470159751457,BND,-0.00010934986946364855,-0.0003500000387430191
2013-04-16,False,SPY,0.052313326548323325,BND,-0.0018774962585323962,-0.0003800000250339508
2013-04-17,False,IVV,0.03737481581981372,BND,0.0017830810817145437,-0.0005000000074505806
2013-04-18,False,VOO,0.025712067861443977,BND,1.6058638024452065e-05,-0.0004000000283122063
2013-04-19,False,IVV,0.04011802433082878,BND,-0.002345825048816308,-0.00039999999105930326
2013-04-22,False,VOO,0.04782546687873834,BND,-9.654105097667287e-05,-0.00045000001788139346
2013-04-23,False,SPY,0.047882660015261314,BND,-0.001863217476411383,-0.0004199999570846558
2013-04-24,False,IVV,0.059676953596723425,BND,-0.0019840953073124723,-0.00037000000476837156
2013-04-25,False,SPY,0.054121498006280966,BND,-0.0023421421725871028,-0.00044999998062849044
2013-04-26,False,IVV,0.05130031699369941,BND,-0.0009175201758306883,-0.00030000001192092895
2013-04-29,False,VOO,0.05967907325831301,BND,0.0003840317048315889,-0.00030000001192092895
2013-04-30,False,SPY,0.05658945841954677,BND,0.0003840317048315889,-0.00030000001192092895
2013-05-01,False,SPY,0.047532365061069504,BND,0.003610839115409048,-0.00035000000149011613
2013-05-02,False,IVV,0.055371096942745,BND,0.004915169835929323,-0.0004000000283122063
2013-05-03,False,VOO,0.06489487773462477,BND,-9.529510157924026e-05,-0.00045000001788139346
2013-05-06,False,VOO,0.06668155877348725,BND,2.0887299893246336e-05,-0.0006000000424683094
2013-05-07,False,IVV,0.0733349185344978,BND,-0.002933864091845151,-0.0005999999865889549
2013-05-08,False,SPY,0.07058080952672863,BND,-0.0025686306876053777,-0.0005700000002980232
2013-05-09,False,SPY,0.08103949289157719,BND,-0.004702894222928911,-0.00044999998062849044
2013-05-10,False,VOO,0.09101889837478838,BND,-0.006499928089301998,-0.0004000000283122063
2013-05-13,False,VOO,0.08146146901304618,BND,-0.008355936101592909,-0.00041999999433755874
2013-05-14,False,VOO,0.11385729884478657,IEF,-0.012900806096927342,-0.0005000000447034835
2013-05-15,False,SPY,0.11224399981207722,IEF,-0.011127122358563168,-0.0005300000309944152
2013-05-16,False,SPY,0.09324860192119733,BND,-0.009160536953774057,-0.0006500000320374965
2013-05-17,False,VOO,0.10554684847447793,IEF,-0.009501047555891318,-0.0004999999888241291
2013-05-20,False,SPY,0.10231039107126905,IEF,-0.011151401170352515,-0.0004000000283122063
2013-05-21,False,VOO,0.09798416449045355,BND,-0.008485482051062143,-0.0003500000387430191
2013-05-22,False,SPY,0.08022565068546905,IEF,-0.010330640763492882,-0.0002499999850988388
2013-05-23,False,IVV,0.07557301089828972,BND,-0.008429704974201147,-0.00012000001966953277
2013-05-24,False,VOO,0.07219509989218365,IEF,-0.009208365729762469,0.00012000000104308129
2013-05-28,False,SPY,0.07462481468276971,IEF,-0.01565669471096598,0.00013000000268220902
2013-05-29,False,VOO,0.0635280266383027,BND,-0.009570299978886365,-0.00015000000596046448
2013-05-30,False,SPY,0.06993591781623598,BND,-0.012520969756128375,-0.00020000001415610314
2013-05-31,False,SPY,0.05309141589269051,BND,-0.014429395132912748,-0.00020000001415610314
2013-06-03,False,SPY,0.05328274411916545,BND,-0.016725768875308078,-0.00020000001415610314
2013-06-04,False,SPY,0.04960545861445098,IEF,-0.015175204130366104,-0.00010000001639127731
2013-06-05,False,SPY,0.040653252443480614,IEF,-0.012427209897438951,-9.999997913837433e-05
2013-06-06,False,VOO,0.05179790188467792,IEF,-0.01322902373618362,-0.0002499999850988388
2013-06-07,False,SPY,0.058514077516026664,IEF,-0.02314885207358841,0.00029999999329447744
2013-06-10,False,VOO,0.06742149324963242,IEF,-0.02040345697944379,4.9999989569187166e-05
2013-06-11,False,SPY,0.048200474467640975,IEF,-0.013472149305754244,-9.999997913837433e-05
2013-06-12,False,IVV,0.04351196701630511,IEF,-0.012818522555186784,-0.0002499999850988388
2013-06-13,False,VOO,0.050895422906978016,GBF,-0.009972928246013035,-0.00021999996155500412
2013-06-14,False,SPY,0.04475306094077114,GBF,-0.010675481520167285,-0.00017999999225139617
2013-06-17,False,SPY,0.04959480862679588,GBF,-0.0121308354153572,-0.00019999999552965163
2013-06-18,False,IVV,0.06203748240944562,GBF,-0.016315255692194053,-9.999997913837433e-05
2013-06-19,False,SPY,0.04227789685813743,IEF,-0.021674858475714154,-0.00015000000596046448
2013-06-20,False,IVV,0.026724309860584272,IEF,-0.029210340366928045,-0.00023000001907348634
2013-06-21,False,IVV,0.025919207298514158,IEF,-0.039112466624969144,-0.00019999999552965163
2013-06-24,False,VOO,0.01694549543050261,IEF,-0.04379394122927427,-0.00039999999105930326
2013-06-25,False,SPY,0.020478617555148126,IEF,-0.04616700695051246,-0.00013999998569488525
2013-06-26,False,VOO,0.026632867664255988,IEF,-0.03792568715230549,-0.00015000000596046448
2013-06-27,False,IVV,0.020383036871554516,IEF,-0.03545079963845843,-0.0002499999850988388
2013-06-28,False,IVV,0.010596948005123341,IEF,-0.03738781844549821,-0.00029999999329447744
2013-07-01,False,VOO,0.021096539207446696,IEF,-0.0374704163420978,-0.0006000000052154064
2013-07-02,False,VOO,0.04339115503495439,IEF,-0.035475589230075544,-0.0004000000283122063
2013-07-03,False,VOO,0.029889379963848217,IEF,-0.03093124600338426,-0.00035000000149011613
2013-07-05,False,SPY,0.05655786180698952,IEF,-0.045258060255428445,-0.0002499999850988388
2013-07-08,False,IVV,0.06923144645882995,IEF,-0.038203768990064724,-0.00028000000864267347
2013-07-09,False,SPY,0.06768596293847606,IEF,-0.03713124379105437,-0.0002499999850988388
2013-07-10,False,IVV,0.06306783186770204,IEF,-0.04136798348051596,-0.0003499999828636646
2013-07-11,False,SPY,0.06683960510534348,IEF,-0.02847350391766057,-0.00029999999329447744
2013-07-12,False,SPY,0.06660979874460526,IEF,-0.03481151377711378,-0.0002500000037252903
2013-07-15,False,VOO,0.06625648270206308,IEF,-0.028302867855137803,-0.0005000000074505806
2013-07-16,False,SPY,0.06424689035286968,IEF,-0.030758262126612035,-0.000299999974668026
2013-07-17,False,IVV,0.05968494112761524,IEF,-0.026949430542819064,-0.0003999999724328518
2013-07-18,False,VOO,0.06305660808692792,IEF,-0.03222774441884968,-0.000429999977350235
2013-07-19,False,SPY,0.07445756137885895,IEF,-0.02591642851335718,-0.00044999998062849044
2013-07-22,False,SPY,0.06664702278857515,IEF,-0.025000539427977198,-0.0007799999695271253
2013-07-23,False,SPY,0.05369571908611648,IEF,-0.022730155934980956,-0.000650000013411045
2013-07-24,False,SPY,0.04717379193739002,IEF,-0.033416114516265916,-0.0007499999925494194
2013-07-25,False,VOO,0.044226659475187,IEF,-0.031081385787973925,-0.0007999999914318323
2013-07-26,False,VOO,0.04012725803004091,IEF,-0.028669698027522617,-0.0008500000182539224
2013-07-29,False,VOO,0.04009542163273894,IEF,-0.032768554330907085,-0.000950000025331974
2013-07-30,False,VOO,0.03661739298590261,IEF,-0.03496222478732436,-0.0008999999798834324
2013-07-31,False,IVV,0.036742960229676935,IEF,-0.03547958505389692,-0.0008999999798834324
2013-08-01,False,IVV,0.037858822859459185,IEF,-0.05130054950551588,-0.0008000000193715095
2013-08-02,False,VOO,0.034398332301682766,IEF,-0.041431720112997894,-0.000800000000745058
2013-08-05,False,SPY,0.03788119639273413,IEF,-0.043997660542850925,-0.000650000013411045
2013-08-06,False,SPY,0.02209241346347035,IEF,-0.045054282310548865,-0.0006000000238418579
2013-08-07,False,IVV,0.018662083735700774,IEF,-0.04395964374485117,-0.0006000000238418579
2013-08-08,False,IVV,0.020918851876839062,IEF,-0.04031567282213433,-0.00039999999105930326
2013-08-09,False,VOO,0.025160121298249516,IEF,-0.03866929731919644,-0.00037000000476837156
2013-08-12,False,IVV,0.027249576630236305,IEF,-0.03749177560239958,-0.00043999999761581423
2013-08-13,False,SPY,0.03144037344790451,IEF,-0.04249693378000885,-0.0003800000250339508
2013-08-14,False,VOO,0.01970746544439006,IEF,-0.036746313738596936,-0.0003699999675154686
2013-08-15,False,IVV,0.012272088458667563,IEF,-0.042535791504793696,-0.0004199999570846558
2013-08-16,False,IVV,0.005189488095749484,IEF,-0.04885875843727716,-0.0005200000107288361
2013-08-19,False,IVV,0.01332755254909257,IEF,-0.05213834034503406,-0.00045000001788139346
2013-08-20,False,VOO,0.012414343183897003,IEF,-0.04727495523462755,-0.00045000001788139346
2013-08-21,False,VOO,0.01029301563717544,IEF,-0.056557878968678366,-0.0004999999701976776
2013-08-22,False,VOO,0.035008301783523654,IEF,-0.06003055130638979,-0.000519999973475933
2013-08-23,False,SPY,0.029322043649305796,IEF,-0.05766083635142116,-0.00048000000417232515
2013-08-26,False,SPY,0.012611326098157516,IEF,-0.05214667825177166,-0.0005000000074505806
2013-08-27,False,SPY,-0.003675870289334471,IEF,-0.049260025130953955,-0.0002699999883770943
2013-08-28,False,IVV,0.009850074446248414,IEF,-0.053477088384351945,-0.0003499999828636646
2013-08-29,False,VOO,0.01985255253670659,IEF,-0.05324389778088068,-0.0003799999877810478
2013-08-30,False,VOO,0.000921011958630702,IEF,-0.05600212931137949,-0.000519999973475933
2013-09-03,False,IVV,0.012422316351980545,IEF,-0.06537509509603445,-0.0006499999854713679
2013-09-04,False,IVV,0.012545412772878128,IEF,-0.06673334248734208,-0.0004999999795109034
2013-09-05,False,VOO,0.0053313063880193745,IEF,-0.07632731898801648,-0.0004999999795109034
2013-09-06,False,IVV,0.02035381995509611,IEF,-0.06888775161879979,-0.000530000040307641
2013-09-09,False,SPY,0.057195423578320526,IEF,-0.07090836126235789,-0.00044999999925494195
2013-09-10,False,IVV,0.06148348622124056,IEF,-0.07888416410396182,-0.0004999999795109034
2013-09-11,False,SPY,0.07856893642726215,IEF,-0.07713072707013346,-0.0004499999899417162
2013-09-12,False,SPY,0.06546026259925841,IEF,-0.07405060075920411,-0.00044999999925494195
2013-09-13,False,IVV,0.05721559595389958,IEF,-0.07318329685954794,-0.0005300000123679638
2013-09-16,False,SPY,0.0573008071387886,IEF,-0.06725484795010628,-0.0006199999758973718
2013-09-17,False,SPY,0.06638876545234074,IEF,-0.06642622619109717,-0.0005800000112503767
2013-09-18,False,SPY,0.0724464818029893,IEF,-0.060078978545311745,-0.0004999999981373549
2013-09-19,False,SPY,0.07164566562973085,IEF,-0.06539677864350268,-0.0004999999981373549
2013-09-20,False,VOO,0.06364269415842294,IEF,-0.06179424628452701,-0.00047000001184642313
2013-09-23,False,SPY,0.04746795967453754,IEF,-0.05999941728998315,-0.0004500000085681677
2013-09-24,False,SPY,0.039075200083446004,IEF,-0.057089226600499865,-0.0003500000108033419
2013-09-25,False,SPY,0.028668143402966972,IEF,-0.053971683433536755,-0.0003000000212341547
2013-09-26,False,IVV,0.03223776340497486,IEF,-0.05653247032914532,-0.00042000001762062313
2013-09-27,False,IVV,0.013177025883530424,IEF,-0.05462651168524202,-0.0004000000189989805
2013-09-30,False,IVV,0.00786949105248591,IEF,-0.0534855739884631,-0.0004300000052899122
2013-10-01,False,IVV,0.01153909346990134,IEF,-0.05454812105392959,-0.00037000000476837156
2013-10-02,False,IVV,0.01425149895022959,IEF,-0.05635989906754302,-0.0003500000201165676
2013-10-03,False,SPY,0.002899750211974972,IEF,-0.05471703843109299,-0.0002500000223517418
2013-10-04,False,SPY,0.004993090621936425,IEF,-0.05713718764863385,-0.00027000002562999726
2013-10-07,False,IVV,-0.005803914983201097,IEF,-0.059375356210498054,-0.00032000001519918444
2013-10-08,False,SPY,-0.01895796602281019,IEF,-0.0598368575437338,-4.9999989569187166e-05
2013-10-09,True,VOO,-0.016633808547919626,IEF,-0.053427120444675125,-8.000001311302185e-05
2013-10-10,True,SPY,0.008750015304557435,IEF,-0.05425192014711122,9.999999776482581e-05
2013-10-11,True,SPY,0.012785675325317047,IEF,-0.05153530252267968,0.00028000000864267347
2013-10-14,True,SPY,0.0157484330872959,IEF,-0.05584885807710627,0.00022999998182058335
2013-10-15,False,IVV,0.011168901028465905,IEF,-0.05548769751852256,0.0005700000002980232
2013-10-16,False,SPY,0.02561641281573701,IEF,-0.0455210860430425,0.0005700000002980232
2013-10-17,False,SPY,0.03173658784138511,IEF,-0.03837674143946046,2.0000003278255463e-05
2013-10-18,False,SPY,0.02683722370002406,IEF,-0.034407448357445136,-0.000149999987334013
2013-10-21,False,SPY,0.025154482865556105,IEF,-0.037593822086030015,-0.00012000000104308129
2013-10-22,False,IVV,0.0318673381913559,IEF,-0.03550843691563088,7.999999448657036e-05
2013-10-23,False,IVV,0.033364282566352266,IEF,-0.0285801321343937,0.0
2013-10-24,False,SPY,0.040333973745236174,IEF,-0.029832793237388966,-5.0000008195638655e-05
2013-10-25,False,SPY,0.04126959035397526,IEF,-0.030676351710802297,-9.999999776482581e-05
2013-10-28,False,VOO,0.045851228717449066,IEF,-0.023870795507136666,-0.00015000000596046448
2013-10-29,False,SPY,0.052767704071824184,IEF,-0.023553828658748444,0.0
2013-10-30,False,VOO,0.04367820209263917,IEF,-0.026476813043403657,-2.0000003278255463e-05
2013-10-31,False,VOO,0.04571853385693703,IEF,-0.016054590970243754,-2.0000003278255463e-05
2013-11-01,False,SPY,0.0642439925468099,IEF,-0.025497144692815832,-6.999999284744263e-05
2013-11-04,False,SPY,0.0715307676873429,IEF,-0.023678794835701122,7.999999448657036e-05
2013-11-05,False,SPY,0.07500844973053367,IEF,-0.02539660754611972,0.00015000002458691596
2013-11-06,False,SPY,0.07521170861996529,IEF,-0.023838173689564646,0.00015000002458691596
2013-11-07,False,VOO,0.06815068902210686,IEF,-0.018740990988965756,8.000001311302185e-05
2013-11-08,False,SPY,0.07282989671334605,IEF,-0.03445388205401212,6.999999284744263e-05
2013-11-11,False,SPY,0.06940530204569306,IEF,-0.03611806563778208,6.999999284744263e-05
2013-11-12,False,VOO,0.07116248272158332,IEF,-0.029446239905989602,0.00017999999225139617
2013-11-13,False,IVV,0.09724058576315553,IEF,-0.02299038335726722,0.00030000001192092895
2013-11-14,False,SPY,0.09904115709827255,IEF,-0.020705821610038866,0.00023000001907348634
2013-11-15,False,SPY,0.10207502208470065,IEF,-0.017070020217140658,0.00030000001192092895
2013-11-18,False,SPY,0.10170853205136066,IEF,-0.021003651789951783,0.00021999996155500412
2013-11-19,False,SPY,0.0943647848693947,IEF,-0.025938247307618623,0.00039999999105930326
2013-11-20,False,SPY,0.08199078043334551,IEF,-0.02898916691979847,0.00037000000476837156
2013-11-21,False,SPY,0.08934025253007216,IEF,-0.027570974183895647,0.0002499999850988388
2013-11-22,False,SPY,0.09426291952817256,IEF,-0.011233982525828079,0.0002499999850988388
2013-11-25,False,SPY,0.08280431987246906,IEF,-0.005946338298066678,0.00019999999552965163
2013-11-26,False,VOO,0.07498787510303084,IEF,0.0068460616673324814,0.0002800000458955765
2013-11-27,False,SPY,0.07439679438849,IEF,0.0070432287784689684,0.00023000001907348634
2013-11-29,False,VOO,0.07565679212371124,IEF,0.007636712609794261,-2.9999986290931703e-05
2013-12-02,False,SPY,0.07133945726786628,IEF,-0.0007202680485595137,-4.9999989569187166e-05
2013-12-03,False,SPY,0.06057297018125074,IEF,-0.0043069124361175826,-0.00010000001639127731
2013-12-04,False,IVV,0.05560006887546942,IEF,-0.0076685065417148035,0.0002200000174343586
2013-12-05,False,SPY,0.039076427113951206,IEF,-0.01050667125116811,0.00038000000640749934
2013-12-06,False,IVV,0.05236036157546198,IEF,-0.010008101708910755,0.00017000000923871994
2013-12-09,False,SPY,0.06255858542243531,IEF,-0.006888069924899876,0.00017000000923871994
2013-12-10,False,VOO,0.06363131575117142,IEF,0.014314730350177385,0.00035000000149011613
2013-12-11,False,IVV,0.053829069223565895,IEF,0.004509374157315005,0.00033000003546476367
2013-12-12,False,IVV,0.053630462196583295,IEF,-6.241120957484192e-05,0.00028000000864267347
2013-12-13,False,VOO,0.049253973354366876,IEF,0.005003043351326619,0.00029999999329447744
2013-12-16,False,VOO,0.06044087596848646,IEF,-0.005450129473432708,0.000279999990016222
2013-12-17,False,VOO,0.06259769765674372,IEF,-0.0015033809397788644,0.00033000001683831216
2013-12-18,False,IVV,0.0728255399287252,IEF,-0.008377977249908852,0.00039999999105930326
2013-12-19,False,SPY,0.07276293938767053,IEF,-0.013003187298209595,0.00022999998182058335
2013-12-20,False,VOO,0.08841150995100522,IEF,-0.01428640739853837,0.00029999999329447744
2013-12-23,False,SPY,0.08663089128669244,IEF,-0.012811193072186255,0.00035999998450279234
2013-12-24,False,SPY,0.09850792011791598,IEF,-0.02201531238109511,0.0004800000414252281
2013-12-26,False,VOO,0.11691141337163158,IEF,-0.0227664788307661,0.000549999987706542
2013-12-27,False,SPY,0.11623214907065416,IEF,-0.022213811219654267,0.0003799999877810478
2013-12-30,False,VOO,0.09188504196714131,IEF,-0.012921057071881736,0.00035000000149011613
2013-12-31,False,IVV,0.09010047832196744,IEF,-0.01882025618380112,0.0004800000134855509
2014-01-02,False,IVV,0.07563160626095367,IEF,-0.015831911533435772,0.0004299999866634607
2014-01-03,False,VOO,0.0830392937346276,IEF,-0.014399039613713582,0.0003799999877810478
2014-01-06,False,SPY,0.06555528870807281,IEF,-0.0113369431200816,0.00015000002458691596
2014-01-07,False,SPY,0.06498177366020252,IEF,-0.010432164156098378,0.0001300000213086605
2014-01-08,False,SPY,0.05806672176818162,IEF,-0.006511393702526624,4.9999989569187166e-05
2014-01-09,False,VOO,0.05859872773442776,IEF,-0.012329577829170435,3.0000004917383192e-05
2014-01-10,False,VOO,0.0553737232214091,IEF,-0.0008750207338237281,-2.0000003278255463e-05
2014-01-13,False,IVV,0.04623708130690529,IEF,0.0017098101587369463,-9.999999776482581e-05
2014-01-14,False,IVV,0.05391801972313237,IEF,-0.0056869904845766595,-6.999999284744263e-05
2014-01-15,False,IVV,0.055177861247057924,IEF,-0.008037324782737665,-0.00010000001639127731
2014-01-16,False,SPY,0.05215486860122076,IEF,-0.0059538147821591725,-0.00018000001087784768
2014-01-17,False,VOO,0.041474457781241814,IEF,-0.0016302400093030078,-0.00018000001087784768
2014-01-21,False,IVV,0.0499698062906031,IEF,0.006365905276598083,-0.00024000000208616257
2014-01-22,False,SPY,0.054101631535620864,IEF,0.002678859341245232,-0.00020000001415610314
2014-01-23,False,SPY,0.04297387955468035,IEF,0.015081389797780842,-0.00015000002458691596
2014-01-24,False,VOO,0.016668199812306606,IEF,0.023161209764732904,-6.999999284744263e-05
2014-01-27,False,IVV,0.01460782291163798,IEF,0.024440199877828306,8.000001311302185e-05
2014-01-28,False,SPY,0.016211565788553317,IEF,0.02042978971946141,0.0
2014-01-29,False,VOO,0.0188032485391616,BND,0.03076657532369831,6.999999284744263e-05
2014-01-30,False,VOO,0.016270416061713755,BND,0.02973244542301723,-4.999999888241291e-05
2014-01-31,False,VOO,0.01014370158606459,BND,0.02816308694367886,-0.00012000000104308129
2014-02-03,False,SPY,-0.010422959319726033,BND,0.029669687441162607,6.999999284744263e-05
2014-02-04,False,SPY,-0.011423765052535284,IEF,0.02399803563400993,0.00021999999880790712
2014-02-05,False,VOO,-0.018244723760826198,IEF,0.02445816506624854,0.0002500000037252903
2014-02-06,False,VOO,-0.009367724763757912,IEF,0.02153348074018102,0.00039999999105930326
2014-02-07,False,SPY,0.006886016376120185,IEF,0.026180244664713692,0.000519999973475933
2014-02-10,False,VOO,0.010709402939329093,BND,0.029311023921275936,0.000400000000372529
2014-02-11,False,VOO,0.025111584576669843,BND,0.028444739337685876,0.0003000000212341547
2014-02-12,False,SPY,0.017500266300576994,BND,0.03380116602838967,0.0002800000179558992
2014-02-13,False,SPY,0.01766216594613601,BND,0.03244490816083445,0.00010000000707805157
2014-02-14,False,VOO,0.02390031450747898,BND,0.02947083028851627,0.0
2014-02-18,False,SPY,0.025239158386896277,BND,0.03307302489999531,0.0
2014-02-19,False,SPY,0.015976175504150758,BND,0.029332758445637763,0.0003000000212341547
2014-02-20,False,SPY,0.022649361830246795,BND,0.029465189363602873,0.00029999999329447744
2014-02-21,False,SPY,0.02414243952222317,BND,0.02854752624938084,0.0002500000037252903
2014-02-24,False,IVV,0.03292912000088433,BND,0.027007001834268296,0.0002999999979510903
2014-02-25,False,SPY,0.03401489441367889,BND,0.028132575301860197,0.0003499999921768904
2014-02-26,False,VOO,0.03811978634109803,IEF,0.02012108480507968,0.0003499999921768904
2014-02-27,False,VOO,0.03217575274449347,BND,0.024503355369423607,0.0003000000026077032
2014-02-28,False,VOO,0.032114411006844534,IEF,0.02284632158629285,0.00038000001572072504
2014-03-03,False,VOO,0.028565020661129426,IEF,0.0240511572900326,0.00038000001572072504
2014-03-04,False,VOO,0.05522980523152543,IEF,0.012486874948914428,0.0003300000075250864
2014-03-05,False,VOO,0.0589051709854036,IEF,0.010797085172435716,0.0003500000108033419
2014-03-06,False,SPY,0.06227410268114242,IEF,0.008616115462600549,0.00042000001762062313
2014-03-07,False,VOO,0.05564490880887085,IEF,0.002873817256524136,0.0004000000189989805
2014-03-10,False,SPY,0.05895097981555919,IEF,0.0022917622680818095,0.0003499999921768904
2014-03-11,False,VOO,0.03569514470932633,IEF,0.005518558748348612,0.00032000001519918444
2014-03-12,False,VOO,0.037354399948644756,IEF,0.007799536616470704,0.00029999999329447744
2014-03-13,False,SPY,0.01993820642580202,IEF,0.012345534683050774,0.00019999999552965163
2014-03-14,False,VOO,0.007105892505456568,IEF,0.015230272980568227,0.00021999999880790712
2014-03-17,False,IVV,0.018140602269675732,IEF,0.010273685507490082,0.0002500000223517418
2014-03-18,False,SPY,0.02066804424942581,IEF,0.013245653945687774,4.9999989569187166e-05
2014-03-19,False,SPY,0.015284295522198565,IEF,0.0056153006080701395,0.00013000000268220902
2014-03-20,False,SPY,0.02137926078386343,IEF,0.007996215366191217,0.00012000001966953277
2014-03-21,False,SPY,0.012625435001722307,IEF,0.008393702050308649,-0.00017999999225139617
2014-03-24,False,SPY,0.0181958610823032,IEF,0.012180226366484304,-0.00014999996870756148
2014-03-25,False,SPY,0.02319561235052503,IEF,0.01138225111880442,-0.0004699999839067459
2014-03-26,False,SPY,0.018788874660090382,IEF,0.010771607369375547,-0.0005499999970197678
2014-03-27,False,SPY,0.01043499065498521,IEF,0.006026602589558561,-4.0000006556510926e-05
2014-03-28,False,IVV,0.014788779447269418,IEF,0.0023815408367231505,7.999999448657036e-05
2014-03-31,False,SPY,0.022845913961290654,IEF,0.0031665673984948572,3.0000004917383192e-05
2014-04-01,False,SPY,0.026832102205199826,IEF,-0.0058121897137115575,-3.0000004917383192e-05
2014-04-02,False,IVV,0.044076421133719235,IEF,-0.011857653150119996,-0.00012000000104308129
2014-04-03,False,SPY,0.03153803581579728,IEF,-0.009153558667707062,-0.00014999999664723872
2014-04-04,False,VOO,0.01370830694036651,IEF,-0.004809583635881576,-9.999999776482581e-05
2014-04-07,False,SPY,0.003977836726427819,IEF,-0.001490027558077478,0.0
2014-04-08,False,SPY,0.01239917362219356,IEF,-0.0014747082481024743,-0.000149999987334013
2014-04-09,False,SPY,0.020283007936273245,IEF,0.0008522857492965219,-6.999999284744263e-05
2014-04-10,False,IVV,-0.0018306778901889809,IEF,0.006247396346836354,-4.9999989569187166e-05
2014-04-11,False,VOO,-0.002752286431755624,IEF,0.013936308835729827,-3.0000004917383192e-05
2014-04-14,False,SPY,0.027152953009884184,IEF,0.010373677727433472,-3.0000004917383192e-05
2014-04-15,False,SPY,0.03933992511100581,IEF,0.016130795213145976,-0.00015000002458691596
2014-04-16,False,SPY,0.044013664851535905,IEF,0.011464124249272123,-0.00020000001415610314
2014-04-17,False,SPY,0.055611436680910176,IEF,0.0030796172609222072,-0.00023000000044703483
2014-04-21,False,SPY,0.04818124072030172,IEF,0.014279533832855407,-0.00027000000700354575
2014-04-22,False,SPY,0.05914951603195462,IEF,0.014382564075839932,-0.00027000000700354575
2014-04-23,False,VOO,0.08072063675632868,IEF,0.017880245594092514,-0.0004299999866634607
2014-04-24,False,SPY,0.07565397689830955,IEF,0.013368839142307687,-0.0006300000008195638
2014-04-25,False,SPY,0.06817481692881122,IEF,0.00988384168119505,-0.0006100000347942114
2014-04-28,False,SPY,0.05761132240081879,IEF,0.009192284148075824,-0.0006700000027194619
2014-04-29,False,IVV,0.049172218916887056,IEF,0.006525743674453688,-0.0004999999795109034
2014-04-30,False,SPY,0.05072550940092446,IEF,0.01295425137245143,-0.0005999999865889549
2014-05-01,False,IVV,0.039294854700987036,IEF,0.021486629459516182,-0.0005900000035762787
2014-05-02,False,VOO,0.03718783305944551,IEF,0.022074051600621925,-0.0005500000063329935
2014-05-05,False,SPY,0.03410555467758192,IEF,0.01856322280635858,-0.0004999999795109034
2014-05-06,False,SPY,0.019477705122679323,IEF,0.018955352493652322,-0.00039999999105930326
2014-05-07,False,IVV,0.024069802546595742,IEF,0.017548806255205163,-0.0004800000414252281
2014-05-08,False,SPY,0.02998785447159924,IEF,0.020940982392630314,-0.0004100000113248825
2014-05-09,False,SPY,0.02547300237308181,IEF,0.020749341677571476,-0.00032999999821186065
2014-05-12,False,IVV,0.03593183406754408,IEF,0.02245675438837802,-0.00030000001192092895
2014-05-13,False,SPY,0.031844331328144015,IEF,0.02462426567764031,-0.00015000000596046448
2014-05-14,False,SPY,0.02734462210620303,BND,0.031303939234351486,-0.00032000001519918444
2014-05-15,False,SPY,0.018269242253532436,GBF,0.03457905978666975,-0.00030000001192092895
2014-05-16,False,SPY,0.016467517495004635,GBF,0.03288916457532243,-0.0003700000140815973
2014-05-19,False,SPY,0.017622556746220708,GBF,0.031223031379795874,-0.00034000001847743987
2014-05-20,False,SPY,0.018368596286635785,GBF,0.02947842786855226,-0.00044999999925494195
2014-05-21,False,IVV,0.012114513492814005,GBF,0.02936675337707073,-0.0004300000332295895
2014-05-22,False,SPY,0.014257041453702879,GBF,0.030689434508180735,-0.00035000000149011613
2014-05-23,False,SPY,0.01599594609154309,GBF,0.029355529197981012,-0.0003199999779462814
2014-05-27,False,SPY,0.021806288527337347,GBF,0.03223261019856327,-0.000299999974668026
2014-05-28,False,VOO,0.021283786591463683,GBF,0.03204940403884882,-0.00035000000149011613
2014-05-29,False,IVV,0.031914405882884855,GBF,0.03347453763846597,-0.00029999999329447744
2014-05-30,False,SPY,0.033374895055995335,GBF,0.029484146987167614,-0.000279999990016222
2014-06-02,False,SPY,0.046286786903295685,GBF,0.0243059975535167,-0.00029999999329447744
2014-06-03,False,SPY,0.04868895908809501,GBF,0.025610240629908132,-0.000279999990016222
2014-06-04,False,IVV,0.04131871590586811,GBF,0.024636714540954063,-0.0003800000436604023
2014-06-05,False,IVV,0.040571342645269626,GBF,0.03024743017403808,-0.00029999999329447744
2014-06-06,False,SPY,0.051336060114696824,GBF,0.03079393672828523,-0.000299999974668026
2014-06-09,False,SPY,0.04630240998778801,GBF,0.027365398042392908,-0.0002500000037252903
2014-06-10,False,IVV,0.050409311266202295,GBF,0.029137085645807526,-0.00028000000864267347
2014-06-11,False,SPY,0.0511780451358661,GBF,0.023229044385317144,-0.0002499999850988388
2014-06-12,False,IVV,0.038615314000790546,GBF,0.030599711287640163,-0.0002499999850988388
2014-06-13,False,SPY,0.049521318709395024,GBF,0.026503627371637695,-0.00015000002458691596
2014-06-16,False,IVV,0.0525917710644499,GBF,0.023287662839541756,-0.00018000001087784768
2014-06-17,False,SPY,0.05035301632043776,GBF,0.02848751239018532,-6.999999284744263e-05
2014-06-18,False,SPY,0.04946272684308872,GBF,0.025779349271742413,-0.00015000000596046448
2014-06-19,False,SPY,0.043718562453574084,GBF,0.022536830680293773,-0.00023000000044703483
2014-06-20,False,SPY,0.04234896618004247,GBF,0.018421035408790365,-0.00019999999552965163
2014-06-23,False,SPY,0.04341033631226643,GBF,0.019444118687987677,-0.00027999999932944777
2014-06-24,False,SPY,0.049533112908827226,GBF,0.02647875467395422,-0.00013000000268220902
2014-06-25,False,SPY,0.06605835270914784,GBF,0.024633462967959208,-9.999999776482581e-05
2014-06-26,False,IVV,0.06084926012301217,GBF,0.026253987899186093,-4.9999989569187166e-05
2014-06-27,False,VOO,0.05167255656898906,GBF,0.02607685733375753,-0.00010000001639127731
2014-06-30,False,SPY,0.0736941933892783,GBF,0.02700668604704526,-9.999999776482581e-05
2014-07-01,False,SPY,0.09070644102771941,GBF,0.024926976894019903,-4.9999989569187166e-05
2014-07-02,False,SPY,0.08327935606563153,GBF,0.019171565109107336,-0.0002599999960511923
2014-07-03,False,SPY,0.08116047150282979,BND,0.02111180974730309,-0.0004500000039115548
2014-07-07,False,SPY,0.06622443692469093,GBF,0.021462818697656427,-0.00038000001572072504
2014-07-08,False,SPY,0.05789136085354185,GBF,0.020614832836079122,-0.000149999987334013
2014-07-09,False,SPY,0.058942149313935266,BND,0.022084993305978573,0.0
2014-07-10,False,SPY,0.049980170545011804,GBF,0.019329521819586803,4.999999888241291e-05
2014-07-11,False,SPY,0.053892213228292185,GBF,0.01470981393193771,-4.999999888241291e-05
2014-07-14,False,IVV,0.056886455214239406,IEF,0.018530118052049183,-0.000400000000372529
2014-07-15,False,SPY,0.06379887271700024,BND,0.02069374415623315,-0.00035000000149011613
2014-07-16,False,SPY,0.06436521154779573,BND,0.021446667780786743,-0.00041999999433755874
2014-07-17,False,SPY,0.047391647641134904,BND,0.022928697318612024,-0.0006499999668449164
2014-07-18,False,IVV,0.05446431749559322,GBF,0.021799893444031326,-0.00044999999925494195
2014-07-21,False,SPY,0.05286268930386129,BND,0.024442650117507903,-0.00032000001519918444
2014-07-22,False,SPY,0.058968915960535995,GBF,0.024928110981815577,-0.00023000001907348634
2014-07-23,False,IVV,0.059217231992884756,BND,0.024556521474352166,-5.0000008195638655e-05
2014-07-24,False,IVV,0.06840569848833433,GBF,0.021108721020636434,9.999999776482581e-05
2014-07-25,False,SPY,0.05741615272105993,GBF,0.02280766164179182,4.999999888241291e-05
2014-07-28,False,IVV,0.058949302031620965,BND,0.024057524038900935,-0.00020000001415610314
2014-07-29,False,IVV,0.05232123635714614,BND,0.02505594315228543,-0.00011999998241662979
2014-07-30,False,SPY,0.04285741999014969,BND,0.020436923371217164,-6.999999284744263e-05
2014-07-31,False,IVV,0.02098671505438543,BND,0.019567655082004753,-0.00015000000596046448
2014-08-01,False,SPY,0.023074232609331835,BND,0.02094945292097905,-0.00021999999880790712
2014-08-04,False,SPY,0.03958961222061341,BND,0.020187144417779912,-0.00024999999441206456
2014-08-05,False,VOO,0.025661070856675128,BND,0.017569367729693086,-9.999999776482581e-05
2014-08-06,False,SPY,0.022520183682477324,BND,0.0194386410948999,-0.00023000001907348634
2014-08-07,False,SPY,0.02343560694515534,BND,0.019519413848248846,-0.00023000001907348634
2014-08-08,False,SPY,0.026626695711564397,BND,0.022287288486721346,-0.00028000000864267347
2014-08-11,False,SPY,0.027104311848036522,BND,0.021401669449040428,-0.0002500000037252903
2014-08-12,False,SPY,0.021578148000488406,BND,0.023048068900248575,-0.00020000001415610314
2014-08-13,False,SPY,0.022209353038168844,BND,0.027957323758453834,-0.00015000002458691596
2014-08-14,False,IVV,0.027544357741039915,BND,0.0283215118579887,-0.00011999998241662979
2014-08-15,False,VOO,0.0222212194440079,BND,0.030321928187697855,-0.00023000001907348634
2014-08-18,False,SPY,0.029196967877745506,BND,0.02604380902800507,-0.00017999999225139617
2014-08-19,False,SPY,0.03338835196503109,BND,0.02289247156644114,-0.000149999987334013
2014-08-20,False,SPY,0.03668655895952666,BND,0.02202859249330591,-0.000149999987334013
2014-08-21,False,SPY,0.03761032956884591,BND,0.024534086218251483,-0.0002800000179558992
2014-08-22,False,SPY,0.02928522221980434,BND,0.02339950353092446,-0.0003500000108033419
2014-08-25,False,IVV,0.029574637826564,BND,0.028582198491699407,-0.0003500000108033419
2014-08-26,False,IVV,0.029189801889687672,BND,0.029973686413518053,-0.00027000000700354575
2014-08-27,False,SPY,0.028678601061209674,BND,0.028672548576087475,-0.00020000001415610314
2014-08-28,False,IVV,0.03152732976983019,BND,0.02991814740692167,-0.00021000001579523085
2014-08-29,False,IVV,0.04194104071504845,BND,0.030171287232037658,-0.00027000002562999726
2014-09-02,False,IVV,0.038169224810850055,BND,0.023879463753131658,-0.00017000000923871994
2014-09-03,False,SPY,0.036907431897146514,BND,0.02461594327720329,-0.00013000000268220902
2014-09-04,False,SPY,0.032537975230391813,BND,0.02476120991289177,-0.00013000000268220902
2014-09-05,False,IVV,0.029561840927634586,BND,0.024386837204836365,-8.000001311302185e-05
2014-09-08,False,SPY,0.025810095313227865,BND,0.02477738004994534,-9.999999776482581e-05
2014-09-09,False,SPY,0.017250335102715342,BND,0.025055277112296936,-2.9999995604157448e-05
2014-09-10,False,SPY,0.02139060525808323,BND,0.022291269126194724,0.0
2014-09-11,False,IVV,0.028673379274771982,BND,0.01851594192019168,-9.999999776482581e-05
2014-09-12,False,SPY,0.018150894462686695,GBF,0.012333945812129876,-9.999999776482581e-05
2014-09-15,False,SPY,0.01811278480930012,GBF,0.01342294385791698,-0.00015000000596046448
2014-09-16,False,IVV,0.02301533924231669,GBF,0.011879335455553308,-0.00013000001199543477
2014-09-17,False,IVV,0.025634151795515203,GBF,0.00926177550842211,-0.00015000000596046448
2014-09-18,False,VOO,0.02407447287396902,IEF,0.009009619145379455,-0.00019999999552965163
2014-09-19,False,IVV,0.022066328617972752,GBF,0.011060925723853199,-0.00022999999113380908
2014-09-22,False,VOO,0.009350317271535014,BND,0.012767416755668393,-0.0002699999930337071
2014-09-23,False,VOO,0.006925309531973456,BND,0.013883395271679255,-0.00018000000156462192
2014-09-24,False,IVV,0.021568149322219954,BND,0.015880808946514557,-0.00018000000156462192
2014-09-25,False,IVV,0.0003315021174754573,BND,0.01811742180024578,-0.00020000000484287738
2014-09-26,False,SPY,0.01265684803667333,GBF,0.01632037540453979,-0.00020000000484287738
2014-09-29,False,IVV,0.0091529399462571,BND,0.016740505440804965,-9.999999776482581e-05
2014-09-30,False,VOO,0.0016002447657843533,BND,0.016242739532455808,6.0000000521540644e-05
2014-10-01,False,SPY,-0.009995970961716338,GBF,0.020116077511936226,6.0000000521540644e-05
2014-10-02,False,VOO,-0.013669041296492712,GBF,0.01849679691167805,6.99999975040555e-05
2014-10-03,False,SPY,0.008832779303286742,BND,0.019489071214279452,-4.999999888241291e-05
2014-10-06,False,VOO,-0.002553935042531763,BND,0.01959761901603807,-9.999999776482581e-05
2014-10-07,False,SPY,-0.016097377614932462,BND,0.01972396978556268,-7.999999448657036e-05
2014-10-08,False,SPY,-0.0032330261299334806,BND,0.021321164401078008,-9.999999776482581e-05
2014-10-09,False,IVV,-0.025470141632446097,BND,0.020837661896466964,-9.999999776482581e-05
2014-10-10,False,SPY,-0.03634223568951511,BND,0.020704451454910844,-0.00014999999664723872
2014-10-13,False,IVV,-0.048070474275833,BND,0.02317051826968286,-0.00014999999664723872
2014-10-14,False,SPY,-0.046626020519935585,BND,0.02402876818473154,-0.00016999999992549418
2014-10-15,False,IVV,-0.04955621267723065,BND,0.02762985205774382,-0.00012000000104308129
2014-10-16,False,VOO,-0.0501530581378935,BND,0.026905116013365538,0.0
2014-10-17,False,SPY,-0.019364206217943547,BND,0.024280720589127114,2.0000003278255463e-05
2014-10-20,False,SPY,-0.006807521229467706,BND,0.022519927152624408,0.0
2014-10-21,False,SPY,0.00560703604750179,BND,0.019177791561522106,0.0
2014-10-22,False,SPY,0.00823261683207499,BND,0.01893155616427533,0.0
2014-10-23,False,SPY,0.019634178831962723,BND,0.01622748739058877,-2.9999995604157448e-05
2014-10-24,False,IVV,0.03306220508989566,GBF,0.01642167636783798,-0.00020000000484287738
2014-10-27,False,SPY,0.019855776682629722,BND,0.017091183651294806,-0.00020000000484287738
2014-10-28,False,IVV,0.028324604048429958,BND,0.01709565903167065,-0.00013000001199543477
2014-10-29,False,SPY,0.028450834297444327,BND,0.014382158429627756,-0.00013000001199543477
2014-10-30,False,SPY,0.028084779983407415,BND,0.014132226695716898,-0.0002500000083819032
2014-10-31,False,SPY,0.0349546232642306,BND,0.009097668351898625,-0.0002500000083819032
2014-11-03,False,SPY,0.03573066898333077,BND,0.009499880762800839,-0.0002699999930337071
2014-11-04,False,SPY,0.02356030445338031,BND,0.010234513903477405,-7.999999448657036e-05
2014-11-05,False,SPY,0.024677948907383174,BND,0.013945069543584099,-5.0000008195638655e-05
2014-11-06,False,SPY,0.02603874643477777,BND,0.014077660075055176,-0.00012000000104308129
2014-11-07,False,SPY,0.024012382168412838,BND,0.01741448367854148,-0.00012000000104308129
2014-11-10,False,SPY,0.02883455621955955,BND,0.014197223999018238,-0.00014999999664723872
2014-11-11,False,SPY,0.024646963907819064,BND,0.014813983193120661,-0.00013000001199543477
2014-11-12,False,SPY,0.02287922622314964,BND,0.015560173101121899,-0.00016999999061226845
2014-11-13,False,IVV,0.024020664915263668,BND,0.01829290738705569,-0.0003000000026077032
2014-11-14,False,SPY,0.025256075782436938,BND,0.01816682088221455,-0.0002999999979510903
2014-11-17,False,SPY,0.022994861601669303,BND,0.015554703564980121,-0.00023000000044703483
2014-11-18,False,SPY,0.029414416059952986,BND,0.01728479459895671,-0.00014999999664723872
2014-11-19,False,VOO,0.02831456147453637,BND,0.0149395143788833,-0.00010000000707805157
2014-11-20,False,SPY,0.03162170179885582,GBF,0.01796621480616367,-0.00018000000156462192
2014-11-21,False,SPY,0.032500062999726076,BND,0.018149101747559016,-0.00014999999199062587
2014-11-24,False,VOO,0.03802194661059599,BND,0.0191439028512137,-4.999999888241291e-05
2014-11-25,False,SPY,0.043939936747315,BND,0.020374723454718247,7.999999448657036e-05
2014-11-26,False,IVV,0.04264226257560222,BND,0.022231084673939305,4.999999888241291e-05
2014-11-28,False,SPY,0.03928366810422701,BND,0.022086628580411327,-0.00016999999992549418
2014-12-01,False,SPY,0.038124967786404396,BND,0.019186592548436687,-0.00012999999336898326
2014-12-02,False,SPY,0.04562300909587069,BND,0.015603215308644502,-0.00010000000707805157
2014-12-03,False,SPY,0.041808509138888006,BND,0.015355959014063947,-0.00012999999336898326
2014-12-04,False,SPY,0.03925627639835927,BND,0.016215283756943366,-6.999999284744263e-05
2014-12-05,False,SPY,0.035439094405613325,BND,0.015214123558832116,-0.00015000000596046448
2014-12-08,False,SPY,0.029446880884539173,BND,0.020052704348850314,-2.0000003278255463e-05
2014-12-09,False,SPY,0.036756111083523946,BND,0.021674198058476035,0.0002500000083819032
2014-12-10,False,SPY,0.026008944775791853,BND,0.023145631643886277,0.00018000000156462192
2014-12-11,False,IVV,0.023146957674971436,BND,0.020281895668360805,-3.0000004917383192e-05
2014-12-12,False,VOO,0.02310485709083454,BND,0.02274056675605718,0.0
2014-12-15,False,IVV,0.00767749437907006,BND,0.02063976773441656,-4.999999888241291e-05
2014-12-16,False,SPY,0.001872941968376507,BND,0.021487520923926917,0.00014999999664723872
2014-12-17,False,SPY,0.02421053533173234,BND,0.020516296304306403,4.999999888241291e-05
2014-12-18,False,VOO,0.05796204995909693,BND,0.019660909427340556,0.00013000000268220902
2014-12-19,False,VOO,0.06290331355609458,BND,0.02150656713216126,7.000001147389412e-05
2014-12-22,False,VOO,0.05582670413032509,BND,0.018278675654536558,7.999999448657036e-05
2014-12-23,False,VOO,0.05872899822511779,BND,0.013841183090789633,9.999999776482581e-05
2014-12-24,False,VOO,0.07510431723278255,BND,0.01421159382552073,6.999999284744263e-05
2014-12-26,False,VOO,0.06006006760520122,BND,0.013718448338842837,-9.999999776482581e-05
2014-12-29,False,VOO,0.08342738311969855,BND,0.015941566226208348,-0.00016999999526888133
2014-12-30,False,VOO,0.08975385811361791,BND,0.01866557726062168,0.0
2014-12-31,False,VOO,0.09643234789923527,BND,0.01754720960860956,0.00017000000923871994
2015-01-02,False,VOO,0.09464854140103718,BND,0.02125501207650382,-0.00010000000707805157
2015-01-05,False,VOO,0.08347456692138211,BND,0.02334798729274601,-0.0002500000083819032
2015-01-06,False,VOO,0.07351222751664688,BND,0.03019635408405197,-8.000001311302185e-05
2015-01-07,False,VOO,0.0736562744938698,BND,0.031948028942188955,2.0000003278255463e-05
2015-01-08,False,VOO,0.08187709422955725,BND,0.026915871463760066,0.0
2015-01-09,False,VOO,0.0523270749025484,BND,0.02726693000243907,0.0
2015-01-12,False,VOO,0.05166649352066477,BND,0.03000732748479873,-0.00012000000104308129
2015-01-13,False,VOO,0.036981280219196444,BND,0.029862797883033254,3.0000004917383192e-05
2015-01-14,False,VOO,0.02321211253309774,BND,0.02995078538542706,5.0000008195638655e-05
2015-01-15,False,VOO,0.014956582863370649,BND,0.035266355409000916,3.0000004917383192e-05
2015-01-16,False,VOO,0.01583128727618588,BND,0.031680662962874306,-7.000001147389412e-05
2015-01-20,False,VOO,0.019536690873063867,BND,0.03144955417635553,-0.00016999999992549418
2015-01-21,False,VOO,0.01842891637143218,GBF,0.02401852508152058,-9.999999776482581e-05
2015-01-22,False,VOO,0.022440875127296644,GBF,0.02204125745147123,-0.00013000001199543477
2015-01-23,False,VOO,0.016212800573209618,GBF,0.022620419564725713,-8.999999612569808e-05
2015-01-26,False,VOO,0.021857050718909976,BND,0.029186522945625626,-0.00016999999992549418
2015-01-27,False,VOO,0.0018859628179999088,BND,0.029927504689229112,-7.000001147389412e-05
2015-01-28,False,VOO,-0.015294230118935381,BND,0.03512925280699597,-0.00010000000707805157
2015-01-29,False,VOO,-0.006595187705152217,BND,0.032889188589999785,-4.999999888241291e-05
2015-01-30,False,VOO,-0.021757712452411315,BND,0.03855273826258565,-9.999999776482581e-05
2015-02-02,False,VOO,-0.01148270519096406,BND,0.03694030622886335,-9.999999776482581e-05
2015-02-03,False,VOO,0.003741490206896847,GBF,0.03165639386491681,-0.00010000000707805157
2015-02-04,False,VOO,-0.000587337150395717,GBF,0.031541068600651645,-0.00020000000484287738
2015-02-05,False,VOO,0.009181829280585863,BND,0.02838524105839868,-0.000139999995008111
2015-02-06,False,VOO,0.005815445981549594,BND,0.021748083888576852,-2.9999995604157448e-05
2015-02-09,False,VOO,-0.004509110317848841,BND,0.024874384026893903,-0.00016999999526888133
2015-02-10,False,VOO,0.007918783329402324,BND,0.02128327010364295,-0.00014999999664723872
2015-02-11,False,VOO,0.00679000643334593,BND,0.0230240828022239,-0.00014999999664723872
2015-02-12,False,VOO,0.010444677680690129,BND,0.023891996650392544,-0.00011999999172985553
2015-02-13,False,VOO,0.012259262861403775,BND,0.022295354256155697,-0.00014999999664723872
2015-02-17,False,VOO,0.014210428726000313,BND,0.01996209160938811,-6.999999284744263e-05
2015-02-18,False,VOO,0.01207740593657669,BND,0.024683486423113132,-1.9999993965029718e-05
2015-02-19,False,VOO,0.013576770766527524,BND,0.024567766359363086,3.0000004917383192e-05
2015-02-20,False,VOO,0.026757721915962707,BND,0.026449306072144463,0.0
2015-02-23,False,VOO,0.02006076799895573,BND,0.028055995940396983,4.999999888241291e-05
2015-02-24,False,VOO,0.019145284813808505,BND,0.032656498160854364,2.9999995604157448e-05
2015-02-25,False,VOO,0.019059241923519377,BND,0.03491904081701436,1.9999993965029718e-05
2015-02-26,False,VOO,0.016089883217961454,BND,0.031932716771449376,3.0000004917383192e-05
2015-02-27,False,VOO,0.019525222154641808,BND,0.030652288672641692,1.0000001639127731e-05
2015-03-02,False,VOO,0.027040025267026424,BND,0.026064647661829587,1.999999862164259e-05
2015-03-03,False,VOO,0.038952534183180454,GBF,0.02396074800279102,6.0000000521540644e-05
2015-03-04,False,VOO,0.029799882390788568,BND,0.02494783885355112,2.9999995604157448e-05
2015-03-05,False,VOO,0.04793394917882621,BND,0.023065190162303795,-1.999999862164259e-05
2015-03-06,False,VOO,0.04034329211075249,BND,0.01811483505637823,0.0
2015-03-09,False,VOO,0.05288637308909783,BND,0.018110979508435765,0.0
2015-03-10,False,VOO,0.015120616932366548,BND,0.022322380067677727,-3.0000004917383192e-05
2015-03-11,False,SPY,-0.005567996254072005,BND,0.019061533135435127,0.0
2015-03-12,False,SPY,0.0028084654686584276,BND,0.020548799565349496,7.999999448657036e-05
2015-03-13,False,SPY,-0.007904862618633435,GBF,0.02011708753177266,0.00013000000268220902
2015-03-16,False,SPY,0.00399513919230321,GBF,0.0182201618245863,0.00019999999552965163
2015-03-17,False,IVV,0.0006689839231481809,GBF,0.015786306391406102,0.00038000000640749934
2015-03-18,False,VOO,0.00967857814294959,BND,0.021597408643225124,0.0003299999888986349
2015-03-19,False,VOO,0.0036048804156163516,BND,0.02013825084824239,4.999999888241291e-05
2015-03-20,False,SPY,0.018059871982172737,GBF,0.021597828676607644,-1.999999862164259e-05
2015-03-23,False,SPY,0.026260004261625225,GBF,0.01854444106525266,-1.999999862164259e-05
2015-03-24,False,SPY,0.02103922486502241,BND,0.01985708103290107,9.999999776482581e-05
2015-03-25,False,VOO,0.024216675964968903,BND,0.015942126211685892,7.999999448657036e-05
2015-03-26,False,IVV,0.031774869833291364,GBF,0.012898791743603422,8.000001311302185e-05
2015-03-27,False,VOO,0.021188908742730828,BND,0.016070860173990287,7.999999448657036e-05
2015-03-30,False,IVV,0.015522401790595941,GBF,0.01606451159995026,3.0000004917383192e-05
2015-03-31,False,SPY,0.015184293236458535,BND,0.019006424512429065,7.000001147389412e-05
2015-04-01,False,SPY,0.01958143074445884,GBF,0.023142696175374233,0.00018000000156462192
2015-04-02,False,IVV,0.025498781433551,BND,0.025054235578250372,-4.999999888241291e-05
2015-04-06,False,VOO,0.03903069150375349,BND,0.025045534107408063,-1.999999862164259e-05
2015-04-07,False,VOO,0.046012935656091214,BND,0.02603190608631034,9.999999776482581e-05
2015-04-08,False,SPY,0.03609777481199017,BND,0.025914974310883965,2.9999995604157448e-05
2015-04-09,False,SPY,0.03846621340361067,BND,0.025440744756784817,4.999999888241291e-05
2015-04-10,False,IVV,0.038816917844746834,BND,0.024203664985856577,0.00011999999638646841
2015-04-13,False,VOO,0.018869790795075225,BND,0.026191157732002424,1.999999862164259e-05
2015-04-14,False,VOO,0.026375861642256027,BND,0.0285025981399194,6.99999975040555e-05
2015-04-15,False,SPY,0.02881177419512082,BND,0.029740008344408375,-7.000000216066837e-05
2015-04-16,False,SPY,0.04226594347718238,BND,0.02824123819288049,-9.999999776482581e-05
2015-04-17,False,SPY,0.043660586211196506,BND,0.03235153975842908,-4.9999989569187166e-05
2015-04-20,False,VOO,0.04340275536159277,BND,0.02773223707661021,-4.9999989569187166e-05
2015-04-21,False,VOO,0.05535978019020038,BND,0.028625365363898148,4.999999888241291e-05
2015-04-22,False,SPY,0.047791932021498784,BND,0.024304251980486358,4.999999888241291e-05
2015-04-23,False,SPY,0.03545482992506899,BND,0.02640157089555184,6.999999284744263e-05
2015-04-24,False,VOO,0.04178276999494912,BND,0.0272548859027133,9.999999776482581e-05
2015-04-27,False,SPY,0.027124554375004273,BND,0.026265486563343377,0.00010000000242143869
2015-04-28,False,SPY,0.03324696075483469,BND,0.023063928055618854,3.0000004917383192e-05
2015-04-29,False,SPY,0.03362112427804975,BND,0.01837603462156867,-0.00011999999638646841
2015-04-30,False,IVV,0.012293055165077504,BND,0.02208892917586125,-9.999999776482581e-05
2015-05-01,False,VOO,0.022631547487071524,GBF,0.01678577259451708,-0.00011999999638646841
2015-05-04,False,SPY,0.01600283450648865,BND,0.014051161206252383,0.0
2015-05-05,False,VOO,0.00013893925764052462,GBF,0.011338631743213146,3.0000004917383192e-05
2015-05-06,False,IVV,-0.005628626091434108,GBF,0.004238636468956392,-7.999999448657036e-05
2015-05-07,False,VOO,-0.0016773128092953948,GBF,0.0072568358357907314,-4.999999888241291e-05
2015-05-08,False,VOO,0.012094513792905603,GBF,0.008145282633043038,-1.999999862164259e-05
2015-05-11,False,VOO,0.0011604015767545661,GBF,0.002607697567483802,-2.0000003278255463e-05
2015-05-12,False,VOO,-0.001486797307263532,BND,0.006486972134387203,-1.9999993965029718e-05
2015-05-13,False,VOO,-0.004106030594278942,BND,0.006241066538907436,4.999999888241291e-05
2015-05-14,False,SPY,0.00721671162366877,BND,0.0064966901886964745,-3.0000004917383192e-05
2015-05-15,False,IVV,0.009486754754727933,BND,0.013495131960247653,0.0
2015-05-18,False,IVV,0.01579952602188217,GBF,0.0076582988480531355,3.0000004917383192e-05
2015-05-19,False,VOO,0.009029883257966942,GBF,0.004907288484361061,-0.00018000001087784768
2015-05-20,False,VOO,0.012680338320796514,BND,0.002469289902612637,-0.00012000000104308129
2015-05-21,False,IVV,0.019954724581650485,GBF,0.0054448272098965855,-8.999999612569808e-05
2015-05-22,False,SPY,0.01653858276682496,IEF,-0.00013184011623179615,-4.999999888241291e-05
2015-05-26,False,IVV,0.019912622088674725,BND,0.00688148217939033,0.0
2015-05-27,False,VOO,0.025191374606844175,IEF,0.004112290308139865,-0.00016999999061226845
2015-05-28,False,IVV,0.04108016582761409,GBF,0.004396818081911169,-0.00016999999526888133
2015-05-29,False,IVV,0.03696204383736701,GBF,0.005984554365990213,-0.0002999999979510903
2015-06-01,False,IVV,0.02596670675117907,GBF,0.0021161313844315632,-0.00016999999992549418
2015-06-02,False,VOO,0.03140087993417584,GBF,-0.004137176105387219,-4.999999888241291e-05
2015-06-03,False,IVV,0.020259183763487787,GBF,-0.00796405740614059,-9.999999776482581e-05
2015-06-04,False,SPY,0.014944905158984723,GBF,0.000657850666897497,-0.00014999999664723872
2015-06-05,False,SPY,0.0011707441213280045,GBF,-0.0051647016630022025,0.0
2015-06-08,False,IVV,-0.00047108379588212124,GBF,-0.009012801578233809,6.99999975040555e-05
2015-06-09,False,IVV,-0.009535436715022105,GBF,-0.00806562378297948,-6.999999284744263e-05
2015-06-10,False,IVV,0.003869773516386399,GBF,-0.01732489893740008,-0.00024000000208616257
2015-06-11,False,VOO,0.013218143549626804,GBF,-0.010230363669639142,-6.999999284744263e-05
2015-06-12,False,IVV,0.020368034837972004,IEF,-0.01666513224992694,1.999999862164259e-05
2015-06-15,False,VOO,0.01849692546881765,IEF,-0.020891640552752277,-0.00016999999526888133
2015-06-16,False,SPY,0.021920629046564555,IEF,-0.016972756483275786,-0.00011999999172985553
2015-06-17,False,SPY,0.011236825496294456,GBF,-0.01654713347576675,-0.00014999999199062587
2015-06-18,False,IVV,0.030265103241067903,IEF,-0.01797875480843325,-0.00011999999638646841
2015-06-19,False,IVV,0.02736763512805651,IEF,-0.016213142923762414,-0.00010000000242143869
2015-06-22,False,SPY,0.03139250332435228,IEF,-0.02539217409924477,-0.0002000000001862645
2015-06-23,False,IVV,0.024799738440896446,IEF,-0.03282540315727245,-0.00016999999992549418
2015-06-24,False,SPY,0.02047415268773256,IEF,-0.038167090619568245,-0.00018000000156462192
2015-06-25,False,IVV,0.013699534741531627,IEF,-0.033427624338325024,-0.00012999999336898326
2015-06-26,False,SPY,0.009289733563011104,IEF,-0.04024772856866543,-3.0000004917383192e-05
2015-06-29,False,SPY,-0.01723856260861667,IEF,-0.02445134008245098,-0.00014999999664723872
2015-06-30,False,SPY,-0.010706653386563736,IEF,-0.024717201835500746,-4.999999888241291e-05
2015-07-01,True,SPY,-0.0046815234787106474,IEF,-0.03612050850323634,-0.00010000000242143869
2015-07-02,True,IVV,-0.010216512711387571,IEF,-0.030482613667944025,-1.999999862164259e-05
2015-07-06,True,SPY,-0.012570248305829534,IEF,-0.02497038767053561,-0.00012999999336898326
2015-07-07,True,SPY,0.005202500455507186,IEF,-0.029847153748871702,-4.999999888241291e-05
2015-07-08,False,SPY,-0.020610711399101977,IEF,-0.022525796191191994,0.0
2015-07-09,False,IVV,-0.017807444545143047,IEF,-0.03777189676554815,3.0000004917383192e-05
2015-07-10,True,SPY,-0.010163521828043587,IEF,-0.043241033521560834,3.0000004917383192e-05
2015-07-13,True,SPY,-0.0017500889933440567,IEF,-0.03768247802145297,-6.999999284744263e-05
2015-07-14,True,SPY,0.0002585526298477525,IEF,-0.036227034233564104,4.999999888241291e-05
2015-07-15,True,IVV,0.0038790060553230976,IEF,-0.02899690709264191,4.999999888241291e-05
2015-07-16,False,VOO,0.008873978655637771,GBF,-0.019484525037087197,-4.999999888241291e-05
2015-07-17,False,SPY,0.013979109188952066,GBF,-0.01868424633903165,0.00010000000242143869
2015-07-20,False,IVV,0.024751911033142227,GBF,-0.017882874855697506,0.00018000000156462192
2015-07-21,False,SPY,0.009775859374540508,GBF,-0.017938459455411948,0.00024999999441206456
2015-07-22,False,IVV,0.004686635542426432,GBF,-0.01816665690061614,0.00021999998949468136
2015-07-23,False,IVV,0.01093875421021373,GBF,-0.012033154451302597,0.00024999999441206456
2015-07-24,False,IVV,0.004481104296290228,GBF,-0.0061551319174216745,0.00021999998949468136
2015-07-27,False,IVV,-0.005460290248037736,GBF,-0.008354053168107556,0.00015000000596046448
2015-07-28,False,IVV,-0.006027295455234172,GBF,-0.008817335970158102,0.00030000001192092895
2015-07-29,False,IVV,0.00548961741477183,GBF,-0.009533839368307762,0.0003500000201165676
2015-07-30,False,SPY,0.00888406304992273,GBF,-0.011906224449072411,0.0004499999899417162
2015-07-31,False,VOO,0.006918738838704641,GBF,-0.013226242029780066,0.00039999999105930326
2015-08-03,False,IVV,-0.006932509353796412,GBF,-0.01306544385609465,0.0004800000134855509
2015-08-04,False,IVV,-0.010022298582432199,GBF,-0.010201233940654197,0.0006200000271201133
2015-08-05,True,SPY,-0.009423376400898631,GBF,-0.01437021760124102,0.0006700000260025263
2015-08-06,True,SPY,-0.017211319017778837,GBF,-0.009723646504538053,0.00023000000976026059
2015-08-07,True,IVV,-0.018441223012545027,GBF,-0.0024754927868292365,0.00041999999433755874
2015-08-10,True,SPY,-0.008925998928301149,GBF,-0.005620299777923998,0.0005499999783933163
2015-08-11,True,IVV,-0.01574959032651546,GBF,-0.0005148217401865773,0.0009499999741092324
2015-08-12,False,VOO,-0.004011007541384948,GBF,0.005636181540998653,0.0008500000368803739
2015-08-13,True,IVV,-0.014417834565621845,GBF,-0.00037049292293900304,0.0007799999695271253
2015-08-14,True,IVV,-0.00974262866674902,BND,-0.0017580500043493652,0.0006999999843537808
2015-08-17,True,IVV,0.0021790115650284214,GBF,-0.0014153642528478283,0.0004699999839067459
2015-08-18,True,VOO,-0.0027848844781946935,BND,-0.0035689927261298715,0.0006700000166893006
2015-08-19,False,VOO,-0.009637895586377843,GBF,-0.0014998573473788968,0.00016999999061226845
2015-08-20,False,IVV,-0.03338735086362177,BND,-0.0001377707132215189,-0.00014999999664723872
2015-08-21,False,VOO,-0.056067607658121466,BND,0.0006029045415369971,-0.00028000000864267347
2015-08-24,True,IVV,-0.09287881935811282,BND,-0.0057616613721224175,-0.00022999999113380908
2015-08-25,True,VOO,-0.09815305202482727,GBF,-0.007661789220469339,0.00042999999597668646
2015-08-26,True,SPY,-0.06257647371424402,GBF,-0.01536796221637371,0.0005199999967589974
2015-08-27,True,SPY,-0.05077380776475959,GBF,-0.014639736972771988,0.00047000000718981026
2015-08-28,True,SPY,-0.053776236539514466,GBF,-0.017297097356638647,0.0003500000108033419
2015-08-31,True,VOO,-0.054819584097322016,GBF,-0.016891935196404417,-0.00014999999199062587
2015-09-01,True,IVV,-0.07947952315361084,GBF,-0.010509876710099397,9.999997913837433e-05
2015-09-02,True,IVV,-0.06647035009269919,GBF,-0.014206058457208126,-4.9999989569187166e-05
2015-09-03,True,VOO,-0.06713624568326337,GBF,-0.013153836644025585,-8.000000379979611e-05
2015-09-04,True,VOO,-0.09059879343030852,GBF,-0.012669876279447156,0.0
2015-09-08,True,SPY,-0.06346941830343344,GBF,-0.020531273934029426,-7.999999448657036e-05
2015-09-09,True,IVV,-0.0810522447324471,GBF,-0.01931045343149318,0.0002500000037252903
2015-09-10,True,IVV,-0.07655827910265878,GBF,-0.019503110827777448,0.00011999999638646841
2015-09-11,True,VOO,-0.06579647267957023,GBF,-0.017962462862004314,8.000000379979611e-05
2015-09-14,True,VOO,-0.066416884298229,GBF,-0.018204970483960414,7.000001147389412e-05
2015-09-15,True,IVV,-0.054695241686821716,GBF,-0.019171260119785427,0.0003799999877810478
2015-09-16,True,IVV,-0.025733676881560252,GBF,-0.020918662301047997,0.0003799999970942736
2015-09-17,True,IVV,-0.030499535692956714,GBF,-0.014875924550264319,-1.999999862164259e-05
2015-09-18,True,IVV,-0.05406028906278093,GBF,-0.014648782224049972,0.0
2015-09-21,True,IVV,-0.04794095217110428,GBF,-0.01968596285469215,-1.9999993965029718e-05
2015-09-22,True,IVV,-0.05744085644565389,GBF,-0.015520236984859381,-6.99999975040555e-05
2015-09-23,True,VOO,-0.06488203339356902,GBF,-0.0185822999948817,-0.00010000000242143869
2015-09-24,True,IVV,-0.05214076025638559,GBF,-0.015779327603152038,-8.000000379979611e-05
2015-09-25,True,IVV,-0.054466018701609165,GBF,-0.016853648527599407,0.0
2015-09-28,True,IVV,-0.08968707272297294,GBF,-0.011596141354943357,-6.999999284744263e-05
2015-09-29,True,IVV,-0.09946257716425266,GBF,-0.010877649227992947,-0.00016999999526888133
2015-09-30,True,IVV,-0.08579055968478566,GBF,-0.01266503631594007,-9.999999776482581e-05
2015-10-01,True,SPY,-0.08300244335807361,GBF,-0.01154756209703578,4.9999989569187166e-05
2015-10-02,True,IVV,-0.07673305467698488,GBF,-0.0052257905237459434,-4.999999888241291e-05
2015-10-05,True,VOO,-0.06118636994508109,GBF,-0.0011635190433426645,5.0000003539025785e-05
2015-10-06,True,IVV,-0.06490582516177479,GBF,-0.0014998441789727535,0.0
2015-10-07,False,IVV,-0.053520825491125135,GBF,0.0029037945828818135,1.999999862164259e-05
2015-10-08,False,SPY,-0.043118655112420634,GBF,0.001653071555363983,0.0
2015-10-09,False,SPY,-0.03712684738953087,GBF,0.003157657312775619,-5.0000003539025785e-05
2015-10-12,False,SPY,-0.026116988892922022,BND,0.008859468756226896,0.0
2015-10-13,False,VOO,-0.026602642742794114,GBF,0.005639480085981807,0.0
2015-10-14,False,IVV,-0.043225504391110725,BND,0.008375332237890332,6.99999975040555e-05
2015-10-15,False,VOO,-0.03525816400937731,BND,0.011692941589337424,0.0
2015-10-16,False,VOO,-0.03150684117458946,BND,0.012558430245492858,-8.000000379979611e-05
2015-10-19,False,IVV,-0.028945134216866175,GBF,0.01301319442674509,-4.999999888241291e-05
2015-10-20,False,IVV,-0.027062148439045863,BND,0.00947578548207173,0.0
2015-10-21,False,VOO,-0.031339203129461035,BND,0.007269619079468326,-4.999999888241291e-05
2015-10-22,False,IVV,-0.018444665833300067,BND,0.012677407696966014,-3.0000004917383192e-05
2015-10-23,False,VOO,0.0003230314070830076,BND,0.012312512546961418,-6.99999975040555e-05
2015-10-26,False,VOO,0.0005733995146057769,BND,0.013423456365252884,-4.999999888241291e-05
2015-10-27,False,VOO,-0.013893223679599997,BND,0.010460088320052519,-3.0000004917383192e-05
2015-10-28,False,IVV,0.006488425926714836,BND,0.00824538565196331,0.0002500000037252903
2015-10-29,False,SPY,0.004765877916096617,GBF,0.001576920262752246,0.00042999999597668646
2015-10-30,False,IVV,0.0014583084133583668,GBF,0.0030837573454973732,0.0005500000342726708
2015-11-02,False,VOO,0.00950747866013768,GBF,0.0007072407553145865,0.000499999993480742
2015-11-03,False,IVV,0.006811751055568083,GBF,-0.0022885474267497763,0.0005499999830499291
2015-11-04,False,SPY,0.00701770757440201,GBF,-0.0014594098427576085,0.0004699999932199717
2015-11-05,False,IVV,0.013975009388951465,GBF,0.00349263221513052,0.00029999999329447744
2015-11-06,False,SPY,0.03511293704690832,BND,0.005170738945209141,0.0006299999915063381
2015-11-09,False,SPY,0.0572802006132338,GBF,-0.0007192751826969879,0.0007000000309199095
2015-11-10,False,SPY,0.1063021146491383,GBF,0.004277494679786997,0.0011500000022351743
2015-11-11,False,SPY,0.11507417263331221,GBF,0.002385482123074878,0.0011300000362098217
2015-11-12,False,IVV,0.05845690755658639,GBF,0.00606728605237894,0.0011000000312924385
2015-11-13,False,IVV,0.02152747765888985,GBF,0.01237769275873779,0.0009999999776482583
2015-11-16,False,SPY,0.037178727360126285,GBF,0.007236153365785203,0.0008999999705702066
2015-11-17,False,SPY,0.04486384258053322,GBF,0.006519966514004771,0.0013000000547617673
2015-11-18,False,SPY,0.09409801091073589,GBF,0.006879370942935781,0.0012000000337138773
2015-11-19,False,IVV,0.0727564911285854,GBF,0.007777721555430661,0.0007999999914318323
2015-11-20,False,SPY,0.07593038161529297,GBF,0.007328847935555771,0.0009000000217929483
2015-11-23,False,SPY,0.09121404313834747,BND,0.008652383205599135,0.001019999966956675
2015-11-24,False,IVV,0.06555700232197759,GBF,0.005724191272988177,0.0014999999711290003
2015-11-25,False,SPY,0.0801797373053208,GBF,0.01001978973066242,0.0017199999699369073
2015-11-27,False,SPY,0.0755654080054422,GBF,0.01389707885847713,0.001519999960437417
2015-11-30,False,SPY,0.06625480357503766,BND,0.01163304862047343,0.0016500000189989805
2015-12-01,False,SPY,0.08043118092516677,BND,0.016838752057328987,0.001979999942705035
2015-12-02,False,VOO,0.05614272705164369,BND,0.017473620414384605,0.0019500000309199096
2015-12-03,False,VOO,0.032098882990039046,BND,0.004503361515918236,0.001929999990388751
2015-12-04,False,SPY,0.05497306862624085,GBF,0.008202828901044734,0.0019499999843537808
2015-12-07,False,VOO,0.06570591359598743,GBF,0.012893822431026436,0.002319999993778765
2015-12-08,False,SPY,0.05339500520153817,GBF,0.010009690629335433,0.0026500000664964316
2015-12-09,False,IVV,0.0589107014182384,BND,0.007582648607451725,0.002400000048801303
2015-12-10,False,IVV,0.06336700759331215,GBF,0.002406623338635727,0.0022000000439584256
2015-12-11,False,VOO,0.045793436569128154,GBF,0.004112762553157623,0.0020299999974668025
2015-12-14,False,SPY,0.05211318993005687,GBF,0.004805274780871782,0.0018999999854713678
2015-12-15,False,SPY,0.09052721121578,GBF,0.007941735813330686,0.002419999996200204
2015-12-16,False,SPY,0.1058365793335887,GBF,0.0070402730146486014,0.0022699999902397396
2015-12-17,False,SPY,0.06903902290385822,GBF,0.009202956963431763,0.0020299999974668025
2015-12-18,False,IVV,0.04647070333027603,GBF,0.007223984544406203,0.0016199999675154686
2015-12-21,False,IVV,0.04024078729892899,GBF,0.0074034768208599555,0.0014299999736249447
2015-12-22,False,IVV,0.031209015248766292,GBF,0.0043533321722444285,0.0018000000342726708
2015-12-23,False,VOO,0.047504115404374714,GBF,0.005424209306885697,0.0016699999757111073
2015-12-24,False,VOO,0.03698268867176724,GBF,0.006582566768206899,0.001529999990016222
2015-12-28,False,IVV,0.025558466057863383,GBF,0.006047429051782016,0.0015999999828636645
2015-12-29,False,SPY,0.03628022339692194,GBF,-0.0017390555980918432,0.0018500000424683093
2015-12-30,False,VOO,0.027731442305091614,GBF,-0.0025417388619191073,0.0016499999351799488
2015-12-31,False,SPY,0.024136191408366425,GBF,-0.002319488496766775,0.0012000000104308128
2016-01-04,False,SPY,0.014684314808876664,GBF,0.0006087338095792649,0.001119999997317791
2016-01-05,False,SPY,0.001029891011038897,GBF,0.0018483451564677011,0.001599999964237213
2016-01-06,False,SPY,-0.016070746388857304,GBF,0.0024918308694505953,0.0014499999955296515
2016-01-07,False,VOO,-0.0402341711362576,GBF,0.0018865815571387223,0.0013199999928474426
2016-01-08,False,SPY,-0.049469432447101336,GBF,0.0020642814840943213,0.0012699999660253525
2016-01-11,True,VOO,-0.042880491508763385,GBF,0.000980739043673351,0.0009999999403953552
2016-01-12,True,VOO,-0.051351882362863366,GBF,0.006771569423887902,0.0013499999046325685
2016-01-13,True,SPY,-0.08460394212930522,BND,0.009734001875516984,0.0018700000271201134
2016-01-14,True,IVV,-0.06771550572333229,GBF,0.0057925846426112315,0.001849999949336052
2016-01-15,False,VOO,-0.08566256495693292,GBF,0.008828786265709265,0.0015800000727176665
2016-01-19,False,IVV,-0.09525232739256362,GBF,0.0024248808866662586,0.0013200000673532486
2016-01-20,False,SPY,-0.10570882414513871,GBF,0.0024236569135305253,0.001629999876022339
2016-01-21,False,SPY,-0.09680592828906631,GBF,0.006329721346064021,0.001900000050663948
2016-01-22,False,SPY,-0.0890541460407549,GBF,0.0035676411429137467,0.002079999893903732
2016-01-25,False,SPY,-0.10541874205004187,GBF,0.004904396241558473,0.00215000007301569
2016-01-26,False,IVV,-0.09064240677525026,GBF,0.0058829746360908874,0.002150000110268593
2016-01-27,False,VOO,-0.09963070907360716,BND,0.006033840918604483,0.002600000128149986
2016-01-28,False,VOO,-0.09434612258626074,GBF,0.004201333459161516,0.003029999891296029
2016-01-29,False,IVV,-0.06354828440237903,GBF,0.005366745465755329,0.002800000123679638
2016-02-01,True,SPY,-0.06596432908525274,GBF,0.0006545701725799713,0.002799999872222543
2016-02-02,True,IVV,-0.0792134516768711,BND,0.012265524963422036,0.002770000137388706
2016-02-03,True,IVV,-0.061084747226179736,GBF,0.014897768192601024,0.0027800000458955763
2016-02-04,True,VOO,-0.048547911372390784,GBF,0.014710331306829305,0.002329999916255474
2016-02-05,False,IVV,-0.08081123376396115,GBF,0.01435584253631772,0.0022799999639391898
2016-02-08,False,SPY,-0.0922104240444952,BND,0.02097072206305972,0.002569999904371798
2016-02-09,False,IVV,-0.10668823583495857,BND,0.01836460088473979,0.002620000131428242
2016-02-10,False,SPY,-0.10634097359280847,BND,0.0212267596594089,0.0027300000749528406
2016-02-11,False,IVV,-0.12138807783556271,BND,0.02109514822069669,0.0025800000224262478
2016-02-12,False,SPY,-0.1020195830571684,BND,0.015251652805829297,0.0024500001035630704
2016-02-16,False,VOO,-0.08839399175697571,BND,0.016254562125280536,0.0024800000153481962
2016-02-17,False,IVV,-0.07319705474987637,GBF,0.01621258333947795,0.002580000124871731
2016-02-18,False,VOO,-0.07801644572639932,GBF,0.020965690235268175,0.0027299998793751
2016-02-19,False,IVV,-0.07459963502458944,BND,0.018366618690777603,0.00259999992325902
2016-02-22,False,IVV,-0.07034205232739099,BND,0.01836460088473979,0.002680000122636557
2016-02-23,False,SPY,-0.07224569559842497,BND,0.02325574165189659,0.0025999999046325685
2016-02-24,False,SPY,-0.05476462468095322,BND,0.02463492705420922,0.00261999998241663
2016-02-25,False,IVV,-0.06163349035293342,BND,0.02034248936903804,0.0030700000235810874
2016-02-26,False,SPY,-0.058070511570668115,GBF,0.015920625478242467,0.0029300000332295895
2016-02-29,False,VOO,-0.05952302208641591,BND,0.02084699242076926,0.0029499999806284903
2016-03-01,False,SPY,-0.029467640510809967,GBF,0.0137437886697922,0.003169999928213656
2016-03-02,False,SPY,-0.0276177491540055,GBF,0.01365553418337151,0.003000000030733645
2016-03-03,False,SPY,-0.004512663050028398,BND,0.015060411669787221,0.002580000115558505
2016-03-04,False,IVV,-0.006657346799235242,BND,0.01643117799329863,0.0024499998614192007
2016-03-07,False,SPY,-0.015832854193912893,BND,0.013571203583844449,0.0025199998542666437
2016-03-08,False,SPY,-0.040615299802108096,GBF,0.014541734816933216,0.003020000071264803
2016-03-09,False,IVV,-0.021042249415262892,BND,0.012457013393029959,0.002829999877139926
2016-03-10,False,SPY,-0.002400012446014954,BND,0.011418947649458167,0.0028500000387430193
2016-03-11,False,SPY,0.005405140968341993,BND,0.0062452774598797944,0.0029999999795109035
2016-03-14,False,SPY,-0.00491412317784945,GBF,0.00919331005727364,0.0029999999795109035
2016-03-15,False,SPY,-0.01868744533224953,GBF,0.008925972176666797,0.0031999998819082975
2016-03-16,False,SPY,-0.01137705042044257,GBF,0.013018370092158005,0.0029500001203268764
2016-03-17,False,SPY,-0.0028263721440536793,BND,0.017848046013126506,0.0027200000593438746
2016-03-18,False,SPY,-0.009478647532109252,BND,0.01883757332064051,0.002770000011660159
2016-03-21,False,SPY,-0.0009926058974235596,GBF,0.014794127581182703,0.002779999878257513
2016-03-22,False,SPY,0.008559567467659512,GBF,0.012216497552650196,0.0028999998699873685
2016-03-23,False,IVV,0.011386275475117724,GBF,0.01078051067576169,0.002830000128597021
2016-03-24,False,IVV,0.00869455702349553,GBF,0.012825199151935252,0.002700000060722232
2016-03-28,False,IVV,0.022725801476383367,GBF,0.0111344082134337,0.002499999953433871
2016-03-29,False,IVV,0.057797606719032,GBF,0.018042771626858745,0.0021999999415129425
2016-03-30,False,IVV,0.07415865170985247,GBF,0.01859147890003099,0.001750000026077032
2016-03-31,False,IVV,0.07055878832775364,GBF,0.01714380965855833,0.0018800000380724668
2016-04-01,False,IVV,0.06914461339489897,GBF,0.018303005114392867,0.0021299999486654995
2016-04-04,False,IVV,0.09220711908558044,GBF,0.021698899089769963,0.001799999983049929
2016-04-05,False,IVV,0.06462633094556214,BND,0.022789929600590453,0.0020999999437481165
2016-04-06,False,IVV,0.09928988194090693,GBF,0.019886309019072623,0.002099999990314245
2016-04-07,False,IVV,0.08541620766482794,GBF,0.02702897757045042,0.001849999986588955
2016-04-08,False,IVV,0.10142002920209903,GBF,0.03031264230849562,0.0016499999538064003
2016-04-11,False,IVV,0.0926340259921492,GBF,0.02813530011579246,0.001419999897480011
2016-04-12,False,IVV,0.0811009992292615,GBF,0.028805184198171574,0.0017700000479817391
2016-04-13,False,IVV,0.10887219589211616,GBF,0.030893806649149314,0.0016500000655651093
2016-04-14,False,IVV,0.09412399778898894,BND,0.02995868136586366,0.001600000038743019
2016-04-15,False,IVV,0.10424151649982161,BND,0.03422690900283709,0.0016999999433755875
2016-04-18,False,IVV,0.10625432470804785,BND,0.03794300326863609,0.00125
2016-04-19,False,IVV,0.08390701519944899,BND,0.039467380478920955,0.0014000000059604645
2016-04-20,False,IVV,0.08484074113179041,BND,0.035437047929751886,0.0009299999475479126
2016-04-21,False,IVV,0.09927256166427156,BND,0.034058780533593014,0.0010199999064207078
2016-04-22,False,IVV,0.09327999042122959,BND,0.03355668726961336,0.0010199999064207078
2016-04-25,False,IVV,0.08897310755975907,BND,0.03039753677043544,0.001250000074505806
2016-04-26,False,IVV,0.11204664830164046,BND,0.02890138836662115,0.0014700000733137131
2016-04-27,False,IVV,0.12930034651877254,BND,0.03087551071488126,0.0010999999940395355
2016-04-28,False,IVV,0.11995231549407781,BND,0.03325232256021038,0.0008699999004602433
2016-04-29,False,IVV,0.114477463234673,BND,0.032600720665784566,0.0010500000417232513
2016-05-02,False,IVV,0.13735558901690403,BND,0.031033359770449076,0.0009200000017881393
2016-05-03,False,IVV,0.10503837672767347,BND,0.03351994563928229,0.0009799999743700027
2016-05-04,False,IVV,0.08076784163280215,BND,0.033513185344081764,0.00045000001788139346
2016-05-05,False,IVV,0.06283833396770944,BND,0.035255797769024655,8.000001311302185e-05
2016-05-06,False,IVV,0.07127710871158555,BND,0.034248290364989886,0.0002000001072883606
2016-05-09,False,IVV,0.07297998435963327,BND,0.03550488816126607,0.00032999992370605466
2016-05-10,False,IVV,0.07050873019691406,BND,0.031601419577631074,0.00040000006556510924
2016-05-11,False,IVV,0.0736007987081484,BND,0.03311794919210209,0.00047999992966651917
2016-05-12,False,IVV,0.06925148920060087,GBF,0.0406097099866074,0.0005999998748302459
2016-05-13,False,IVV,0.04707360855948517,BND,0.03831921037904751,0.0005299998819828034
2016-05-16,False,IVV,0.05954572605939723,BND,0.034285146825023594,0.0002299998700618744
2016-05-17,False,IVV,0.05907149350002938,BND,0.033283407746683924,0.0
2016-05-18,False,IVV,0.03428867917834455,GBF,0.028688466621344055,0.0002500000596046448
2016-05-19,False,IVV,0.026090788115440633,BND,0.030053999437287926,0.0005999998748302459
2016-05-20,False,IVV,0.028687968876528247,BND,0.027269294159315338,0.0008500000834465027
2016-05-23,False,IVV,0.023724489930130543,BND,0.032338784660092657,0.0011499999463558197
2016-05-24,False,IVV,0.03599758508823525,BND,0.03298869154947681,0.0009299999475479126
2016-05-25,False,IVV,0.05502070257617886,BND,0.03376351863361404,0.0007999999821186065
2016-05-26,False,IVV,0.04999737302730223,BND,0.03334066775635236,0.0006200000643730164
2016-05-27,False,IVV,0.053760052130019886,BND,0.03067519865650037,0.0012300001084804535
2016-05-31,False,IVV,0.034978583382236916,BND,0.032692703831217695,0.0012999999523162842
2016-06-01,False,IVV,0.038367662426920024,BND,0.034458405792579194,0.0010199998319149017
2016-06-02,False,IVV,0.04349897017417148,BND,0.03633262143333038,0.0008000001311302185
2016-06-03,False,IVV,0.033395519696681975,BND,0.04206395934109186,0.0008700001239776612
2016-06-06,False,IVV,0.03260265042839139,BND,0.040438535909958606,0.0006000000238418579
2016-06-07,False,IVV,0.03001403460157892,BND,0.043793238449455485,0.0004999998211860656
2016-06-08,False,IVV,0.03180730061105019,BND,0.04439926390499416,0.00040000006556510924
2016-06-09,False,IVV,0.031197461443775998,BND,0.043330917799342616,0.0009199999272823334
2016-06-10,False,VOO,0.03347091530291868,BND,0.04484959928000709,0.0008499999344348907
2016-06-13,False,IVV,0.026153546774590808,BND,0.04380733603892928,0.00040000006556510924
2016-06-14,False,VOO,0.02344047204937416,BND,0.03905369327663322,0.0005800001323223114
2016-06-15,False,IVV,0.012169354950611444,BND,0.04128960274014304,0.0006499999761581421
2016-06-16,False,IVV,0.011200907112953962,BND,0.041126789149096066,0.0005500000715255737
2016-06-17,False,IVV,0.009726634656905597,BND,0.04400241817862227,0.000729999989271164
2016-06-20,False,SPY,0.009718560108661789,BND,0.03893618619276751,0.0003800000250339508
2016-06-21,False,SPY,0.01587368190872751,BND,0.0350170168514099,0.0004999998211860656
2016-06-22,False,IVV,0.024403746477563937,BND,0.03666293768017592,0.00028000012040138247
2016-06-23,False,SPY,0.026578764717135828,IEF,0.0324757989424882,0.0005200000107288361
2016-06-24,False,IVV,0.0010485292793074308,BND,0.04013027497764887,8.000001311302185e-05
2016-06-27,False,IVV,-0.019419247856055644,BND,0.044193372984526524,-0.0001799999177455902
2016-06-28,False,SPY,0.0011600528994468728,BND,0.04607710241599294,-0.00013000011444091797
2016-06-29,False,IVV,0.008559904912133431,BND,0.04609080689478451,-0.00032999992370605466
2016-06-30,False,IVV,0.011501438397963692,BND,0.047457012243465435,-0.00027000010013580324
2016-07-01,False,SPY,0.014430414428554084,BND,0.04882259019177204,-0.0005700001120567321
2016-07-05,False,SPY,0.00824813729072349,BND,0.05242765170616703,-0.0006200000643730164
2016-07-06,False,SPY,0.0072178527335771125,BND,0.05351565795256463,-0.0005499997735023499
2016-07-07,False,IVV,0.003392836100941876,BND,0.04868843495417541,-0.00030000001192092895
2016-07-08,False,SPY,0.017400491951782726,BND,0.05355788528678773,-0.00021999984979629517
2016-07-11,False,SPY,0.026509387443689025,IEF,0.04164498212013368,-0.0005500000715255737
2016-07-12,False,SPY,0.03396585762748838,IEF,0.036615775578364484,-0.00038000017404556276
2016-07-13,False,VOO,0.03551215361615134,IEF,0.03682265324494649,0.00015000015497207642
2016-07-14,False,SPY,0.03984247095795079,IEF,0.031186128919885148,0.0002500000596046448
2016-07-15,False,VOO,0.03629419612922091,IEF,0.019621258088276416,0.00038000017404556276
2016-07-18,False,IVV,0.048370357489615046,IEF,0.019163388017502614,-0.00012000024318695068
2016-07-19,False,IVV,0.05286739877379598,IEF,0.018855984291195282,0.00011999994516372681
2016-07-20,False,IVV,0.04913065139124173,IEF,0.012113372101447917,0.0004199999570846558
2016-07-21,False,VOO,0.054476757715310464,IEF,0.02217109021448138,0.00032999992370605466
2016-07-22,False,SPY,0.06516603760310047,IEF,0.024407846447998205,0.00030000001192092895
2016-07-25,False,SPY,0.06248056766657095,IEF,0.02609898479206829,4.999995231628418e-05
2016-07-26,False,SPY,0.059095691140302,IEF,0.022000054233518807,0.0002000001072883606
2016-07-27,False,IVV,0.057049004325605335,IEF,0.026376650489165154,0.0
2016-07-28,False,SPY,0.04532155859358289,IEF,0.027946803380327845,-0.0007300001382827759
2016-07-29,False,SPY,0.056896596518023035,IEF,0.029818478935822235,-0.0007799999415874482
2016-08-01,False,IVV,0.05533434562927808,IEF,0.026242950976887114,-0.0007699999213218689
2016-08-02,False,SPY,0.058170413971627255,IEF,0.020735226166518794,-0.00030000001192092895
2016-08-03,False,SPY,0.050895775378260844,IEF,0.026277284358008135,-0.0003499999642372131
2016-08-04,False,IVV,0.06169524248458469,IEF,0.027069810617686096,-0.0006000000238418579
2016-08-05,False,IVV,0.07002942528846035,IEF,0.028723893734250883,-0.0006999999284744262
2016-08-08,False,IVV,0.07324709868556822,IEF,0.029958383807175082,-0.0005300000309944152
2016-08-09,False,SPY,0.06727633618942219,IEF,0.03241591900368612,0.00030000001192092895
2016-08-10,False,SPY,0.06608750928639595,IEF,0.03868523510229638,8.000016212463379e-05
2016-08-11,False,SPY,0.05732956603269046,IEF,0.03578841041299263,0.00010000020265579223
2016-08-12,False,SPY,0.049293225319746226,IEF,0.0335100260111576,-0.0004199999570846558
2016-08-15,False,SPY,0.05201751105994856,IEF,0.03453655758613583,-0.00012999981641769408
2016-08-16,False,SPY,0.042111528458242065,IEF,0.036487351910496235,-0.00015000015497207642
2016-08-17,False,VOO,0.04571117295506766,IEF,0.04112377035917958,-0.0002000001072883606
2016-08-18,False,VOO,0.04626044540080265,BND,0.04052397903550764,-0.00023000001907348634
2016-08-19,False,IVV,0.041542308307203735,IEF,0.03887654718031741,-0.0003199997544288635
2016-08-22,False,VOO,0.04458889993125115,IEF,0.03575503622029852,-0.0002000001072883606
2016-08-23,False,IVV,0.0411320076499766,IEF,0.034523764288745484,0.00030000001192092895
2016-08-24,False,SPY,0.034499939712877126,IEF,0.032357630195703146,0.0002500000596046448
2016-08-25,False,VOO,0.03037477707371039,IEF,0.0336302588281534,0.00017000019550323487
2016-08-26,False,SPY,0.02989436683968072,IEF,0.031834057662329274,0.00010000020265579223
2016-08-29,False,IVV,0.044786201550789606,IEF,0.03135324066534939,0.00011999994516372681
2016-08-30,False,VOO,0.051195696090383436,IEF,0.032299872078333625,0.0004999998211860656
2016-08-31,False,SPY,0.050329052362172,IEF,0.029592256271201878,0.0006499999761581421
2016-09-01,False,SPY,0.05184350847823138,IEF,0.024274519903026537,0.0009000000357627869
2016-09-02,False,SPY,0.05344150573552642,IEF,0.023011900304850785,0.0011800000071525575
2016-09-06,False,SPY,0.06057512796151032,IEF,0.024056263609796957,0.0010999999940395355
2016-09-07,False,SPY,0.053692373037251384,IEF,0.024902603031679904,0.001120000183582306
2016-09-08,False,SPY,0.04831143126462245,IEF,0.018671364167196502,0.0015000000596046448
2016-09-09,False,SPY,0.02489195117051457,IEF,0.009801245255803837,0.0011500000953674316
2016-09-12,False,SPY,0.026232038189257567,IEF,0.012906611663055179,0.0012999999523162842
2016-09-13,False,SPY,0.049153323405386695,IEF,0.003988266695621023,0.00125
2016-09-14,False,SPY,0.06788593605713444,IEF,0.007798617528435692,0.0009700000286102295
2016-09-15,False,IVV,0.05939916889478214,IEF,0.008253080704472282,0.0006800000369548797
2016-09-16,False,VOO,0.03757297062207754,IEF,0.01336540488292659,0.000429999977350235
2016-09-19,False,SPY,0.02390698205938424,IEF,0.010900788753363644,0.00015000000596046448
2016-09-20,False,SPY,0.02180844652164038,IEF,0.014838263720618805,0.000729999840259552
2016-09-21,False,IVV,0.04064109945898475,IEF,0.013447988367523145,0.00013000011444091797
2016-09-22,False,VOO,0.04091320914293717,IEF,0.017466986877348933,-0.0003800000250339508
2016-09-23,False,VOO,0.03602671271046298,IEF,0.019584670916760416,-0.0004999999701976776
2016-09-26,False,VOO,0.012394581311109931,BND,0.025544033014440304,-0.00045000001788139346
2016-09-27,False,IVV,0.014862446848749489,BND,0.02800343815789552,0.00030000001192092895
2016-09-28,False,SPY,0.01295335796305519,BND,0.028375887771499686,0.00038000017404556276
2016-09-29,False,SPY,0.003929142394670571,BND,0.02974315353815049,-3.000006079673767e-05
2016-09-30,False,SPY,0.005888477538889214,BND,0.029894678331760405,0.00014999985694885253
2016-10-03,False,IVV,0.004428655337937792,IEF,0.02516094813095604,0.00042999982833862304
2016-10-04,False,SPY,-0.0029830282503473526,IEF,0.016947013080918172,0.0010500000417232513
2016-10-05,False,VOO,0.0024433362044784523,IEF,0.015024833235612434,0.001199999898672104
2016-10-06,False,SPY,-0.0010133951623680915,IEF,0.015866039105524754,0.00125
2016-10-07,False,IVV,-0.0007912785247057297,IEF,0.011334984313419394,0.0010700000822544099
2016-10-10,False,VOO,-0.00036910048300264897,IEF,0.0068567196759112825,0.0010999999940395355
2016-10-11,False,VOO,-0.01012985118024523,IEF,0.0038540356816658683,0.0013699999451637268
2016-10-12,False,IVV,-0.009077125807502195,IEF,0.0062177979734967526,0.001599999964237213
2016-10-13,False,VOO,-0.011353364418947853,IEF,0.006401374961862549,0.0007200001180171966
2016-10-14,False,IVV,-0.01220891642248001,IEF,0.0034874456237312668,0.00046999990940093994
2016-10-17,False,IVV,-0.016969497868667416,IEF,0.004129199586418997,0.00046999990940093994
2016-10-18,False,VOO,-0.009913288942504872,IEF,0.008861621366587302,0.0007500001788139344
2016-10-19,False,IVV,-0.001411951080906415,IEF,0.005495025016264865,0.000650000274181366
2016-10-20,False,IVV,-0.006060911338301778,IEF,0.008224369410855248,0.0006200000643730164
2016-10-21,False,IVV,-0.006512542761709761,IEF,0.010689584949447717,0.00046999990940093994
2016-10-24,False,SPY,-0.010103856959876034,IEF,0.01752815546006503,0.00042999982833862304
2016-10-25,False,SPY,-0.012832764691370846,IEF,0.01632244412285133,0.0003499999642372131
2016-10-26,False,SPY,-0.015401371980195866,IEF,0.013468659426399743,0.00014999985694885253
2016-10-27,False,SPY,-0.015590902589181055,IEF,0.009333001928913731,-0.0003799998760223389
2016-10-28,False,VOO,-0.02326172891263889,IEF,0.011177026160649195,-0.0006999999284744262
2016-10-31,False,IVV,-0.022461622502964795,IEF,0.012466503705620635,-0.0002000001072883606
2016-11-01,False,IVV,-0.03204798772540618,IEF,0.009368549667342796,0.0006999999284744262
2016-11-02,False,VOO,-0.03329744153723435,IEF,0.014338467861859439,0.00046999990940093994
2016-11-03,False,SPY,-0.03908688603096022,IEF,0.012493371755110338,0.0007500001788139344
2016-11-04,False,IVV,-0.042812207871968155,IEF,0.015961443656453245,0.0006300002336502075
2016-11-07,False,IVV,-0.02007010920318275,IEF,0.008601822033076356,0.0011999997496604919
2016-11-08,True,SPY,-0.015276767594912033,IEF,-0.004217040129674943,0.0014999997615814209
2016-11-09,True,SPY,-0.006836589933107762,IEF,-0.016810632247161172,0.0016800001263618468
2016-11-10,True,IVV,0.00026161335455543444,IEF,-0.02414056828171951,0.0019300001859664916
2016-11-11,True,SPY,-0.0008579915474087318,IEF,-0.027281848311366486,0.0
2016-11-14,True,IVV,0.0015361698615299346,IEF,-0.034393034319723736,0.0026300002634525297
2016-11-15,False,VOO,0.004568973088020956,IEF,-0.037771842411216894,0.0024800001084804534
2016-11-16,False,SPY,0.004452061612044034,IEF,-0.038764989015954265,0.0020800000429153443
2016-11-17,False,VOO,0.012020209444777219,IEF,-0.042746577434098265,0.0015699997544288634
2016-11-18,False,SPY,0.01018323725455228,IEF,-0.04987904372511398,0.0016300001740455628
2016-11-21,False,IVV,0.013131086222678778,IEF,-0.050087446973960836,0.0017499998211860657
2016-11-22,False,IVV,0.01141679243258209,IEF,-0.045955784336169536,0.0022699999809265136
2016-11-23,False,IVV,0.012695144088632482,IEF,-0.04527929793423069,0.0023700001835823058
2016-11-25,False,IVV,0.018794433662062904,IEF,-0.043945332194440856,0.002150000035762787
2016-11-28,False,SPY,0.03898033605582629,IEF,-0.0414896613839526,0.0018199998140335082
2016-11-29,False,IVV,0.026136395953391123,IEF,-0.035899296492874266,0.001929999887943268
2016-11-30,False,IVV,0.03816267261928763,IEF,-0.05541606193972193,0.0022999998927116395
2016-12-01,False,IVV,0.034992367213717124,IEF,-0.06708429775195912,0.0022300000488758086
2016-12-02,False,IVV,0.02545548272841458,IEF,-0.06273106990102406,0.0019500002264976502
2016-12-05,False,IVV,0.035702103365889304,IEF,-0.05926404386092354,0.001980000138282776
2016-12-06,False,SPY,0.038845644660449485,IEF,-0.06098844343974352,0.0023700001835823058
2016-12-07,False,VOO,0.052201740792636064,IEF,-0.060346689628643535,0.002450000047683716
2016-12-08,False,IVV,0.04308541346346728,IEF,-0.06901241197640173,0.0025200000405311584
2016-12-09,False,SPY,0.04295965145108194,IEF,-0.07395765700331025,0.002569999694824219
2016-12-12,False,SPY,0.04750224278976045,IEF,-0.07255659630439293,0.0022999998927116395
2016-12-13,False,SPY,0.06310692788292838,IEF,-0.07381894161687197,0.0025
2016-12-14,False,SPY,0.047826424424988634,IEF,-0.07664833092228118,0.0024799999594688417
2016-12-15,False,VOO,0.046487358293048064,IEF,-0.0737461228964087,0.0019300001859664916
2016-12-16,False,SPY,0.05443642178245178,IEF,-0.07496659545837159,0.0018700000643730164
2016-12-19,False,VOO,0.04856825394813913,IEF,-0.06679475111119426,0.0017499998211860657
2016-12-20,False,SPY,0.05540088354547845,IEF,-0.06518916370163252,0.002150000035762787
2016-12-21,False,SPY,0.05785667756035817,IEF,-0.06340833804833768,0.0021500003337860106
2016-12-22,False,SPY,0.05137672608034061,IEF,-0.06631767487326556,0.0018299999833106995
2016-12-23,False,IVV,0.05158808437121265,IEF,-0.0634984051924049,0.0018500000238418578
2016-12-27,False,SPY,0.05842471578039521,IEF,-0.06693401182815839,0.0019200000166893006
2016-12-28,False,SPY,0.04423855675459065,IEF,-0.06276585875575003,0.0019200000166893006
2016-12-29,False,SPY,0.057360014187963326,IEF,-0.059131842374545385,0.001419999897480011
2016-12-30,False,SPY,0.052114814947581856,IEF,-0.056930511182679666,0.00171999990940094
2017-01-03,False,IVV,0.06350534052037737,IEF,-0.061400143490067616,0.0019200000166893006
2017-01-04,False,SPY,0.06942379913321961,IEF,-0.06082479630552429,0.0029800000786781313
2017-01-05,False,VOO,0.07202904989551007,IEF,-0.058331287576265045,0.002680000215768814
2017-01-06,False,SPY,0.06943628832786386,IEF,-0.059346979556587964,0.0026500001549720764
2017-01-09,False,SPY,0.06307060064611503,IEF,-0.05349568697148732,0.0020500001311302184
2017-01-10,False,SPY,0.06505868875957299,IEF,-0.054449729237182165,0.0023500001430511474
2017-01-11,False,SPY,0.06756956217918697,IEF,-0.05564397273170052,0.0025
2017-01-12,False,SPY,0.060380319967357376,IEF,-0.04919488277646156,0.0025300002098083496
2017-01-13,False,IVV,0.06627825427679701,IEF,-0.05075632952037168,0.002630000114440918
2017-01-17,False,SPY,0.06476804818214021,IEF,-0.04938357795406123,0.002199999988079071
2017-01-18,False,SPY,0.06997458619356056,IEF,-0.05863086066963008,0.0024199998378753662
2017-01-19,False,SPY,0.06917088570731322,IEF,-0.05768918610276641,0.002280000150203705
2017-01-20,False,SPY,0.073048610004117,IEF,-0.06059497259951918,0.0021699997782707215
2017-01-23,False,SPY,0.07806722921360465,IEF,-0.05288475198328135,0.001979999840259552
2017-01-24,False,SPY,0.09154892280198501,IEF,-0.054877324075574996,0.0020500001311302184
2017-01-25,False,IVV,0.10533101878267859,IEF,-0.061069935277934695,0.0019500002264976502
2017-01-26,False,SPY,0.10612156504604808,IEF,-0.06148702648342186,0.00203000009059906
2017-01-27,False,SPY,0.08055139122495736,IEF,-0.05712803164012592,0.0020499998331069947
2017-01-30,False,SPY,0.06903544548473306,IEF,-0.05950062763622088,0.002150000035762787
2017-01-31,False,IVV,0.057654234513865976,IEF,-0.05618180664302652,0.0019499999284744263
2017-02-01,False,SPY,0.05551177989722067,IEF,-0.05765448621778635,0.0019499999284744263
2017-02-02,False,IVV,0.05838398576884174,IEF,-0.05577752672827985,0.0018299999833106995
2017-02-03,False,SPY,0.0651081921041794,IEF,-0.05141068392064252,0.0018299999833106995
2017-02-06,False,SPY,0.05497240731013853,IEF,-0.050802926877179244,0.001980000138282776
2017-02-07,False,IVV,0.056782643492845786,IEF,-0.049005539921848196,0.0019999998807907105
2017-02-08,False,SPY,0.05297553582685821,IEF,-0.04401861401818119,0.0020499998331069947
2017-02-09,False,IVV,0.061596821441863625,IEF,-0.05119198798757385,0.0021299999952316285
2017-02-10,False,SPY,0.057799366177750944,IEF,-0.049356763431906536,0.002199999988079071
2017-02-13,False,SPY,0.061482979984824215,IEF,-0.05520843779567386,0.002199999988079071
2017-02-14,False,SPY,0.0651450248685963,IEF,-0.059128973857996314,0.0020500001311302184
2017-02-15,False,VOO,0.06647948771727297,IEF,-0.05629586443912593,0.0018699997663497924
2017-02-16,False,VOO,0.07068970101641026,IEF,-0.04797813708388898,0.0017500001192092896
2017-02-17,False,IVV,0.07045325062617724,IEF,-0.04629641693472597,0.0015800002217292786
2017-02-21,False,VOO,0.07938503940994024,IEF,-0.04321914092989887,0.001599999964237213
2017-02-22,False,SPY,0.08244612647794458,IEF,-0.04383183753948139,0.0019499999284744263
2017-02-23,False,SPY,0.08263667427186738,IEF,-0.04154878524348793,0.002199999988079071
2017-02-24,False,SPY,0.07753529527715064,IEF,-0.038140621613815595,0.0022499999403953553
2017-02-27,False,SPY,0.0758121465016468,IEF,-0.03994433091395955,0.0025200000405311584
2017-02-28,False,SPY,0.05905523805330315,IEF,-0.04186748059621537,0.0023500001430511474
2017-03-01,False,SPY,0.07125610654552705,IEF,-0.05008106972443316,0.003920000046491623
2017-03-02,False,SPY,0.05811843048499399,IEF,-0.055603131706313924,0.004849999845027923
2017-03-03,False,SPY,0.06000135902720749,IEF,-0.0551227092598241,0.005180000215768814
2017-03-06,False,SPY,0.049837952083719994,IEF,-0.0580035436205153,0.005319999903440476
2017-03-07,False,SPY,0.055414115890152216,IEF,-0.06094920441644536,0.004800000190734863
2017-03-08,False,SPY,0.04913519502021679,IEF,-0.06367906515536748,0.004449999928474426
2017-03-09,False,VOO,0.05243371595183621,IEF,-0.06687200375234637,0.004780000001192093
2017-03-10,False,VOO,0.05372966100094634,IEF,-0.06255338458994797,0.004650000333786011
2017-03-13,False,VOO,0.05032498178660649,IEF,-0.06271602553433353,0.004399999976158142
2017-03-14,False,SPY,0.04929808059202756,IEF,-0.05740970408851365,0.004380000233650208
2017-03-15,False,IVV,0.05968700834827412,IEF,-0.04700144767973913,0.004019999802112579
2017-03-16,False,SPY,0.056576905571593894,IEF,-0.04766178344491012,0.003980000019073487
2017-03-17,False,SPY,0.052111183171671405,IEF,-0.04648909448962801,0.003980000019073487
2017-03-20,False,SPY,0.059715295079564745,IEF,-0.041701439029314225,0.004019999802112579
2017-03-21,False,SPY,0.04634186103012072,IEF,-0.03824479615005305,0.004330000281333924
2017-03-22,False,VOO,0.05216509842449035,IEF,-0.03641883029498749,0.0040800002217292785
2017-03-23,False,SPY,0.04354541199304163,IEF,-0.03942568283333914,0.004730000197887421
2017-03-24,False,SPY,0.03661984785471262,IEF,-0.035913790230124865,0.004580000340938568
2017-03-27,False,SPY,0.03637947752752768,IEF,-0.03563741488547312,0.004630000293254852
2017-03-28,False,VOO,0.04009625780699455,IEF,-0.040831063235831744,0.004399999976158142
2017-03-29,False,SPY,0.04462027316781314,IEF,-0.03853530964271845,0.004319999814033509
2017-03-30,False,VOO,0.04789640729517464,IEF,-0.04039797410046475,0.004380000233650208
2017-03-31,False,VOO,0.04242598946556808,IEF,-0.03952781188267329,0.004229999780654907
2017-04-03,False,SPY,0.0433664370404534,IEF,-0.033490346187440956,0.004270000159740448
2017-04-04,False,SPY,0.041640422894845486,IEF,-0.03468411857034337,0.004549999833106995
2017-04-05,False,SPY,0.04221615153090208,IEF,-0.030755104529382904,0.0046699997782707215
2017-04-06,False,SPY,0.04284138067069576,IEF,-0.028046937996729526,0.005129999816417694
2017-04-07,False,VOO,0.04557109546371274,IEF,-0.031160521565147037,0.005249999761581421
2017-04-10,False,SPY,0.042444317688044686,IEF,-0.030211121042064693,0.0049300000071525575
2017-04-11,False,SPY,0.04392049415387378,IEF,-0.025755115613827373,0.004550000131130219
2017-04-12,False,SPY,0.03272463612929055,IEF,-0.025655850575878936,0.004479999840259552
2017-04-13,False,SPY,0.017212713847943872,IEF,-0.02211000476369085,0.004320000112056732
2017-04-17,False,SPY,0.02729878800279839,IEF,-0.02666887743293811,0.004320000112056732
2017-04-18,False,SPY,0.025843789874196554,IEF,-0.017016445080474285,0.004150000214576721
2017-04-19,False,VOO,0.030130155299655126,IEF,-0.016092341114570363,0.0036500003933906556
2017-04-20,False,VOO,0.038592696811403204,IEF,-0.0031157688592052812,0.0035199996829032897
2017-04-21,False,SPY,0.03510489583874343,IEF,0.0033906522088165136,0.003050000071525574
2017-04-24,False,SPY,0.045799452845960875,IEF,0.0033818239179652654,0.0
2017-04-25,False,VOO,0.04457144676725666,IEF,0.00402086127908019,0.003050000071525574
2017-04-26,False,SPY,0.04589659092326759,IEF,0.006669475689767834,0.003149999678134918
2017-04-27,False,VOO,0.04655707610546855,IEF,0.006386317059610791,0.003320000171661377
2017-04-28,False,SPY,0.043080437722267106,IEF,0.011886923274562422,0.0035999998450279235
2017-05-01,False,SPY,0.039541536395166776,IEF,0.01419206022118602,0.00367000013589859
2017-05-02,False,SPY,0.035846023362273716,IEF,0.015427709848510052,0.004230000078678131
2017-05-03,False,SPY,0.028987955779733232,IEF,0.012371508365865758,0.0037299999594688415
2017-05-04,False,SPY,0.026096179910029882,IEF,0.013723306521354228,0.0037000000476837156
2017-05-05,False,SPY,0.024786110482573953,IEF,0.014781077336748716,0.003879999816417694
2017-05-08,False,IVV,0.025429348296321708,IEF,0.0077010732377895685,0.004200000166893005
2017-05-09,False,SPY,0.02293420256874268,IEF,0.005512594299819318,0.00421999990940094
2017-05-10,False,SPY,0.018704610723102366,IEF,0.011911380600468258,0.004070000052452088
2017-05-11,False,VOO,0.01733611484138131,IEF,0.016556507849797564,0.004020000100135803
2017-05-12,False,SPY,0.015139799808051135,IEF,0.01718669781691018,0.004000000059604645
2017-05-15,False,VOO,0.019115796972201782,IEF,0.016903137146148994,0.004099999666213989
2017-05-16,False,IVV,0.01684077906954018,IEF,0.017856737467719208,0.004049999713897705
2017-05-17,False,IVV,0.001470597584826372,BND,0.02145043794745738,0.0038699999451637266
2017-05-18,False,SPY,-0.008257216040623572,BND,0.022597500842643337,0.00402999997138977
2017-05-19,False,VOO,0.003962561420535637,BND,0.026269323993813876,0.0036800003051757815
2017-05-22,False,IVV,0.008693396282147381,BND,0.026537115278710166,0.0037800002098083495
2017-05-23,False,IVV,0.013827105602275402,BND,0.023259683833164235,0.0038999998569488525
2017-05-24,False,IVV,0.019327866192985654,BND,0.030633933983526873,0.0038199996948242187
2017-05-25,False,IVV,0.02623432358400568,BND,0.03217919941812086,0.004199999868869781
2017-05-26,False,SPY,0.02491574927967788,BND,0.031781842431193086,0.0042500001192092894
2017-05-30,False,SPY,0.02044930028222902,BND,0.03059483094754567,0.004320000410079956
2017-05-31,False,IVV,0.019534528240016336,BND,0.030969413898449316,0.004369999766349792
2017-06-01,False,IVV,0.031551669009493244,BND,0.029708391323905348,0.004449999928474426
2017-06-02,False,SPY,0.026291027099073494,BND,0.03381489576412733,0.004600000083446503
2017-06-05,False,IVV,0.027098731822039923,BND,0.031664014449382716,0.0044800001382827755
2017-06-06,False,SPY,0.02607239016710805,BND,0.03432553784735659,0.004629999995231628
2017-06-07,False,VOO,0.029080510377268443,BND,0.030369781583079236,0.004779999852180481
2017-06-08,False,VOO,0.04277138742669284,BND,0.02680636636073319,0.0053299999237060545
2017-06-09,False,SPY,0.03897062685532471,BND,0.023770028360580175,0.005000000298023224
2017-06-12,False,SPY,0.039866628157577244,BND,0.02339368553244725,0.004979999959468842
2017-06-13,False,VOO,0.04549899705459537,BND,0.022883812646898205,0.004649999737739563
2017-06-14,False,SPY,0.045458565907956716,BND,0.02145401448799067,0.004749999642372132
2017-06-15,False,SPY,0.035908389499887505,BND,0.02436763348742832,0.004899999499320984
2017-06-16,False,IVV,0.033947642721800175,BND,0.022963644874431477,0.005
2017-06-19,False,SPY,0.04047215397824688,BND,0.021722418546133992,0.0048199999332427974
2017-06-20,False,SPY,0.0358659787943314,BND,0.022712045219053678,0.004949999749660492
2017-06-21,False,IVV,0.037193377016674356,BND,0.02295730450707456,0.004649999737739563
2017-06-22,False,VOO,0.036077819353141694,BND,0.024972515673213014,0.004200000166893005
2017-06-23,False,IVV,0.04050288675981073,BND,0.022069041429195746,0.004200000166893005
2017-06-26,False,SPY,0.038380700860452865,BND,0.028500777522727283,0.004180000424385071
2017-06-27,False,SPY,0.03106680300556186,BND,0.0267808948884265,0.004869999885559082
2017-06-28,False,IVV,0.039552534998373856,BND,0.0260178777349791,0.0050500002503395085
2017-06-29,False,SPY,0.031766352428796774,BND,0.021112783981445782,0.005300000309944153
2017-06-30,False,IVV,0.037906139174499476,BND,0.02187748930649014,0.004999999701976776
2017-07-03,False,SPY,0.04679889875526255,IEF,0.02451069070188061,0.005169999897480011
2017-07-05,False,VOO,0.039982156115674794,IEF,0.023911331566344618,0.005319999754428864
2017-07-06,False,VOO,0.03348421552068448,IEF,0.020713375942254864,0.005100000202655792
2017-07-07,False,IVV,0.042060095328097624,IEF,0.019367596966814782,0.005130000114440918
2017-07-10,False,SPY,0.034893802061017,IEF,0.01721859125064129,0.005130000114440918
2017-07-11,False,VOO,0.03717401582440916,IEF,0.020518432103779682,0.0053299999237060545
2017-07-12,False,SPY,0.03385736111338189,IEF,0.023111181972431227,0.005349999964237213
2017-07-13,False,VOO,0.029481250257159308,IEF,0.021272681651092418,0.0052500000596046445
2017-07-14,False,IVV,0.03449518778803107,IEF,0.01785874992350367,0.005049999952316284
2017-07-17,False,SPY,0.03406254155485744,IEF,0.01726728050485349,0.004950000047683716
2017-07-18,False,SPY,0.036869799703600714,IEF,0.016846547829691083,0.005149999856948853
2017-07-19,False,IVV,0.03968904708379628,IEF,0.02293049208975506,0.005570000410079956
2017-07-20,False,IVV,0.03980073579641874,IEF,0.0238983292391155,0.005900000333786011
2017-07-21,False,IVV,0.04004510173319198,BND,0.02661555632561008,0.006150000095367432
2017-07-24,False,SPY,0.038799090482103615,BND,0.02827457386704335,0.006149999499320984
2017-07-25,False,IVV,0.03708075342064543,BND,0.026040601631854843,0.006230000257492065
2017-07-26,False,SPY,0.037455716551412,IEF,0.025676650494754316,0.005870000123977661
2017-07-27,False,SPY,0.03744378261083625,IEF,0.02131852870638462,0.005699999332427978
2017-07-28,False,SPY,0.03436911792198183,IEF,0.023529379210277312,0.005479999780654907
2017-07-31,False,SPY,0.03589865390037139,IEF,0.02216414498669872,0.005429999828338623
2017-08-01,False,IVV,0.03972115191419734,IEF,0.021985979691183877,0.005599999725818634
2017-08-02,False,SPY,0.03473426505017607,IEF,0.01631393429979444,0.005519999563694001
2017-08-03,False,SPY,0.03367338749448523,IEF,0.0234993809455335,0.005679999589920044
2017-08-04,False,VOO,0.05411332163488236,IEF,0.021213862736666478,0.005299999713897705
2017-08-07,False,SPY,0.051986003969729744,GBF,0.02687202096707031,0.004179999828338623
2017-08-08,False,SPY,0.04261574652785183,GBF,0.02896801755452416,0.0038499999046325683
2017-08-09,False,VOO,0.037049987031655185,GBF,0.029421307898187754,0.0034199994802474975
2017-08-10,False,SPY,0.02040702042568676,GBF,0.031607554899607315,0.0031300002336502077
2017-08-11,False,IVV,0.019497778383707143,GBF,0.03407791610250177,0.0027799999713897707
2017-08-14,False,SPY,0.02474478553830095,GBF,0.03364934831285038,0.0029500001668930054
2017-08-15,False,SPY,0.024831896113163276,GBF,0.0361807085200605,0.0029500001668930054
2017-08-16,False,IVV,0.027373151663564244,GBF,0.036053903360676376,0.0025999999046325685
2017-08-17,False,SPY,0.011743867830824595,GBF,0.041194336459791314,0.0025
2017-08-18,False,IVV,0.0019359554125599754,GBF,0.0401713478839556,0.0023499995470046995
2017-08-21,False,SPY,-0.0003500179455662167,GBF,0.03466614113539168,0.0025
2017-08-22,False,IVV,0.010658076436233843,GBF,0.035696583534918336,0.0028700000047683716
2017-08-23,False,IVV,0.009894825263778495,GBF,0.036292066109044674,0.002720000147819519
2017-08-24,False,SPY,0.006237545756183627,GBF,0.03172046587408239,0.0028800004720687866
2017-08-25,False,IVV,0.008082802164214753,GBF,0.031143518781987956,0.0024199998378753662
2017-08-28,False,SPY,0.00966556469288471,IEF,0.030329755004290693,0.002569999694824219
2017-08-29,False,VOO,0.011004056583133526,GBF,0.033016307070098394,0.002619999647140503
2017-08-30,False,SPY,0.010875978997730407,GBF,0.030944979188606947,0.0025
2017-08-31,False,IVV,0.018045869155402183,GBF,0.029301232231628394,0.0021999996900558473
2017-09-01,False,SPY,0.021654146607529956,GBF,0.028965265326591494,0.002120000123977661
2017-09-05,False,SPY,0.01409512836869542,GBF,0.03423263845112601,0.002279999852180481
2017-09-06,False,SPY,0.009155368437581357,GBF,0.03401649843932053,0.002799999713897705
2017-09-07,False,VOO,0.015863940410444144,GBF,0.03577339817284675,0.002850000262260437
2017-09-08,False,VOO,0.014702960108303298,GBF,0.03106910903777904,0.002799999713897705
2017-09-11,False,SPY,0.026231145990833316,IEF,0.02873834835260003,0.0024000000953674316
2017-09-12,False,VOO,0.0283833384863581,IEF,0.024326009428793816,0.002380000352859497
2017-09-13,False,SPY,0.028279406551266817,IEF,0.02291012638258305,0.002300000190734863
2017-09-14,False,IVV,0.03612577723022592,IEF,0.02620040046297545,0.002300000190734863
2017-09-15,False,SPY,0.028488324180178104,IEF,0.025595319997793187,0.0022200000286102294
2017-09-18,False,VOO,0.03969526668281631,IEF,0.016886104951084446,0.0019999998807907105
2017-09-19,False,SPY,0.03891870398704911,IEF,0.012604626646217865,0.002250000238418579
2017-09-20,False,VOO,0.03750455113823725,IEF,0.007595713794957604,0.0022999995946884153
2017-09-21,False,SPY,0.0323668735949616,IEF,0.007879267665633849,0.0021799999475479127
2017-09-22,False,VOO,0.04197124775324368,IEF,0.003936245931006832,0.001980000138282776
2017-09-25,False,SPY,0.03327157958982707,IEF,0.009571217939883692,0.0021299999952316285
2017-09-26,False,SPY,0.0327852078508728,IEF,0.010990485437100794,0.0027300000190734865
2017-09-27,False,SPY,0.03757734046317629,IEF,0.0053335622528774,0.0027499997615814207
2017-09-28,False,SPY,0.031074160106592696,IEF,0.007218009155725902,0.0025999999046325685
2017-09-29,False,SPY,0.03296281363509879,IEF,0.011203269601849808,0.0021999996900558473
2017-10-02,False,SPY,0.03262826666100471,IEF,0.007395419213221066,0.0021000003814697268
2017-10-03,False,SPY,0.03496491919837852,IEF,0.00815432181367548,0.002499999403953552
2017-10-04,False,VOO,0.035631592556481184,IEF,0.006830577772587887,0.002630000114440918
2017-10-05,False,SPY,0.03617102578013287,IEF,0.007966772909038244,0.002579999566078186
2017-10-06,False,SPY,0.0345300247505167,IEF,0.004652920823892792,0.0019999998807907105
2017-10-09,False,SPY,0.033741964978975636,IEF,0.007872558079723202,0.001969999670982361
2017-10-10,False,SPY,0.036721517973202555,IEF,0.010535123857925877,0.0019999992847442626
2017-10-11,False,SPY,0.0358321273877773,IEF,0.01148477185736474,0.0019999998807907105
2017-10-12,False,IVV,0.03417112508168807,IEF,0.01492612650786751,0.0018299996852874755
2017-10-13,False,IVV,0.036297798660657854,IEF,0.01951319573461774,0.0015999996662139893
2017-10-16,False,SPY,0.039070761985091185,IEF,0.018181943656062627,0.001799999475479126
2017-10-17,False,SPY,0.04039312683422924,IEF,0.01702919772918543,0.0021299993991851806
2017-10-18,False,SPY,0.039095375048732395,IEF,0.009295543222850089,0.0021299993991851806
2017-10-19,False,SPY,0.03887589912724243,IEF,0.01100534940445863,0.0020200008153915404
2017-10-20,False,IVV,0.04622908171800155,IEF,0.005501622293362152,0.0018500006198883057
2017-10-23,False,SPY,0.040301605756110526,IEF,-0.0015373847135609076,0.0019500005245208741
2017-10-24,False,SPY,0.04019546554530562,IEF,-0.0042684222904256774,0.0020500004291534426
2017-10-25,False,VOO,0.0375082583378612,IEF,-0.005589918287633333,0.0019499993324279786
2017-10-26,False,SPY,0.03898297536909734,IEF,-0.005792303219135597,0.002020000219345093
2017-10-27,False,IVV,0.06220340431742244,IEF,2.9464698040770898e-05,0.0015999996662139893
2017-10-30,False,SPY,0.05695671756515153,IEF,0.0015535684189396104,0.001700000762939453
2017-10-31,False,VOO,0.04818038728482765,IEF,0.00033204651967633225,0.0021500003337860106
2017-11-01,False,SPY,0.04972547509190073,IEF,0.0002809678452193598,0.002279999852180481
2017-11-02,False,SPY,0.04830485896813319,IEF,-0.000919991129855191,0.002279999852180481
2017-11-03,False,IVV,0.06827235220412087,IEF,0.00021396210711444041,0.001980000138282776
2017-11-06,False,SPY,0.07179180106348237,IEF,0.0019604634016008315,0.002099999785423279
2017-11-07,False,SPY,0.07020913675362483,IEF,-0.0020438814486838375,0.0023499995470046995
2017-11-08,False,SPY,0.060935131736877146,IEF,-0.001590038944242922,0.0024700003862380983
2017-11-09,False,SPY,0.06088987850145555,IEF,-0.00511570081326318,0.002449999451637268
2017-11-10,False,IVV,0.06288891881228031,IEF,-0.008325522408253572,0.0022700005769729615
2017-11-13,False,SPY,0.06154711638980315,IEF,-0.007224723000311073,0.0021199995279312135
2017-11-14,False,SPY,0.05903846647417832,IEF,-0.004889719031132556,0.0025999999046325685
2017-11-15,False,SPY,0.052532790047594036,IEF,-0.0011337807325434435,0.0025700002908706663
2017-11-16,False,IVV,0.056286430364010265,IEF,-0.004041954765006794,0.0024700003862380983
2017-11-17,False,SPY,0.04707135579411337,IEF,-0.007905556580473316,0.0025700002908706663
2017-11-20,False,VOO,0.04714727059311419,IEF,-0.007746015556185704,0.0024700003862380983
2017-11-21,False,IVV,0.06171199879769884,IEF,-0.008111281064086762,0.002929999828338623
2017-11-22,False,SPY,0.05730719313459276,IEF,-0.002151370092936644,0.002799999713897705
2017-11-24,False,IVV,0.05962284043895316,IEF,-0.0054961427214627046,0.0024700003862380983
2017-11-27,False,SPY,0.06059492996570959,IEF,-0.004748024234215276,0.002550000548362732
2017-11-28,False,SPY,0.06004801110138014,IEF,-0.0054841550240735115,0.003319999575614929
2017-11-29,False,IVV,0.055738966727663763,IEF,-0.008939874466146192,0.0032499998807907103
2017-11-30,False,VOO,0.06415663487701573,IEF,-0.01284867996608341,0.003050000071525574
2017-12-01,False,VOO,0.06255871260602741,IEF,-0.004309233263097845,0.002450000047683716
2017-12-04,False,VOO,0.05994514358818814,IEF,-0.0038515055688557176,0.0025999999046325685
2017-12-05,False,SPY,0.053940311098269245,IEF,0.0006326741678825964,0.002799999713897705
2017-12-06,False,VOO,0.05303272621134347,IEF,0.005061752276173115,0.0027000004053115844
2017-12-07,False,IVV,0.055757009865252005,IEF,0.006962096234806037,0.0025999999046325685
2017-12-08,False,IVV,0.06462771807816581,IEF,0.0054433201713599555,0.002330000400543213
2017-12-11,False,SPY,0.06763137317630319,IEF,0.0066754905529813335,0.0025499999523162843
2017-12-12,False,SPY,0.07170672467825079,IEF,0.0074367383296209955,0.0030199992656707764
2017-12-13,False,SPY,0.07094104178584026,IEF,0.010195708320047236,0.0025999999046325685
2017-12-14,False,SPY,0.06242789021150985,IEF,0.008482515631886622,0.0025
2017-12-15,False,SPY,0.06999083827094177,IEF,0.005353317912605071,0.002619999647140503
2017-12-18,False,SPY,0.07300436565180046,IEF,0.00411821076920349,0.0030200004577636717
2017-12-19,False,SPY,0.06426628601458684,IEF,-0.001843015359996647,0.003450000286102295
2017-12-20,False,SPY,0.06143667583846213,IEF,-0.005993579498821733,0.0033000004291534424
2017-12-21,False,SPY,0.06236257428521785,IEF,-0.008920622664209121,0.0028000009059906007
2017-12-22,False,SPY,0.0558288941637779,IEF,-0.008543221149348468,0.0021299993991851806
2017-12-26,False,IVV,0.05574912168600932,IEF,-0.008443778133516933,0.0018999993801116944
2017-12-27,False,SPY,0.05802885045408246,IEF,-0.0059631320859976356,0.002699999809265137
2017-12-28,False,SPY,0.05741575579883795,IEF,-0.006538673762435443,0.0022000002861022948
2017-12-29,False,SPY,0.05177620923367421,IEF,0.0006709497971246758,0.002120000123977661
2018-01-02,False,SPY,0.06088511833007493,IEF,-0.0058212954869105715,0.0028299999237060545
2018-01-03,False,SPY,0.06629724195248166,IEF,-0.0031955318357116402,0.0029200005531311037
2018-01-04,False,SPY,0.06936512400505124,IEF,-0.0053476334499776845,0.0031700003147125243
2018-01-05,False,IVV,0.07549148218468771,IEF,-0.006855251256289607,0.0031700003147125243
2018-01-08,False,SPY,0.07664698951608617,IEF,-0.009786856142397604,0.0032200002670288086
2018-01-09,False,SPY,0.07878826736892997,IEF,-0.013575336666435733,0.0036500000953674314
2018-01-10,False,SPY,0.0716084533792456,IEF,-0.017261440639843917,0.003370000123977661
2018-01-11,False,VOO,0.08351919752099546,IEF,-0.013935923271157336,0.0035000002384185792
2018-01-12,False,SPY,0.0887923969277633,IEF,-0.01514839443532301,0.0037699997425079345
2018-01-16,False,IVV,0.09015703506857631,IEF,-0.013848119179665108,0.0036500000953674314
2018-01-17,False,SPY,0.09944151369263854,IEF,-0.017211021349562428,0.0038999998569488525
2018-01-18,False,SPY,0.08869185547545477,IEF,-0.02396595955664005,0.003869999647140503
2018-01-19,False,SPY,0.0977343446634047,IEF,-0.0275845007945561,0.0038999998569488525
2018-01-22,False,SPY,0.10493839900935642,IEF,-0.02560322918857061,0.003869999647140503
2018-01-23,False,SPY,0.10582180658929885,IEF,-0.019862802832226856,0.004049999713897705
2018-01-24,False,VOO,0.1048987922303497,IEF,-0.02357201221726457,0.004249999523162842
2018-01-25,False,VOO,0.10173031725789894,IEF,-0.02486773647386087,0.004150000214576721
2018-01-26,False,SPY,0.11278613667972182,IEF,-0.027952462845555637,0.004000000357627868
2018-01-29,False,VOO,0.10564040384122819,IEF,-0.031018531859789533,0.004100000262260437
2018-01-30,False,IVV,0.09215243783480487,IEF,-0.031375543695651764,0.004299999475479126
2018-01-31,False,VOO,0.09721491644157076,IEF,-0.03441998883716346,0.004499999284744263
2018-02-01,False,SPY,0.09659162066798044,IEF,-0.037883605941720355,0.004549999237060547
2018-02-02,False,SPY,0.07172241002518343,IEF,-0.04304684040937512,0.004550000429153442
2018-02-05,False,SPY,0.029290500448743595,IEF,-0.03607752867843528,0.004529999494552612
2018-02-06,False,SPY,0.05484921815527244,IEF,-0.042504027929563426,0.004780000448226929
2018-02-07,False,SPY,0.04028356536509503,IEF,-0.044508738006000526,0.005169999599456787
2018-02-08,False,SPY,0.004215018073392418,IEF,-0.04517043725377845,0.005370000004768371
2018-02-09,False,SPY,0.017563535627977522,IEF,-0.04403600274627406,0.005399999618530274
2018-02-12,False,IVV,0.025632279451238915,IEF,-0.050921997311621725,0.005519999861717224
2018-02-13,False,SPY,0.02925632855985527,IEF,-0.04705991300863943,0.005320000648498535
2018-02-14,False,SPY,0.04074363111202639,IEF,-0.05692612228779492,0.005269999504089355
2018-02-15,False,SPY,0.054550111885255825,IEF,-0.055953831553947175,0.005399999618530274
2018-02-16,False,SPY,0.044265365097155396,IEF,-0.0482965137128587,0.005500000715255737
2018-02-20,False,SPY,0.038358703537104244,IEF,-0.047029052859298814,0.005549999475479126
2018-02-21,False,IVV,0.023948111290164498,IEF,-0.047890868019041966,0.005900000333786011
2018-02-22,False,VOO,0.027610021771588444,IEF,-0.046755706924751395,0.005770000219345092
2018-02-23,False,IVV,0.045280391478113025,IEF,-0.044256971804758405,0.005950000286102295
2018-02-26,False,SPY,0.06128827315498242,IEF,-0.039387834974472735,0.006080000400543213
2018-02-27,False,SPY,0.047837628613176975,IEF,-0.04132100049522214,0.006169999837875366
2018-02-28,False,VOO,0.032860061797023166,IEF,-0.037176820843240366,0.005980000495910644
2018-03-01,False,SPY,0.013402001754847293,IEF,-0.03176613682123619,0.005820000171661377
2018-03-02,False,SPY,0.015565984172688063,IEF,-0.037070072222835204,0.0060199999809265135
2018-03-05,False,SPY,0.02549431909738087,IEF,-0.04116451333431326,0.0062699997425079345
2018-03-06,False,SPY,0.02820921303057977,IEF,-0.04045426195045565,0.006000000238418579
2018-03-07,False,SPY,0.032049538123956944,IEF,-0.0355065317165183,0.006119999885559082
2018-03-08,False,IVV,0.028322043259005225,IEF,-0.03333796900372621,0.0060500001907348635
2018-03-09,False,IVV,0.03931572716277887,IEF,-0.034243407384607294,0.006069999933242798
2018-03-12,False,SPY,0.04248194923249837,IEF,-0.030866572466163866,0.0062999999523162846
2018-03-13,False,SPY,0.03628794533968627,IEF,-0.030622204600900815,0.0065500009059906005
2018-03-14,False,SPY,0.0288509372893333,IEF,-0.028453679717219238,0.006750000715255737
2018-03-15,False,SPY,0.02799877654389138,IEF,-0.027827218580165125,0.00690000057220459
2018-03-16,False,VOO,0.030341451289485732,IEF,-0.02777607893419265,0.006950000524520874
2018-03-19,False,SPY,0.015910963896171193,IEF,-0.029823298618217642,0.006830000877380371
2018-03-20,False,SPY,0.015549135908392797,IEF,-0.03208416496924138,0.007030000686645508
2018-03-21,False,VOO,0.01704103600402429,IEF,-0.032512790634458666,0.006420000791549683
2018-03-22,False,VOO,-0.015460039870124342,IEF,-0.029447582975108966,0.0062999999523162846
2018-03-23,False,VOO,-0.0421226405000239,IEF,-0.031396178953141174,0.006380000114440918
2018-03-26,True,VOO,-0.02005262324054269,IEF,-0.03240783574871098,0.006500000953674316
2018-03-27,True,VOO,-0.043165864985485025,IEF,-0.02656313196026816,0.006600000858306885
2018-03-28,True,VOO,-0.04781545267489573,IEF,-0.02428193570811521,0.00627000093460083
2018-03-29,True,SPY,-0.03764857148423206,IEF,-0.023301354050447864,0.006049998998641968
2018-04-02,True,IVV,-0.057039322120368885,IEF,-0.01824946355673207,0.006079999208450318
2018-04-03,True,VOO,-0.051845314956445065,IEF,-0.022312695870025934,0.006430000066757202
2018-04-04,True,SPY,-0.04787128332098334,IEF,-0.0199289539435501,0.005699999332427978
2018-04-05,True,SPY,-0.03706569032078111,IEF,-0.0208362244819289,0.005920000076293945
2018-04-06,True,SPY,-0.06741452063728404,IEF,-0.015231434410995282,0.0059999990463256835
2018-04-09,True,VOO,-0.061982759983889246,IEF,-0.018203791106054856,0.0060199999809265135
2018-04-10,True,IVV,-0.050674863917672286,IEF,-0.0234268000348693,0.006200000047683716
2018-04-11,True,IVV,-0.06325933988622157,IEF,-0.021831561324144322,0.005699999332427978
2018-04-12,True,SPY,-0.057520250528176886,IEF,-0.02593822641566379,0.005670000314712525
2018-04-13,True,SPY,-0.0599196547219204,IEF,-0.026368261440430918,0.005800000429153442
2018-04-16,True,SPY,-0.05259204218697877,IEF,-0.028398211476251656,0.00565000057220459
2018-04-17,True,SPY,-0.05341537216076864,IEF,-0.02901667890800963,0.005970000028610229
2018-04-18,True,IVV,-0.04649188170080276,IEF,-0.03316463405673453,0.005820000171661377
2018-04-19,True,SPY,-0.04185503074607966,IEF,-0.03463644124627785,0.005879999399185181
2018-04-20,True,IVV,-0.0510244390168495,IEF,-0.037495706954243535,0.005620000362396241
2018-04-23,True,IVV,-0.04982025723977512,IEF,-0.03353638816098603,0.005829999446868897
2018-04-24,True,VOO,-0.041609777956437055,IEF,-0.034223231475864035,0.006380000114440918
2018-04-25,True,VOO,0.0020083795532608306,IEF,-0.03768447793482421,0.005750000476837158
2018-04-26,True,IVV,-0.007003987093128883,IEF,-0.03837466297948999,0.005549999475479126
2018-04-27,True,SPY,-0.00015845438844752646,IEF,-0.03431017421182081,0.005399999618530274
2018-04-30,False,IVV,0.03039725896515355,IEF,-0.03453943218595923,0.005230000019073486
2018-05-01,False,IVV,0.016551591073310945,IEF,-0.03450547798729342,0.005699999332427978
2018-05-02,False,SPY,-0.004092066341527367,IEF,-0.03449707788907763,0.0050699996948242185
2018-05-03,False,VOO,-0.009187002972501412,IEF,-0.03511506998073444,0.005230000019073486
2018-05-04,True,IVV,-0.009649604502461662,IEF,-0.034202338279784694,0.005529999732971191
2018-05-07,True,VOO,-0.0186422281740527,IEF,-0.035313467650518016,0.005699999332427978
2018-05-08,True,IVV,-0.018894033525155618,IEF,-0.0371086786577568,0.005700000524520874
2018-05-09,True,SPY,-0.00302337206050618,IEF,-0.03621143546561034,0.005870000123977661
2018-05-10,False,SPY,0.01132929530603688,IEF,-0.031195904162295673,0.006069999933242798
2018-05-11,False,IVV,0.012258205926000798,IEF,-0.03466783023567521,0.00625
2018-05-14,False,IVV,-0.002384118249797451,IEF,-0.03630677714530861,0.006100000143051148
2018-05-15,False,IVV,-0.021141545784252536,IEF,-0.04236392499789354,0.005920000076293945
2018-05-16,True,IVV,-0.00413410318679075,IEF,-0.04634206570253141,0.0060199999809265135
2018-05-17,True,SPY,0.005335830958995036,IEF,-0.04520348850310385,0.006030000448226928
2018-05-18,True,IVV,0.017585736653622064,IEF,-0.04076903579086788,0.0060199999809265135
2018-05-21,True,IVV,0.019365660569434562,IEF,-0.03946797582161832,0.006000000238418579
2018-05-22,False,VOO,0.005256479958648086,IEF,-0.03903194995495318,0.005830000638961792
2018-05-23,False,IVV,0.005608584505777614,IEF,-0.03855447920162536,0.006000000238418579
2018-05-24,True,SPY,0.004078490209202146,IEF,-0.03572246533934287,0.005770000219345092
2018-05-25,True,IVV,-0.003308172984513136,IEF,-0.031740344455125635,0.00568000078201294
2018-05-29,True,SPY,-0.03145771268774622,IEF,-0.019069828675531753,0.005249999761581421
2018-05-30,True,VOO,-0.017362191426428253,IEF,-0.01881149921126757,0.005249999761581421
2018-05-31,True,IVV,-0.017251793127171067,IEF,-0.016396545124093498,0.005199999809265137
2018-06-01,True,SPY,-0.002194377705813211,IEF,-0.02072168041552047,0.005479999780654907
2018-06-04,True,SPY,0.003640107880110932,IEF,-0.0245516981307774,0.005670000314712525
2018-06-05,True,SPY,0.003282706693000126,IEF,-0.022427472531553305,0.006000000238418579
2018-06-06,False,SPY,0.025546244126172013,IEF,-0.030514904449826963,0.004919999837875366
2018-06-07,False,VOO,0.023536285052146777,IEF,-0.025203833483739113,0.005149999856948853
2018-06-08,False,IVV,0.02830760866519566,IEF,-0.028110974267686384,0.005249999761581421
2018-06-11,False,SPY,0.05647203669613199,IEF,-0.025837189739987276,0.004900000095367432
2018-06-12,False,SPY,0.08087573585713836,IEF,-0.027429143006505785,0.005180000066757202
2018-06-13,False,VOO,0.0483720119929687,IEF,-0.028117481349855922,0.005249999761581421
2018-06-14,False,SPY,0.0695706379738743,IEF,-0.023845579558674612,0.005130000114440918
2018-06-15,False,SPY,0.07137148651268799,IEF,-0.022613222876203154,0.0050800001621246335
2018-06-18,False,IVV,0.05400018572302301,IEF,-0.017458949074079078,0.004680000543594361
2018-06-19,False,SPY,0.07483241628663384,GBF,-0.015890467171791545,0.005030000209808349
2018-06-20,False,SPY,0.06304108200869885,GBF,-0.018439079758785115,0.0048500001430511475
2018-06-21,False,IVV,0.04400850802193612,GBF,-0.017322465979068724,0.004800000190734863
2018-06-22,False,SPY,0.038901087287980696,GBF,-0.019141655680576575,0.004750000238418579
2018-06-25,False,IVV,0.0479031427146297,GBF,-0.016979994921145436,0.004380000829696655
2018-06-26,False,SPY,0.04528513555463265,GBF,-0.01364030004346184,0.0048800003528594975
2018-06-27,False,IVV,0.020313133999651845,GBF,-0.009204597637324397,0.004769999980926514
2018-06-28,False,SPY,0.03164389489303554,GBF,-0.010538512452255011,0.004900000095367432
2018-06-29,False,IVV,0.024430024792085003,GBF,-0.012466953787156232,0.004670000076293946
2018-07-02,False,SPY,0.02991055947699439,GBF,-0.01223599638292816,0.0048500001430511475
2018-07-03,False,VOO,0.017809501584251652,GBF,-0.010764545135661274,0.005399999618530274
2018-07-05,False,SPY,0.015346242772395824,GBF,-0.00884002443222831,0.005219999551773071
2018-07-06,False,SPY,0.02317658391044164,GBF,-0.005995265310011488,0.005299999713897705
2018-07-09,False,SPY,0.03814895874338142,GBF,-0.005308457129248545,0.004900000095367432
2018-07-10,False,VOO,0.050359389810352706,GBF,-0.005738892242565963,0.005049999952316284
2018-07-11,False,IVV,0.04324579480735169,GBF,-0.003687604632104602,0.004670000076293946
2018-07-12,False,IVV,0.06632944556639764,GBF,0.001134737353730264,0.004779999256134033
2018-07-13,False,IVV,0.06529828670130455,GBF,-0.0016325693588608026,0.004700000286102295
2018-07-16,False,SPY,0.0536379504387583,GBF,6.297403027133441e-05,0.004499999284744263
2018-07-17,False,SPY,0.05690816138339283,GBF,0.0020284382123121336,0.004600000381469726
2018-07-18,False,SPY,0.06734003074470363,GBF,0.003458988111651573,0.004450000524520874
2018-07-19,False,SPY,0.06142825278027475,GBF,0.006087984798271773,0.004229999780654907
2018-07-20,False,SPY,0.0673855959363665,GBF,0.0026407536864108128,0.003980000019073487
2018-07-23,False,SPY,0.07173209885049636,GBF,0.0001792411745866751,0.0034999990463256835
2018-07-24,False,VOO,0.063335543453936,GBF,0.003436792714920589,0.004100000858306885
2018-07-25,False,SPY,0.06880439829128804,GBF,0.002993220503265004,0.0039300000667572025
2018-07-26,False,SPY,0.06628253760362668,GBF,-7.039534231290112e-05,0.00375
2018-07-27,False,IVV,0.0488151662625278,GBF,0.0029874171622390477,0.003720000982284546
2018-07-30,False,IVV,0.033563477480252235,GBF,0.005341628597227643,0.003370000123977661
2018-07-31,False,SPY,0.03570960843558124,GBF,0.00443937870767841,0.003799999952316284
2018-08-01,False,SPY,0.033486850819091085,IEF,0.0031690319334325423,0.0037300002574920652
2018-08-02,False,SPY,0.04632253059619407,GBF,0.0006432332350307934,0.003569999933242798
2018-08-03,False,SPY,0.046405859650676895,GBF,0.006087916230272716,0.003250000476837158
2018-08-06,False,SPY,0.051130636801843155,GBF,0.0067359991640219,0.0035000002384185792
2018-08-07,False,IVV,0.05713485584629874,IEF,0.0006467896000013074,0.004179998636245728
2018-08-08,False,SPY,0.04891475275564838,GBF,0.00432006387146977,0.004029998779296875
2018-08-09,False,SPY,0.05040216709126244,GBF,0.006501609320328283,0.00380000114440918
2018-08-10,False,SPY,0.04050137369860529,GBF,0.008604988248199774,0.003569999933242798
2018-08-13,False,VOO,0.03862492475864032,GBF,0.00833216231910816,0.003450000286102295
2018-08-14,False,SPY,0.047858740151442536,GBF,0.006510110882213205,0.003980000019073487
2018-08-15,False,IVV,0.05186512698369894,GBF,0.009608058569707145,0.0038499999046325683
2018-08-16,False,SPY,0.04668009219083258,GBF,0.008150286653688,0.003720000982284546
2018-08-17,False,SPY,0.056838979423259994,GBF,0.007880366737873956,0.003049999475479126
2018-08-20,False,VOO,0.04875497868459777,GBF,0.00824926103322543,0.0027499997615814207
2018-08-21,False,IVV,0.04614479737742272,GBF,0.008793681015562438,0.0030200004577636717
2018-08-22,False,VOO,0.04464648179734354,GBF,0.009247010891033858,0.0029700005054473875
2018-08-23,False,IVV,0.03450140662514145,GBF,0.009429396109700727,0.003049999475479126
2018-08-24,False,SPY,0.04121218107357194,GBF,0.013622715865917456,0.002900000810623169
2018-08-27,False,SPY,0.0463395164948035,GBF,0.01381203407569287,0.0034999990463256835
2018-08-28,False,IVV,0.045454707934751815,GBF,0.007424321299066339,0.0039500010013580325
2018-08-29,False,VOO,0.049633492199614215,IEF,0.006467131991337638,0.003919999599456787
2018-08-30,False,SPY,0.048820676992608725,GBF,0.007608488808773739,0.003530000448226929
2018-08-31,False,SPY,0.04622193374480199,GBF,0.004623777708901766,0.0032200002670288086
2018-09-04,False,SPY,0.045754838251896635,IEF,0.0034911905208969696,0.0037300002574920652
2018-09-05,False,SPY,0.04508997205522958,IEF,0.0013503935876701956,0.004199999570846558
2018-09-06,False,SPY,0.04595270398847817,GBF,0.0001379706029156491,0.003969999551773071
2018-09-07,False,IVV,0.0419329713670793,GBF,-7.675032452036934e-05,0.00375
2018-09-10,False,SPY,0.050539975949773996,IEF,0.002260736102529304,0.004149999618530274
2018-09-11,False,SPY,0.052085232966054607,IEF,0.0011583312989200678,0.004330000877380371
2018-09-12,False,SPY,0.06686323578142694,IEF,-0.0020422586048736147,0.004250000715255737
2018-09-13,False,SPY,0.07080273347570487,IEF,-0.0023337485013796844,0.004179999828338623
2018-09-14,False,SPY,0.07993350745072214,IEF,-0.0024527977715305127,0.004079998731613159
2018-09-17,False,SPY,0.06810864857265853,IEF,-0.0032264175129731454,0.004150000810623169
2018-09-18,False,VOO,0.07129949314250639,IEF,-0.0037658004997156436,0.004199999570846558
2018-09-19,False,IVV,0.07106824953312763,IEF,-0.006313226162122265,0.00401999831199646
2018-09-20,False,SPY,0.08372069609703892,IEF,-0.005730867623042868,0.004049999713897705
2018-09-21,False,IVV,0.07376299441757994,IEF,-0.005918370196486666,0.0036799991130828857
2018-09-24,False,SPY,0.0614243906780545,IEF,-0.0031147405183696852,0.003529999256134033
2018-09-25,False,SPY,0.05097573473168793,IEF,-0.0013659674113638554,0.0038499999046325683
2018-09-26,False,SPY,0.044074084336032326,GBF,0.0016925665881029062,0.0039500010013580325
2018-09-27,False,VOO,0.05462760047797777,IEF,0.006248258773993154,0.0035700011253356934
2018-09-28,False,SPY,0.045338016163114725,IEF,0.007938156047933465,0.003270001411437988
2018-10-01,False,SPY,0.04814365629681938,IEF,0.007569915873042454,0.003399999141693115
2018-10-02,False,SPY,0.04847075165751358,IEF,0.007282639039025929,0.0038999998569488525
2018-10-03,False,SPY,0.044819546374534225,IEF,-0.0018726127288060113,0.004000000953674317
2018-10-04,False,SPY,0.03447743779957002,IEF,-0.005539299849265267,0.004070000648498535
2018-10-05,False,SPY,0.03258178998538663,IEF,-0.006370618669981676,0.0035500001907348634
2018-10-08,False,SPY,0.03376309137329048,IEF,-0.0061682471683092155,0.003799999952316284
2018-10-09,False,SPY,0.03033876776544986,IEF,-0.006822148613667145,0.003969999551773071
2018-10-10,False,VOO,-0.007441581712728129,IEF,-0.006423962001952943,0.004270000457763672
2018-10-11,False,SPY,-0.037350698571699925,IEF,-0.0018585825700868641,0.004219999313354492
2018-10-12,True,SPY,-0.02167262040575746,IEF,-0.0013806896229600074,0.0038299989700317384
2018-10-15,True,SPY,-0.020531150254831987,IEF,0.0014874999276508483,0.0038499999046325683
2018-10-16,True,SPY,0.006141055441734267,IEF,-0.0006854696571377827,0.004149999618530274
2018-10-17,True,SPY,0.0013845289896528001,IEF,-0.003672717964171235,0.003999999761581421
2018-10-18,False,SPY,-0.011424873789597001,GBF,-0.0012319292736713283,0.004000000953674317
2018-10-19,True,SPY,-0.017314622606103947,GBF,0.0019359736869957178,0.0038499999046325683
2018-10-22,True,SPY,-0.02589952870875456,GBF,0.0030384361855051445,0.003929998874664307
2018-10-23,True,VOO,-0.03525687376850628,GBF,0.006083634973510277,0.004269999265670776
2018-10-24,True,SPY,-0.06673746861516461,GBF,0.005907948255810647,0.004300000667572021
2018-10-25,True,SPY,-0.04959492644532337,GBF,0.003973992654744407,0.004169999361038208
2018-10-26,False,IVV,-0.06563803195842288,GBF,0.00858419661072185,0.003799999952316284
2018-10-29,False,IVV,-0.06420160848923817,BND,0.0052360668596473925,0.003869999647140503
2018-10-30,True,SPY,-0.04650094523723314,GBF,5.8861654050890166e-05,0.004229999780654907
2018-10-31,True,SPY,-0.04242626262362703,GBF,-0.004138002048534872,0.004250000715255737
2018-11-01,True,SPY,-0.024955273026922686,GBF,-0.013610767378885447,0.004299999475479126
2018-11-02,True,VOO,-0.03851195394631968,IEF,-0.013514860594040834,0.003949999809265137
2018-11-05,True,SPY,-0.03659719082197843,IEF,-0.012441700141910927,0.003979998826980591
2018-11-06,True,SPY,-0.03257088954499365,IEF,-0.009869071576448118,0.004419999122619629
2018-11-07,True,SPY,-0.014171601317453875,IEF,-0.0063597804125161694,0.004449999332427979
2018-11-08,True,IVV,-0.01550250017606869,IEF,-0.01028547589741502,0.003999999761581421
2018-11-09,True,SPY,-0.02369826966137245,IEF,-0.0024005541031142386,0.003999999761581421
2018-11-12,True,VOO,-0.04791279260271564,GBF,-0.005467719177151831,0.004149999618530274
2018-11-13,True,SPY,-0.05689982805303473,GBF,-0.0037521834738860615,0.004150000810623169
2018-11-14,True,SPY,-0.06379986019071804,GBF,-0.0012060516654440745,0.004570000171661377
2018-11-15,True,IVV,-0.05921229073007761,GBF,-0.002031544691942111,0.004219999313354492
2018-11-16,True,SPY,-0.0528104109847074,GBF,0.00017420301520121306,0.004049999713897705
2018-11-19,True,SPY,-0.06886361933508256,GBF,-0.0018218710640591773,0.004169999361038208
2018-11-20,True,IVV,-0.08456833842932754,GBF,-0.003272124798045173,0.004470000267028809
2018-11-21,True,IVV,-0.07911822543103286,GBF,-0.0016408362328470538,0.00466999888420105
2018-11-23,True,SPY,-0.08230965537629575,GBF,-0.0017100331007853242,0.004500000476837158
2018-11-26,True,SPY,-0.06567799958765541,GBF,-0.00044178736690980713,0.004549999237060547
2018-11-27,True,IVV,-0.06460436358931654,GBF,-0.001823154711945385,0.004629999399185181
2018-11-28,True,IVV,-0.04595776199983315,GBF,-0.001363790985829727,0.004650000333786011
2018-11-29,True,SPY,-0.048075994745730544,GBF,-0.001825163816882469,0.0045699989795684815
2018-11-30,True,SPY,-0.04790476772667085,GBF,-0.0019021024964526179,0.004150000810623169
2018-12-03,True,VOO,-0.03587098187781401,GBF,-0.002578087142927732,0.00408000111579895
2018-12-04,True,SPY,-0.061749555514126864,GBF,0.0013545091746665072,0.0048500001430511475
2018-12-06,True,IVV,-0.06846442277878584,BND,0.004297991668805068,0.004729999303817749
2018-12-07,False,SPY,-0.09084882584075316,GBF,0.004590657475681992,0.004449999332427979
2018-12-10,True,VOO,-0.09677104438754125,GBF,0.002964076571011498,0.003969999551773071
2018-12-11,True,VOO,-0.09587395614741323,GBF,0.0028704455754475777,0.004599999189376831
2018-12-12,True,VOO,-0.08783458539967659,GBF,0.0022434743802890456,0.004700000286102295
2018-12-13,True,IVV,-0.08755385291283013,GBF,0.0028740151850952245,0.004479999542236328
2018-12-14,True,SPY,-0.10145585971277349,GBF,0.0033362875612186205,0.004330000877380371
2018-12-17,False,IVV,-0.12211371994602627,GBF,0.004618074713318654,0.004199999570846558
2018-12-18,False,SPY,-0.12259230964173784,GBF,0.006563593052946848,0.004000000953674317
2018-12-19,False,VOO,-0.13944907450828592,GBF,0.008488586794717534,0.004100000858306885
2018-12-20,False,VOO,-0.15349561551256696,GBF,0.006931703492522923,0.003970000743865967
2018-12-21,False,VOO,-0.17105051995399134,GBF,0.0060110970436610955,0.0035499989986419677
2018-12-24,False,VOO,-0.18721108756289906,GBF,0.008021118693664953,0.00372999906539917
2018-12-26,False,VOO,-0.1412516650229647,GBF,0.0048252597194835545,0.004320001602172852
2018-12-27,False,SPY,-0.133073949401325,GBF,0.008566684007960568,0.004150000810623169
2018-12-28,False,IVV,-0.13315028187025146,GBF,0.014169164569045822,0.00408000111579895
2018-12-31,False,SPY,-0.09673239172660864,GBF,0.016192503812265224,0.003399999141693115
2019-01-02,False,IVV,-0.07615916259295352,GBF,0.01628168238691452,0.004120000600814819
2019-01-03,False,IVV,-0.11123106599025356,GBF,0.0214317939373716,0.004099999666213989
2019-01-04,False,VOO,-0.07551056357278885,GBF,0.01775559700199425,0.0041299998760223385
2019-01-07,False,IVV,-0.08882965378452123,GBF,0.016467537073747485,0.004079998731613159
2019-01-08,False,IVV,-0.07965671395096241,GBF,0.015454583522339416,0.004150000810623169
2019-01-09,False,VOO,-0.062022672444554505,GBF,0.013968965357000762,0.004120000600814819
2019-01-10,False,IVV,-0.057436154058593814,GBF,0.016555777668395555,0.004099999666213989
2019-01-11,False,IVV,-0.054374416956536664,GBF,0.015440903313796106,0.004099998474121094
2019-01-14,False,SPY,-0.05375122952622158,GBF,0.012775337702851663,0.003919998407363892
2019-01-15,False,SPY,-0.013001654058824141,GBF,0.0156304862891401,0.00375
2019-01-16,False,VOO,-0.02809302572683925,GBF,0.014798934369818717,0.0035500001907348634
2019-01-17,False,VOO,-0.0032064678749943454,GBF,0.014062493044351365,0.0034999990463256835
2019-01-18,False,VOO,0.015447384599851732,GBF,0.009846190022483103,0.0034800004959106446
2019-01-22,False,IVV,-0.013175340093131371,GBF,0.0126818876784216,0.0035000002384185792
2019-01-23,False,IVV,-0.022264683480954672,GBF,0.013965771974317365,0.0031999993324279786
2019-01-24,False,VOO,-0.031023711572066515,GBF,0.013868987167964919,0.002850000858306885
2019-01-25,False,SPY,-0.01676366616687519,GBF,0.01441953716216049,0.0031299996376037598
2019-01-28,False,IVV,-0.0305175406429532,GBF,0.01295461148947985,0.003379999399185181
2019-01-29,False,IVV,-0.03742342039932656,GBF,0.012586083240398782,0.0037199997901916503
2019-01-30,False,IVV,-0.04260658904468617,GBF,0.015230552172567746,0.003299999237060547
2019-01-31,False,VOO,-0.032466512229521904,GBF,0.018697176501143886,0.0030499982833862307
2019-02-01,False,IVV,-0.022883051392762144,GBF,0.01637413817520894,0.0030699992179870606
2019-02-04,False,SPY,0.0035886236884457023,GBF,0.013998643672178623,0.0028699994087219237
2019-02-05,False,IVV,0.009429988772564846,GBF,0.01811417537452087,0.0030500006675720213
2019-02-06,False,IVV,0.014959445932147819,BND,0.020507792895888777,0.0028699994087219237
2019-02-07,False,SPY,-0.0047707847765084965,BND,0.021920526819396935,0.0027500009536743164
2019-02-08,False,IVV,-0.006358933125565014,BND,0.02268280507110987,0.0030699992179870606
2019-02-11,False,IVV,0.011092486731889784,GBF,0.021232602857289118,0.0031999993324279786
2019-02-12,False,IVV,0.04359907205932867,GBF,0.022162102763076952,0.00309999942779541
2019-02-13,False,VOO,0.0433056692128555,GBF,0.019962346169141387,0.0028299999237060545
2019-02-14,False,IVV,0.04750373028803434,GBF,0.02188274591728301,0.002929999828338623
2019-02-15,False,SPY,0.04295201616657374,GBF,0.024951491025243744,0.002819998264312744
2019-02-19,False,IVV,0.041200101481120965,GBF,0.02539060067039567,0.0028999996185302733
2019-02-20,False,IVV,0.019414804559407806,GBF,0.026982938252230193,0.0027499985694885254
2019-02-21,False,IVV,0.01827408448540635,GBF,0.023290807519232626,0.0028999996185302733
2019-02-22,False,IVV,0.01703563631323135,GBF,0.025769883283220718,0.0029999995231628418
2019-02-25,False,IVV,0.006428564331194764,GBF,0.025229819867381487,0.0028999996185302733
2019-02-26,False,IVV,0.03829800172382081,GBF,0.027065703638371685,0.0029200005531311037
2019-02-27,False,VOO,0.040479077448033696,GBF,0.026640686371637967,0.0026799988746643065
2019-02-28,False,IVV,0.06262195602950094,GBF,0.027317820086889544,0.002630000114440918
2019-03-01,False,SPY,0.0681168667184433,BND,0.025534256880779704,0.0025999999046325685
2019-03-04,False,SPY,0.06398938308368374,BND,0.026688404013191835,0.00252000093460083
2019-03-05,False,IVV,0.056920605367817956,GBF,0.028237646289165363,0.0027700018882751464
2019-03-06,False,VOO,0.05084475453191262,GBF,0.03046475507966173,0.002369999885559082
2019-03-07,False,IVV,0.061921530934642366,BND,0.031198306184165636,0.002349998950958252
2019-03-08,False,SPY,0.08107267309413624,GBF,0.031434782459819344,0.0025299978256225586
2019-03-11,False,IVV,0.09761102079569728,GBF,0.030493088770933152,0.002300000190734863
2019-03-12,False,IVV,0.11846590510258936,GBF,0.0330200891328889,0.0024000000953674316
2019-03-13,False,SPY,0.14489206055463444,GBF,0.03283743133091943,0.0021300005912780764
2019-03-14,False,SPY,0.16809332649389463,GBF,0.035996093917153305,0.002179999351501465
2019-03-15,False,IVV,0.20566993585888427,GBF,0.03989279105812127,0.002179999351501465
2019-03-18,False,SPY,0.15189535168466461,BND,0.043435075758919695,0.0022000002861022948
2019-03-19,False,IVV,0.14335801508233592,BND,0.04331591705536253,0.0024000000953674316
2019-03-20,False,IVV,0.1411218469624136,GBF,0.04575218203973508,0.0022300004959106444
2019-03-21,False,IVV,0.1434701981365829,BND,0.04692143011604455,0.0018799996376037598
2019-03-22,False,SPY,0.12111286007848099,BND,0.0496781014204315,0.001830000877380371
2019-03-25,False,SPY,0.1476563327823297,BND,0.05124447210837846,0.0017200016975402832
2019-03-26,False,IVV,0.11817787361524923,BND,0.05177260719648835,0.0017499995231628417
2019-03-27,False,SPY,0.10418173901930872,BND,0.05291051676765335,0.0011800003051757812
2019-03-28,False,SPY,0.09805054771969912,BND,0.05532075514795731,0.0010999989509582518
2019-03-29,False,SPY,0.09983431179713964,BND,0.05521844895970207,0.0007299995422363282
2019-04-01,False,SPY,0.10896523954529114,BND,0.05158874854315498,0.0006299996376037597
2019-04-02,False,SPY,0.10908036219690453,BND,0.05251615858045611,0.001119999885559082
2019-04-03,False,IVV,0.11761769574790693,GBF,0.049355272859612276,0.0008299994468688965
2019-04-04,False,SPY,0.1079119783520297,BND,0.047815374359405416,0.0008499979972839356
2019-04-05,False,IVV,0.11044925503607805,BND,0.04980395766137846,0.0008999991416931152
2019-04-08,False,SPY,0.10306491725030109,BND,0.046885180096382095,0.0009200000762939454
2019-04-09,False,SPY,0.08299760537051348,GBF,0.04790601594516675,0.0010500001907348634
2019-04-10,False,SPY,0.10157437804279956,BND,0.0522939567304741,0.0007999992370605469
2019-04-11,False,SPY,0.09896907842541647,BND,0.0526325658891833,0.0008699989318847656
2019-04-12,False,SPY,0.1058173892289771,BND,0.048731078248519744,0.0010500001907348634
2019-04-15,False,IVV,0.0956258681339408,BND,0.05291669110531094,0.0008699989318847656
2019-04-16,False,SPY,0.10493690324929039,BND,0.05027554642256682,0.001100001335144043
2019-04-17,False,SPY,0.10369765166674738,BND,0.0504105736789342,0.0007000017166137695
2019-04-18,False,SPY,0.0886368670408697,BND,0.050898247769178395,0.0005500006675720215
2019-04-22,False,SPY,0.08008965504044174,BND,0.05161534099912024,0.0007200002670288086
2019-04-23,False,SPY,0.0892764076278676,BND,0.05086736358090138,0.0009000015258789063
2019-04-24,False,SPY,0.07926630931420697,BND,0.05197913257497433,0.0007500004768371582
2019-04-25,False,SPY,0.07409884283343615,BND,0.052260594298694896,0.0006999993324279786
2019-04-26,False,SPY,0.0805249639643526,BND,0.05379116478692314,0.00034999847412109375
2019-04-29,False,IVV,0.09246682655136196,BND,0.05144430337728467,0.0004999995231628418
2019-04-30,False,IVV,0.09181590310829679,BND,0.05070934925989601,0.0006800007820129395
2019-05-01,False,SPY,0.083051269170209,BND,0.05077479683365782,0.0006299996376037597
2019-05-02,False,SPY,0.06699222431818641,BND,0.04910529918462703,0.00037999868392944334
2019-05-03,False,SPY,0.07394834129000616,BND,0.049981255052460316,0.00018000125885009766
2019-05-06,False,SPY,0.07190661144005972,BND,0.051416087395514065,0.00014999866485595703
2019-05-07,False,IVV,0.042634464181834364,BND,0.053786546302849736,0.0002500009536743164
2019-05-08,False,SPY,0.0393970299950388,BND,0.05233130153263077,0.0001699995994567871
2019-05-09,False,SPY,0.034167376671603744,BND,0.05283193869570035,0.00034999847412109375
2019-05-10,False,IVV,0.04277109422639169,BND,0.051893221302409476,0.0005999994277954101
2019-05-13,False,SPY,0.010593814478774277,BND,0.05369708188262168,0.0004199981689453125
2019-05-14,False,SPY,0.01834678903621767,BND,0.05269918344478275,0.0006499981880187988
2019-05-15,False,SPY,0.025045565021478033,BND,0.051695216483967465,-0.00015000104904174804
2019-05-16,False,IVV,0.03488830483072314,BND,0.048267900913948614,-0.00014999866485595703
2019-05-17,False,SPY,0.030210032199089687,BND,0.04639034574142187,-9.999990463256836e-05
2019-05-20,False,IVV,0.017024455122511384,BND,0.04403852620724935,-9.999990463256836e-05
2019-05-21,False,VOO,0.0298654320143521,BND,0.043391085945412966,-0.00039999961853027344
2019-05-22,False,SPY,0.02819913038856625,BND,0.04638600974653895,-0.0005500006675720215
2019-05-23,False,SPY,0.021825188446513488,BND,0.04932119785989286,-0.0005999994277954101
2019-05-24,False,SPY,0.03278244141837949,BND,0.04838716574555302,-0.0007999992370605469
2019-05-28,False,SPY,0.025227571586244002,BND,0.048575602957832587,-0.0004199981689453125
2019-05-29,False,SPY,0.0037914258015869784,BND,0.046725824494705304,-0.00029999971389770507
2019-05-30,False,SPY,0.002751642654056141,BND,0.04768826943264348,-0.00028000116348266604
2019-05-31,False,SPY,-0.017265923135137085,BND,0.0537604996115002,-0.0004200005531311035
2019-06-03,False,IVV,-0.01954695221626268,BND,0.05675280551099071,-0.0004999995231628418
2019-06-04,False,VOO,-0.00280757835039136,BND,0.05471355932792288,-0.00037999868392944334
2019-06-05,False,IVV,0.0020379951407425434,BND,0.056992866119757846,-0.000950000286102295
2019-06-06,False,VOO,0.008250609143132248,BND,0.0544571217413905,-0.0009299993515014648
2019-06-07,False,SPY,0.021665867688227758,BND,0.05473986544355647,-0.0011300015449523925
2019-06-10,False,SPY,0.014891253253150216,BND,0.049903974839400345,-0.0007999992370605469
2019-06-11,False,SPY,0.03455681662103416,BND,0.04702191949879975,-0.0015199995040893555
2019-06-12,False,IVV,0.033391602916515994,BND,0.04472692802341571,-0.00190000057220459
2019-06-13,False,SPY,0.03009390669852685,BND,0.04966743698116782,-0.002179999351501465
2019-06-14,False,VOO,0.0340235971905678,BND,0.05138286655672686,-0.0022799992561340333
2019-06-17,False,SPY,0.030850235074231236,BND,0.05270982614947184,-0.0026200008392333984
2019-06-18,False,IVV,0.03403984980059871,BND,0.053674278375422046,-0.002220001220703125
2019-06-19,False,IVV,0.024982154528929268,BND,0.05938291896668879,-0.0025
2019-06-20,False,IVV,0.0344476777999263,BND,0.058904801691674,-0.0029199981689453126
2019-06-21,False,IVV,0.031013838317169418,BND,0.0569034566881883,-0.0030499982833862307
2019-06-24,False,SPY,0.02746777982104609,BND,0.0586855299841762,-0.003249998092651367
2019-06-25,False,SPY,0.012490030085943848,BND,0.05866741082494076,-0.002799999713897705
2019-06-26,False,IVV,0.010675050508998085,BND,0.05744222876516769,-0.0026200008392333984
2019-06-27,False,SPY,0.019518232237135003,BND,0.06131273391790515,-0.002630000114440918
2019-06-28,False,SPY,0.021281213970158586,BND,0.060332199277674636,-0.00309999942779541
2019-07-01,False,IVV,0.030827567652044863,BND,0.05918674269676538,-0.0028799986839294434
2019-07-02,False,SPY,0.02657734522248023,BND,0.05896418316182328,-0.0015700006484985353
2019-07-03,False,SPY,0.03546324076363572,BND,0.06207905318969731,-0.0017799997329711913
2019-07-05,False,VOO,0.03341051299301889,BND,0.056700139447071196,-0.0016999983787536622
2019-07-08,False,SPY,0.03044953411547957,BND,0.05444956266041867,-0.0018700003623962403
2019-07-09,False,SPY,0.029706144097536136,BND,0.05199091680154577,-0.001700000762939453
2019-07-10,False,SPY,0.033735353178819594,BND,0.048018115123555916,-0.0020999979972839357
2019-07-11,False,IVV,0.026924405804872098,BND,0.04750962855139251,-0.0024199986457824705
2019-07-12,False,SPY,0.0338165413998226,BND,0.04932005605744427,-0.002450001239776611
2019-07-15,False,SPY,0.03479770355605716,BND,0.04860693546792394,-0.002799999713897705
2019-07-16,False,IVV,0.026471249664757446,BND,0.04760507043890971,-0.0026200008392333984
2019-07-17,False,SPY,0.01809711422106286,BND,0.04998711290968405,-0.0028200006484985353
2019-07-18,False,SPY,0.02130273266468663,BND,0.05031011035052635,-0.003519999980926514
2019-07-19,False,SPY,0.023321133316733134,BND,0.049564924651872344,-0.003619999885559082
2019-07-22,False,IVV,0.02782511466814852,BND,0.05083638649439148,-0.003529999256134033
2019-07-23,False,SPY,0.025369051314610536,BND,0.051529593531433715,-0.003399999141693115
2019-07-24,False,VOO,0.034270458465864406,BND,0.0507000116136449,-0.0033299994468688966
2019-07-25,False,VOO,0.04618339940802407,BND,0.04916604963615412,-0.00309999942779541
2019-07-26,False,SPY,0.05546884447763656,BND,0.04824796976692025,-0.00309999942779541
2019-07-29,False,IVV,0.05667234715907088,BND,0.049273917333398476,-0.0033299994468688966
2019-07-30,False,SPY,0.048880868854003445,BND,0.05112353161357719,-0.0035500001907348634
2019-07-31,False,VOO,0.06382598160796737,BND,0.05002349860649846,-0.0036299991607666015
2019-08-01,False,SPY,0.04542722992602677,BND,0.05793990541264793,-0.0036299991607666015
2019-08-02,False,SPY,0.03151335230063501,BND,0.057500089146059974,-0.004000000953674317
2019-08-05,False,SPY,-0.008688189185414696,BND,0.0641872004732218,-0.004399999380111695
2019-08-06,False,IVV,0.011314716226375365,BND,0.06805540835342638,-0.0038799989223480226
2019-08-07,False,VOO,0.019070608265369327,BND,0.07136441922048875,-0.004099999666213989
2019-08-08,False,SPY,0.029800131575732358,BND,0.07036945936698702,-0.004049999713897705
2019-08-09,False,VOO,0.025851058541628058,BND,0.06765506658797116,-0.004500000476837158
2019-08-12,False,VOO,0.025823970423102693,BND,0.07101436531820493,-0.004769999980926514
2019-08-13,False,SPY,0.039581677990657704,BND,0.06628575590064978,-0.004399999380111695
2019-08-14,False,VOO,0.017733640544537854,BND,0.0687465390396329,-0.004849998950958252
2019-08-15,False,SPY,0.027902599249538973,BND,0.07446953754261854,-0.0053700006008148195
2019-08-16,False,VOO,0.040180063914747155,BND,0.07078678917112091,-0.005720000267028808
2019-08-19,False,IVV,0.06698962308625678,BND,0.0679114433558543,-0.00534999966621399
2019-08-20,False,SPY,0.06166275852776848,BND,0.0716264379839151,-0.0048800003528594975
2019-08-21,False,SPY,0.04756162942264508,BND,0.06911739720907195,-0.004600000381469726
2019-08-22,False,SPY,0.038245336076190295,BND,0.06776370622170869,-0.004470000267028809
2019-08-23,False,SPY,0.005040314359973763,BND,0.07221295452355747,-0.004950000047683716
2019-08-26,False,SPY,0.006086262148503829,BND,0.06692067544644198,-0.004750000238418579
2019-08-27,False,SPY,-0.0024390680769010853,BND,0.07030211885933468,-0.004650000333786011
2019-08-28,False,IVV,0.004586033220422392,BND,0.06485774125713761,-0.0045799994468688964
2019-08-29,False,SPY,0.0194629701151392,BND,0.06291872377907293,-0.004500000476837158
2019-08-30,False,SPY,0.014822762968242031,BND,0.06253235961338022,-0.00472000002861023
2019-09-03,False,SPY,0.010005028551712813,BND,0.06154325396189497,-0.004680000543594361
2019-09-04,False,VOO,0.020735814281812592,BND,0.06301787510187729,-0.004649999141693115
2019-09-05,False,SPY,0.02349012022665975,BND,0.05830631835804989,-0.00408000111579895
2019-09-06,False,SPY,0.02197391886371891,BND,0.06375993303009575,-0.0041299998760223385
2019-09-09,False,SPY,0.012811514012067704,BND,0.05834365407847297,-0.004619998931884766
2019-09-10,False,SPY,0.014047681458156491,BND,0.05438977611027451,-0.004599999189376831
2019-09-11,False,SPY,0.022510615048163984,BND,0.05271713428084679,-0.0045699989795684815
2019-09-12,False,VOO,0.03617091777278336,BND,0.049929315228442794,-0.004749999046325683
2019-09-13,False,SPY,0.036561367261457756,BND,0.04494961303112399,-0.004650000333786011
2019-09-16,False,IVV,0.02966453165215377,BND,0.046153037625333626,-0.004199999570846558
2019-09-17,False,IVV,0.027006551990446992,BND,0.04710673040659685,-0.004249999523162842
2019-09-18,False,SPY,0.018399343343253882,BND,0.049674042069515645,-0.0048500001430511475
2019-09-19,False,IVV,0.015625393899878492,BND,0.05313436038876107,-0.004919999837875366
2019-09-20,False,IVV,0.002462953193858919,BND,0.056638297724188824,-0.005099998712539673
2019-09-23,False,SPY,0.0037763072041121504,BND,0.059230382238939505,-0.0053299999237060545
2019-09-24,False,VOO,0.0013204241113631277,BND,0.06287679934014201,-0.005000001192092896
2019-09-25,False,IVV,0.005482762061838509,BND,0.05640350501983549,-0.005199999809265137
2019-09-26,False,IVV,-0.0011098092651763425,BND,0.059212882306471926,-0.0060500001907348635
2019-09-27,False,SPY,-0.008505687759494118,BND,0.05850345329825224,-0.006600000858306885
2019-09-30,False,SPY,-0.008346861670945005,BND,0.05650513004532565,-0.0060500001907348635
2019-10-01,False,SPY,-0.020468337357915978,BND,0.05779441920489847,-0.006119999885559082
2019-10-02,False,SPY,-0.03465768234920419,BND,0.05782244654039026,-0.006249998807907105
2019-10-03,False,SPY,-0.02008096083070965,BND,0.0635585777787615,-0.0069499993324279785
2019-10-04,False,IVV,-0.010530896191989547,BND,0.06373599541466723,-0.007130000591278076
2019-10-07,False,IVV,-0.00920946505144693,BND,0.060915007645355956,-0.006899999380111694
2019-10-08,False,SPY,-0.026981167647736504,BND,0.06378577501938953,-0.0071799993515014645
2019-10-09,False,SPY,-0.024713983439052623,BND,0.06055694632241915,-0.007400000095367431
2019-10-10,False,SPY,-0.022710439189344567,BND,0.055991985065398486,-0.007299998998641968
2019-10-11,False,SPY,-0.007839405548799694,BND,0.05055393856332491,-0.0074500000476837155
2019-10-14,False,SPY,-0.015540350915170142,BND,0.05308312418463368,-0.007519998550415039
2019-10-15,False,SPY,-0.003979689618163418,BND,0.049295178901165526,-0.007519998550415039
2019-10-16,False,SPY,-0.0031322949956954504,BND,0.0505494237139863,-0.007549998760223389
2019-10-17,False,IVV,0.01058728653423513,BND,0.048348082210997845,-0.007249999046325684
2019-10-18,False,SPY,0.01528296401547391,BND,0.0482005078365737,-0.007279999256134033
2019-10-21,False,SPY,0.029920747013866045,BND,0.04416540987049844,-0.007249999046325684
2019-10-22,False,VOO,0.05771682393300659,BND,0.04757721565338402,-0.0072300004959106445
2019-10-23,False,SPY,0.04678548483318812,BND,0.04781816234753622,-0.007149999141693115
2019-10-24,False,SPY,0.047877176821632395,BND,0.0492348453052005,-0.006969999074935913
2019-10-25,False,SPY,0.031921589309841236,BND,0.04800584672758745,-0.007049999237060547
2019-10-28,False,IVV,0.044853337319423536,BND,0.04382893238235197,-0.007149999141693115
2019-10-29,False,IVV,0.05730570252543887,BND,0.040363430703230785,-0.007079999446868896
2019-10-30,False,SPY,0.0444183403667997,BND,0.04371303332031329,-0.006930000782012939
2019-10-31,False,IVV,0.07310272432390552,BND,0.04649424288847248,-0.008000000715255737
2019-11-01,False,SPY,0.0804629673342887,BND,0.04581960987504008,-0.008130000829696655
2019-11-04,False,IVV,0.06902957749384542,BND,0.04003859971220103,-0.00806999921798706
2019-11-05,False,IVV,0.0550779690826706,IEF,0.029221822079085635,-0.007749999761581421
2019-11-06,False,SPY,0.06352602901538429,IEF,0.027248056462179315,-0.007649999856948852
2019-11-07,False,SPY,0.05865343243277721,IEF,0.02277753348071343,-0.007770000696182251
2019-11-08,False,SPY,0.06159092159096913,IEF,0.02138785457804082,-0.0077500009536743165
2019-11-11,False,SPY,0.0874982250605798,IEF,0.022687633032051124,-0.007420001029968262
2019-11-12,False,SPY,0.07787142496006005,IEF,0.01912368709154766,-0.006819999217987061
2019-11-13,False,SPY,0.08246776587777194,IEF,0.026969305809333433,-0.006850000619888306
2019-11-14,False,SPY,0.07646331850223964,IEF,0.03216404222766189,-0.006850000619888306
2019-11-15,False,SPY,0.07057864287596494,IEF,0.028679547180039178,-0.006369999647140503
2019-11-18,False,IVV,0.07147013452648321,IEF,0.027890410209749472,-0.006170001029968262
2019-11-19,False,VOO,0.07758403409623416,IEF,0.02907495140563876,-0.006000000238418579
2019-11-20,False,SPY,0.061777677214404525,IEF,0.03304507488606401,-0.006180000305175781
2019-11-21,False,SPY,0.04661486768821144,IEF,0.028486332173740303,-0.006380000114440918
2019-11-22,False,SPY,0.048132711867749034,IEF,0.025493284569042096,-0.005820000171661377
2019-11-25,False,IVV,0.05563259808992904,IEF,0.024272871924181816,-0.00533000111579895
2019-11-26,False,IVV,0.05781400393686753,IEF,0.03041387839779941,-0.004900000095367432
2019-11-27,False,IVV,0.05527234394194758,IEF,0.02419185118118472,-0.004930000305175781
2019-11-29,False,IVV,0.047983792710347695,IEF,0.02178591734791402,-0.005429999828338623
2019-12-02,False,SPY,0.03981925898112326,IEF,0.022296013365057155,-0.005549999475479126
2019-12-03,False,IVV,0.03579376191496708,IEF,0.028317970163210804,-0.005470000505447388
2019-12-04,False,IVV,0.03970327062720136,IEF,0.023903914246605762,-0.0053700006008148195
2019-12-05,False,SPY,0.041052367936418976,IEF,0.02280309380398471,-0.005720000267028808
2019-12-06,False,IVV,0.05056571704000601,IEF,0.01606668733278216,-0.006679999828338623
2019-12-09,False,SPY,0.05229959851331922,IEF,0.014954182514891112,-0.006520000696182251
2019-12-10,False,SPY,0.05137297651406758,IEF,0.020241546347872008,-0.006480001211166382
2019-12-11,False,SPY,0.0626965216241826,IEF,0.025501784378960668,-0.006579999923706055
2019-12-12,False,SPY,0.06555343491429522,IEF,0.018050957186020566,-0.006649999618530273
2019-12-13,False,VOO,0.06836779364427414,IEF,0.02347755940012508,-0.006070001125335693
2019-12-16,False,SPY,0.08158445214443577,IEF,0.023740277479708416,-0.005730000734329224
2019-12-17,False,IVV,0.0766580619605084,IEF,0.022705956496175128,-0.00559999942779541
2019-12-18,False,SPY,0.08985855117932662,IEF,0.017786079871379812,-0.005670000314712525
2019-12-19,False,SPY,0.11400374439661176,IEF,0.020822745527003805,-0.005699999332427978
2019-12-20,False,SPY,0.10979567623258779,IEF,0.016070330710835856,-0.005449999570846558
2019-12-23,False,SPY,0.09665147451825828,IEF,0.012653492323610571,-0.004930000305175781
2019-12-24,False,SPY,0.10143774428633234,IEF,0.016250323785451215,-0.004750000238418579
2019-12-26,False,SPY,0.12476299601964302,IEF,0.017259082443300544,-0.004900001287460327
2019-12-27,False,SPY,0.11390611931897943,IEF,0.020406759719075573,-0.005149999856948853
2019-12-30,False,SPY,0.10032282516119673,IEF,0.018273310951458788,-0.005499999523162841
2019-12-31,False,SPY,0.09167794920831773,IEF,0.016352206455530816,-0.005549999475479126
2020-01-02,False,VOO,0.1029356229518672,IEF,0.021241588204022666,-0.005679999589920044
2020-01-03,False,SPY,0.08403089850264589,IEF,0.027128312662063614,-0.0057699990272521975
2020-01-06,False,SPY,0.08991646924592556,IEF,0.025554382857007063,-0.0055199992656707764
2020-01-07,False,SPY,0.08365644642044301,IEF,0.021470489084038702,-0.005299999713897705
2020-01-08,False,SPY,0.09422146511499396,IEF,0.007652648169048204,-0.005369999408721924
2020-01-09,False,IVV,0.09414981295006775,IEF,0.006292997498176911,-0.005
2020-01-10,False,SPY,0.09464997371322581,IEF,-0.00016668756165483245,-0.004549999237060547
2020-01-13,False,VOO,0.09896816170982703,IEF,-0.002935997707196547,-0.0048500001430511475
2020-01-14,False,SPY,0.09551510984276468,IEF,-0.0009623341204110236,-0.004380000829696655
2020-01-15,False,SPY,0.0935128768130622,IEF,0.0014609438745747383,-0.0046200001239776614
2020-01-16,False,VOO,0.09636959475774787,IEF,0.0009128524887944689,-0.004320000410079956
2020-01-17,False,SPY,0.10016846750502251,IEF,-0.006189039076566427,-0.004049999713897705
2020-01-21,False,SPY,0.09465618349703697,IEF,0.0012900268609350451,-0.004520000219345093
2020-01-22,False,SPY,0.09771237258739118,IEF,-0.005167354534312385,-0.003949999809265137
2020-01-23,False,SPY,0.08888400531291074,IEF,-0.008978828875151446,-0.0032800006866455077
2020-01-24,False,SPY,0.07488197825298948,IEF,-0.002814305858525157,-0.0033299994468688966
2020-01-27,False,SPY,0.05882325864744575,IEF,0.008720313933076262,-0.0034800004959106446
2020-01-28,False,SPY,0.06967503960079946,IEF,0.0009084192775714595,-0.0037000000476837156
2020-01-29,False,SPY,0.06504564807078972,IEF,0.008362701950689333,-0.004079999923706054
2020-01-30,False,SPY,0.06587374705580729,IEF,0.011573513572417538,-0.004099999666213989
2020-01-31,False,SPY,0.04852222474599244,IEF,0.009864305359164494,-0.003999999761581421
2020-02-03,False,SPY,0.05408934675007715,IEF,0.009980729535447708,-0.004149999618530274
2020-02-04,False,SPY,0.06980848998323186,IEF,-0.0001873512286226786,-0.004049999713897705
2020-02-05,False,SPY,0.08058963180660883,IEF,-0.004866350707014133,-0.0042000007629394535
2020-02-06,False,SPY,0.07643644586549381,IEF,-0.002237387552936232,-0.004100000858306885
2020-02-07,False,SPY,0.06991015288135527,IEF,0.00227823443101971,-0.004149999618530274
2020-02-10,False,SPY,0.07820797643199984,IEF,0.0020245858350997903,-0.0038999998569488525
2020-02-11,False,SPY,0.08410847863881687,IEF,-0.0019347448644253529,-0.003669999837875366
2020-02-12,False,SPY,0.0928512131303898,IEF,0.003590742952565673,-0.0038499999046325683
2020-02-13,False,SPY,0.08926291468843672,IEF,0.0038592613955643618,-0.0036500000953674314
2020-02-14,False,SPY,0.08261751428919939,IEF,0.012596560471134,-0.0037300002574920652
2020-02-18,False,SPY,0.07738651904392224,IEF,0.021639022537020658,-0.0037800002098083495
2020-02-19,False,SPY,0.0777338153217777,IEF,0.022464204360741924,-0.0037000000476837156
2020-02-20,False,SPY,0.07730166571022723,IEF,0.0277367827490691,-0.003569999933242798
2020-02-21,False,SPY,0.07534171017712277,BND,0.04125857162198776,-0.0038199996948242187
2020-02-24,False,SPY,0.04669742908046137,BND,0.04178364139099244,-0.004420000314712525
2020-02-25,False,SPY,0.00875583652085532,BND,0.040264261953036895,-0.004479999542236328
2020-02-26,False,VOO,0.0028476234224839025,BND,0.03891549558126539,-0.004019999504089355
2020-02-27,False,IVV,-0.050558711492372455,BND,0.03863519336455368,-0.0048800003528594975
2020-02-28,False,IVV,-0.056657924387409686,BND,0.041778239985172716,-0.006200000047683716
2020-03-02,False,VOO,-0.009700883979517738,BND,0.04035132035809075,-0.007100000381469727
2020-03-03,False,SPY,-0.04040402667782772,BND,0.04301286414521743,-0.009620000123977662
2020-03-04,False,SPY,-0.008614317758884549,BND,0.04773071059185807,-0.011700000166893005
2020-03-05,False,SPY,-0.04214375928161995,BND,0.049956553168676976,-0.011749999523162842
2020-03-06,False,VOO,-0.06468878188339544,BND,0.05603985529471078,-0.013150000274181365
2020-03-09,False,IVV,-0.13950230666137553,BND,0.05300963126359659,-0.014399999678134918
2020-03-10,False,IVV,-0.09337134908655453,BND,0.03784240268064121,-0.013630000352859497
2020-03-11,False,VOO,-0.1413574973441999,BND,0.015896974090313876,-0.01367000013589859
2020-03-12,True,VOO,-0.2283297401671811,BND,-0.042524349844563325,-0.013919999599456787
2020-03-13,True,SPY,-0.16157164446700711,BND,-0.003762195974532756,-0.014119999706745148
2020-03-16,True,VOO,-0.2560100049691717,BND,0.00932306184335463,-0.01487999975681305
2020-03-17,True,SPY,-0.2171922754168516,GBF,-0.012782975020947163,-0.014899999648332597
2020-03-18,True,SPY,-0.25664379655357894,BND,-0.03473244181841906,-0.016250000209547578
2020-03-19,True,SPY,-0.25093432345305167,BND,-0.03235724784293048,-0.016610000170767306
2020-03-20,False,SPY,-0.284951414530331,BND,-0.012322885650031812,-0.016560000255703925
2020-03-23,False,VOO,-0.3122815620884811,GBF,0.0063777278412735505,-0.016580000296235086
2020-03-24,False,SPY,-0.241401442006295,BND,0.011597693867298586,-0.016510000303387642
2020-03-25,False,VOO,-0.23428980458296267,GBF,0.023889268481344317,-0.016850000098347664
2020-03-26,False,VOO,-0.18602568316870638,BND,0.028783160079161263,-0.017299999967217445
2020-03-27,False,VOO,-0.21508026441595318,BND,0.03381972286344692,-0.0168299999833107
2020-03-30,False,VOO,-0.19526006576273935,GBF,0.03717278770527943,-0.01611999999731779
2020-03-31,False,IVV,-0.2051750657352357,BND,0.025900546657419588,-0.015850000102072954
2020-04-01,False,IVV,-0.24613310369795005,BND,0.030710923259654965,-0.015520000085234641
2020-04-02,False,IVV,-0.22725082911607142,BND,0.0354034513664272,-0.015580000281333923
2020-04-03,False,VOO,-0.24018946292133925,BND,0.03664690117108038,-0.0156700000166893
2020-04-06,False,IVV,-0.1953507062515769,BND,0.042135674152520286,-0.015450000204145909
2020-04-07,False,IVV,-0.1976728875194601,BND,0.042853717481630804,-0.014670000225305558
2020-04-08,False,VOO,-0.1685684198898858,BND,0.04215682422944478,-0.014100000262260437
2020-04-09,False,VOO,-0.15644723812804062,BND,0.04861124829666719,-0.012880000323057174
2020-04-13,False,VOO,-0.16545194739672908,BND,0.04618554804173747,-0.012850000113248826
2020-04-14,False,IVV,-0.13207577854115415,GBF,0.04894452809534444,-0.01338000014424324
2020-04-15,False,VOO,-0.13723986854101433,BND,0.05799988576996906,-0.014030000045895576
2020-04-16,False,VOO,-0.1421724141767916,BND,0.056332126649631276,-0.014049999862909317
2020-04-17,False,IVV,-0.11800714873645535,BND,0.06032099642199862,-0.01415000006556511
2020-04-20,False,IVV,-0.1363158462445958,BND,0.05964129357219483,-0.014399999901652336
2020-04-21,False,IVV,-0.14745732388421895,BND,0.06033886453125148,-0.014150000140070916
2020-04-22,False,VOO,-0.1348577475318835,BND,0.0588570913444888,-0.014399999901652336
2020-04-23,False,VOO,-0.148153887936044,BND,0.05864999898869527,-0.014419999644160271
2020-04-24,False,VOO,-0.14545923816743456,BND,0.055258846153885655,-0.014279999956488609
2020-04-27,False,VOO,-0.1360457452853997,BND,0.051899336547471364,-0.014349999949336051
2020-04-28,False,IVV,-0.13577223703187102,BND,0.053525792210731726,-0.014380000010132789
2020-04-29,False,IVV,-0.11970462502712476,BND,0.05311949738359245,-0.014349999725818635
2020-04-30,False,IVV,-0.13019728201324288,BND,0.04940668236504586,-0.01429999977350235
2020-05-01,False,IVV,-0.15838787139144905,BND,0.050718771930508444,-0.014369999691843986
2020-05-04,False,VOO,-0.1546243554373503,BND,0.051177847934268605,-0.014529999792575837
2020-05-05,False,VOO,-0.1482698516200801,BND,0.049218263469282375,-0.014349999576807023
2020-05-06,False,VOO,-0.15167713670035265,BND,0.04279997268123825,-0.014570000544190408
2020-05-07,False,VOO,-0.145757656798863,BND,0.047772196829659164,-0.014700000584125518
2020-05-08,False,VOO,-0.1280537796464466,BND,0.044768642781046086,-0.014449999630451203
2020-05-11,False,VOO,-0.11879028288421678,BND,0.04425514693041421,-0.014329999908804894
2020-05-12,False,IVV,-0.1067189227298706,GBF,0.04180933905753226,-0.014149999842047692
2020-05-13,False,VOO,-0.09530643102969205,BND,0.04534413154316841,-0.01383000023663044
2020-05-14,False,IVV,-0.0805293357015272,BND,0.04934788307202331,-0.013880000337958337
2020-05-15,False,VOO,-0.03334140560655341,BND,0.05132463593807657,-0.01377000018954277
2020-05-18,False,SPY,0.0016020533484206734,BND,0.04914944169453328,-0.01393000029027462
2020-05-19,False,IVV,-0.0501747200644127,BND,0.05122392202413151,-0.013969999849796294
2020-05-20,False,VOO,-0.006734137061940038,BND,0.05048818824191681,-0.01401999980211258
2020-05-21,False,IVV,-0.05428645623736694,BND,0.05658757936288539,-0.01419999971985817
2020-05-22,False,VOO,-0.01808606073689001,BND,0.052178842183378205,-0.01413000002503395
2020-05-26,False,IVV,0.011217895659811683,BND,0.05445906788934218,-0.014069999754428863
2020-05-27,False,VOO,0.11205406263083728,BND,0.05481527326145352,-0.013949999660253525
2020-05-28,False,VOO,0.0556842460292557,BND,0.05655989581728593,-0.013800000101327895
2020-05-29,False,IVV,0.11479340895287904,BND,0.058815729502428304,-0.014049999862909317
2020-06-01,False,SPY,0.2387517413307827,BND,0.05770659161933378,-0.013999999910593032
2020-06-02,False,VOO,0.14391843796104387,BND,0.05922117369026103,-0.013749999850988388
2020-06-03,False,SPY,0.30921692441198023,BND,0.05579810049412437,-0.013899999856948852
2020-06-04,False,VOO,0.22934537328264804,BND,0.05226080826735391,-0.013949999660253525
2020-06-05,False,VOO,0.33368156126436976,BND,0.05063677008535428,-0.013730000108480453
2020-06-08,False,IVV,0.34856083014799233,BND,0.05209556810097293,-0.013370000123977661
2020-06-09,False,VOO,0.4001134055552005,BND,0.05394713663881423,-0.013399999886751175
2020-06-10,False,SPY,0.4308139703190259,BND,0.05701864177848592,-0.013299999982118607
2020-06-11,False,IVV,0.23425919303879872,BND,0.051337476771047275,-0.013200000524520875
2020-06-12,False,SPY,0.23266768003978844,BND,0.0536665634460296,-0.013380000293254852
2020-06-15,False,IVV,0.1745343420707297,BND,0.05670651718312114,-0.01344999998807907
2020-06-16,False,SPY,0.23494560994560998,BND,0.05701864177848592,-0.013330000340938569
2020-06-17,False,SPY,0.19113369898482557,BND,0.056001718915243526,-0.01334999993443489
2020-06-18,False,SPY,0.2096217802807634,BND,0.05544612492073342,-0.013580000251531601
2020-06-19,False,SPY,0.2593871683574114,BND,0.05643264356210809,-0.013669999837875367
2020-06-22,False,SPY,0.23887908744176944,BND,0.054569469924195646,-0.01389999970793724
2020-06-23,False,SPY,0.26283578471236346,BND,0.05246617427918676,-0.01368000015616417
2020-06-24,False,VOO,0.15299978928730207,BND,0.05321057329286605,-0.013830000013113021
2020-06-25,False,SPY,0.16434403509201156,BND,0.054413348036614684,-0.013930000066757202
2020-06-26,False,IVV,0.0995952529464954,BND,0.053705944195769684,-0.013700000196695327
2020-06-29,False,SPY,0.09920846825019769,BND,0.05355064134328713,-0.013880000114440919
2020-06-30,False,SPY,0.1235469136566969,BND,0.05275964844065184,-0.013799999803304673
2020-07-01,False,SPY,0.09900460798025335,BND,0.051409910448317,-0.013600000143051148
2020-07-02,False,SPY,0.12904679232852612,BND,0.04961684598566407,-0.013719999939203262
2020-07-06,False,SPY,0.14097138157967537,BND,0.051111947830733584,-0.014019999653100967
2020-07-07,False,VOO,0.09911712788243343,BND,0.04981508950272673,-0.013799999803304673
2020-07-08,False,VOO,0.1275958041931604,BND,0.04897600202296082,-0.01392999991774559
2020-07-09,False,SPY,0.15647341106522572,BND,0.049118020009359276,-0.013869999870657922
2020-07-10,False,SPY,0.14291455947003895,BND,0.04888054192295277,-0.013980000093579293
2020-07-13,False,SPY,0.13310004196541692,BND,0.05256475637197866,-0.014129999876022339
2020-07-14,False,SPY,0.13200461914993844,BND,0.0556098310229769,-0.013869999796152116
2020-07-15,False,IVV,0.1259929815321723,BND,0.05473446167979934,-0.014049999713897705
2020-07-16,False,SPY,0.1276436553693565,BND,0.0522275852788574,-0.01415000006556511
2020-07-17,False,SPY,0.10206296744174193,BND,0.051689451865879255,-0.014149999842047692
2020-07-20,False,SPY,0.12141016555753592,BND,0.05448496562786942,-0.014329999908804894
2020-07-21,False,SPY,0.15435575127771495,BND,0.05631743973323777,-0.014249999672174454
2020-07-22,False,SPY,0.1577328474454769,BND,0.05674872089898564,-0.014449999555945397
2020-07-23,False,SPY,0.13344696748929308,BND,0.056580688402750656,-0.014319999665021897
2020-07-24,False,SPY,0.13383302065699887,BND,0.05473584294403211,-0.014369999691843986
2020-07-27,False,SPY,0.1284846688810135,BND,0.05414926667699804,-0.014499999806284905
2020-07-28,False,SPY,0.10307550882495442,BND,0.052035091350705276,-0.014349999874830245
2020-07-29,False,SPY,0.11641261489410692,BND,0.05110817498930609,-0.014280000030994415
2020-07-30,False,SPY,0.13505276070001293,BND,0.048397215657428605,-0.014180000200867652
2020-07-31,False,SPY,0.16461977257433635,BND,0.04895249415397673,-0.014070000126957893
2020-08-03,False,SPY,0.15884788593869992,BND,0.04919778521864138,-0.014000000432133675
2020-08-04,False,SPY,0.15800049973309704,BND,0.050210518806807825,-0.01304999977350235
2020-08-05,False,SPY,0.13075088447591154,BND,0.04191095234697095,-0.011350000202655792
2020-08-06,False,VOO,0.14999590277531838,BND,0.0442315395319719,-0.01046999990940094
2020-08-07,False,SPY,0.13172247002544601,BND,0.03683359299184508,-0.008299999833106995
2020-08-10,False,SPY,0.1429961219278839,BND,0.03591191025272389,-0.005870000123977661
2020-08-11,False,SPY,0.13141238589151572,BND,0.028415395618910377,-0.004950000271201134
2020-08-12,False,VOO,0.13311398527703266,IEF,0.015152810976166498,-0.0031499999016523362
2020-08-13,False,SPY,0.11459219983130575,IEF,0.004059681543262306,-0.0024000000953674316
2020-08-14,False,SPY,0.11668528472754858,IEF,0.02334142382747828,-0.0030199998617172243
2020-08-17,False,SPY,0.11526345548046635,IEF,0.03535862167315984,-0.0028299999982118605
2020-08-18,False,SPY,0.11317381830363193,IEF,0.03661949228824879,-0.0017300000041723252
2020-08-19,False,SPY,0.09943548236448341,IEF,0.042051325096564396,-0.0014800000190734863
2020-08-20,False,IVV,0.08831920340165067,IEF,0.01815210072518525,-0.0009700000286102295
2020-08-21,False,SPY,0.09511123113274977,IEF,0.04510682330583937,-0.0007700000703334809
2020-08-24,False,SPY,0.07856556823728567,IEF,0.0583424024246193,0.0008200000086799264
2020-08-25,False,SPY,0.06941303157664724,IEF,0.0523721133766224,0.0012299999967217445
2020-08-26,False,VOO,0.08822116825105075,IEF,0.02580437762400134,0.0012600000202655792
2020-08-27,False,SPY,0.09674853445441256,IEF,0.010221460631631984,0.0013499999791383743
2020-08-28,False,SPY,0.1713610785875177,IEF,0.01881903226992887,0.0012799999862909317
2020-08-31,False,SPY,0.15330571940503712,IEF,0.019314427273776857,0.0016499999910593033
2020-09-01,False,SPY,0.1534006375182746,IEF,0.0201860367913147,0.0020499999821186068
2020-09-02,False,SPY,0.1479878714901579,IEF,0.01409402994234732,0.0015799999982118607
2020-09-03,False,SPY,0.11310334452480153,IEF,0.013079124944682219,0.0008700000122189522
2020-09-04,False,SPY,0.1035908247468158,IEF,0.005615211418239285,0.0007300000078976155
2020-09-08,False,SPY,0.07960738254400024,IEF,0.0036813796080017447,0.00045000001788139346
2020-09-09,False,IVV,0.09373559791134656,IEF,0.0030220114441406043,0.00039999999105930326
2020-09-10,False,SPY,0.0699888707966716,IEF,0.003517371692514315,0.00045000001788139346
2020-09-11,False,IVV,0.0985262912068956,IEF,0.009635988596540468,0.00043000001460313797
2020-09-14,False,SPY,0.10122011923341945,IEF,0.013233480486025906,-0.0002800000458955765
2020-09-15,False,SPY,0.13371106594651705,IEF,0.013993329314363923,-0.0008500000089406968
2020-09-16,False,SPY,0.11285553004441651,IEF,0.011232526029272938,-0.0010999999195337295
2020-09-17,False,VOO,0.08876973703118596,IEF,0.013743587874840868,-0.0011500000208616258
2020-09-18,False,VOO,0.06878827544560151,IEF,0.01148705601837241,-0.000820000097155571
2020-09-21,False,SPY,0.05140079941408371,IEF,0.0043410840309303644,-0.0003500000387430191
2020-09-22,False,SPY,0.04596180624830115,IEF,0.0032714280160539566,-0.00021999999880790712
2020-09-23,False,SPY,0.03235208033222503,IEF,0.0059086943341941645,-0.00015000000596046448
2020-09-24,False,SPY,0.02724723719940103,IEF,0.003765237416597289,0.00023000001907348634
2020-09-25,False,IVV,0.049597135036492546,IEF,0.0017979959244704968,-7.999993860721588e-05
2020-09-28,False,IVV,0.056392934298012065,IEF,0.0047526522582805875,-5.000002682209015e-05
2020-09-29,False,SPY,0.059904849938667626,IEF,0.004834917133745176,-8.000001311302185e-05
2020-09-30,False,SPY,0.054278830210715334,IEF,0.001874195633451814,-0.00015000000596046448
2020-10-01,False,SPY,0.0513879424495598,IEF,0.007805424721864851,-0.0001000000536441803
2020-10-02,False,SPY,0.044846606636668396,IEF,0.002439229477220861,0.0
2020-10-05,False,IVV,0.06024611736630092,IEF,-0.0034136189540047157,-5.000002682209015e-05
2020-10-06,False,IVV,0.03662369023933176,IEF,0.0012747662067904564,-2.0000040531158448e-05
2020-10-07,False,VOO,0.05258812041833316,IEF,-0.0029948224057556594,-5.000002682209015e-05
2020-10-08,False,VOO,0.05589239582418193,IEF,-0.0013439680199522908,-2.0000040531158448e-05
2020-10-09,False,VOO,0.07817669304090624,IEF,-0.0011006026903047639,-0.00016999997198581694
2020-10-12,False,VOO,0.10270721417046902,IEF,0.0036860923257464595,-0.00017999999225139617
2020-10-13,False,SPY,0.08759216858594732,IEF,-0.00018173318046887932,-1.9999966025352477e-05
2020-10-14,False,SPY,0.08765666276694906,IEF,0.0034391500412538356,5.000002682209015e-05
2020-10-15,False,SPY,0.07311448715450553,IEF,0.00517732108338631,-9.999997913837433e-05
2020-10-16,False,IVV,0.07616448778559204,IEF,0.0012923306904832899,-0.00032999999821186065
2020-10-19,False,VOO,0.05134761897037432,IEF,-0.0024103701432149904,-0.0002499999850988388
2020-10-20,False,IVV,0.048546249469124225,IEF,-0.006102665830147291,-9.999997913837433e-05
2020-10-21,False,SPY,0.04254379258535357,IEF,-0.0067686683896989175,-0.00012999996542930602
2020-10-22,False,SPY,0.041791956955603116,IEF,-0.004101733176985922,-0.00019999995827674866
2020-10-23,False,IVV,0.03820715774580674,IEF,-0.005483214196939312,-0.0003500000387430191
2020-10-26,False,IVV,0.018417935212517555,IEF,-0.003085703912915183,-0.0003800000250339508
2020-10-27,False,IVV,0.011907154911024564,IEF,-0.0015126106444475207,-0.00019999995827674866
2020-10-28,False,VOO,-0.014715374473763143,IEF,-0.0034790126247615794,-0.00019999995827674866
2020-10-29,False,SPY,-0.018193133171965803,IEF,-0.005068619279382736,-0.0003500000387430191
2020-10-30,True,VOO,-0.0271779271561593,IEF,-0.00910546247643873,-0.000520000085234642
2020-11-02,True,VOO,-0.015853825792670362,IEF,-0.006505974732620823,-0.0005499999970197678
2020-11-03,True,VOO,-0.0017202461125667146,IEF,-0.011907861335506476,-0.0003800000250339508
2020-11-04,True,IVV,0.018518433791166133,IEF,-0.003193010920876538,-0.0004500000923871994
2020-11-05,False,IVV,0.042664146134223424,IEF,-0.0017182734629704877,-0.000599999949336052
2020-11-06,False,SPY,0.03926238397714488,IEF,0.0008241115471947502,-0.000650000050663948
2020-11-09,False,SPY,0.048601766728417095,IEF,-0.002606327417757015,-0.0005200000107288361
2020-11-10,False,SPY,0.03656009171246066,IEF,-0.0004591362218249184,-0.0005499999225139618
2020-11-11,False,VOO,0.0405654561947264,IEF,4.7274491386417594e-05,-0.0006299999356269837
2020-11-12,False,SPY,0.020294690692685524,IEF,0.0021460116190985534,-0.0008000000566244126
2020-11-13,False,IVV,0.03205824212500619,IEF,-0.006618369524656331,-0.000820000097155571
2020-11-16,False,VOO,0.03808670584402418,IEF,-0.010872289709624727,-0.0007799999415874482
2020-11-17,False,SPY,0.03651073041200403,IEF,-0.006108718966778559,-0.0007000000774860382
2020-11-18,False,SPY,0.014481462398729716,IEF,-0.005620306023765065,-0.0007999999821186065
2020-11-19,False,IVV,0.003984178039099451,IEF,-0.002488766264896358,-0.0009999999776482583
2020-11-20,False,SPY,0.03289742961299158,IEF,-0.0023130876851952253,-0.0010700000822544099
2020-11-23,False,SPY,0.0476424019891335,IEF,-0.006512668554837564,-0.0007000000029802323
2020-11-24,False,IVV,0.09424172403209963,IEF,-0.008409115548052348,-0.0006300000846385955
2020-11-25,False,SPY,0.07157870427797364,IEF,-0.00718025068231265,-0.0006000000238418579
2020-11-27,False,SPY,0.09355098358935998,IEF,-0.0038758923303278126,-0.0006700000166893006
2020-11-30,False,SPY,0.0881558949288972,IEF,-0.006420083172897995,-0.0006000000238418579
2020-12-01,False,SPY,0.08575641868542894,IEF,-0.011868310488432399,-0.0004999999701976776
2020-12-02,False,IVV,0.08256746857165798,IEF,-0.01618848793982508,-0.0005799999833106995
2020-12-03,False,SPY,0.08658826442921974,IEF,-0.014523112080578549,-0.0004999999701976776
2020-12-04,False,IVV,0.10550698396971114,IEF,-0.01661765481452504,-0.0006000000238418579
2020-12-07,False,SPY,0.1162559272531607,IEF,-0.012026820684829742,-0.000599999949336052
2020-12-08,False,SPY,0.13212224879467427,IEF,-0.012254516538121929,-0.0006499999761581421
2020-12-09,False,SPY,0.11065699632549686,IEF,-0.012195349406923794,-0.0005800000578165054
2020-12-10,False,SPY,0.13665401026968982,IEF,-0.013132978292594522,-0.0007000000029802323
2020-12-11,False,VOO,0.13227702427224042,IEF,-0.00961465736551459,-0.0007000000774860382
2020-12-14,False,SPY,0.10929953408463855,IEF,-0.013351892796623521,-0.0006300000473856926
2020-12-15,False,SPY,0.10592786011667243,IEF,-0.012397367145367544,-0.0004999999701976776
2020-12-16,False,SPY,0.11372877367047507,IEF,-0.014271685725666061,-0.0004999999701976776
2020-12-17,False,SPY,0.11152911246109487,IEF,-0.014906988235990348,-0.0005300000309944152
2020-12-18,False,SPY,0.10002864209492524,IEF,-0.01540700026107722,-0.00045000001788139346
2020-12-21,False,SPY,0.10660218080206896,IEF,-0.01547479123146489,-0.0002499999850988388
2020-12-22,False,SPY,0.08548788351701853,IEF,-0.013587775575171435,-0.0002699999511241913
2020-12-23,False,SPY,0.10213142384496132,IEF,-0.01628939842684085,-0.00029999993741512297
2020-12-24,False,SPY,0.08748935517934386,IEF,-0.015939152257260947,-0.0003499999642372131
2020-12-28,False,SPY,0.08719639428469805,IEF,-0.016179313420705554,-0.00020000003278255462
2020-12-29,False,SPY,0.07551799008626348,IEF,-0.017307475373866343,-0.00012999996542930602
2020-12-30,False,SPY,0.05999950413784161,IEF,-0.016168691706069716,-0.0002799999713897705
2020-12-31,False,SPY,0.07238354173254824,IEF,-0.013981158880805422,-0.0002800000458955765
2021-01-04,False,SPY,0.06447269934008237,IEF,-0.016070050460476826,-0.0003499999642372131
2021-01-05,False,SPY,0.07313049452027909,IEF,-0.01964752073211684,-0.00012000001966953277
2021-01-06,False,SPY,0.08019890363469839,IEF,-0.02673042269208148,-6.999999284744263e-05
2021-01-07,False,SPY,0.11317180101343527,IEF,-0.030402134539260994,-2.9999986290931703e-05
2021-01-08,False,SPY,0.11504783338696511,IEF,-0.03270944087290906,1.9999966025352477e-05
2021-01-11,False,SPY,0.10963217207167486,IEF,-0.03788594339577178,-0.0001000000536441803
2021-01-12,False,SPY,0.1038116281867969,IEF,-0.034832965314842035,-0.00015000000596046448
2021-01-13,False,SPY,0.10303925303989647,IEF,-0.03258409405413598,-8.000001311302185e-05
2021-01-14,False,SPY,0.11987149951121179,IEF,-0.03274197101309384,-0.00012999996542930602
2021-01-15,False,SPY,0.11555041105872776,IEF,-0.02909157858285949,-0.00012999996542930602
2021-01-19,False,SPY,0.16409732970770619,IEF,-0.025173081180950074,-0.00027000002562999726
2021-01-20,False,VOO,0.16832998857228842,IEF,-0.02187470667328184,-0.0002499999850988388
2021-01-21,False,SPY,0.18171685546628913,IEF,-0.021265630844685912,-0.00017000004649162293
2021-01-22,False,SPY,0.1644823105234603,IEF,-0.020261563370546742,-0.00017999999225139617
2021-01-25,False,SPY,0.1487919719196813,IEF,-0.017913313536720987,-0.00015000000596046448
2021-01-26,False,SPY,0.12192440904945512,IEF,-0.019935550508160538,-0.0003199999779462814
2021-01-27,False,SPY,0.07356671347894395,IEF,-0.01749263618115049,-0.00035000000149011613
2021-01-28,False,SPY,0.08304690141560966,IEF,-0.02285907362280215,-0.00032999999821186065
2021-01-29,False,SPY,0.04819333752859989,IEF,-0.025304545918083843,-0.00039999999105930326
2021-02-01,False,VOO,0.06714190485773397,IEF,-0.022727436972448722,-0.00037000000476837156
2021-02-02,False,SPY,0.07431629217312441,IEF,-0.02287328240677866,-0.00044999998062849044
2021-02-03,False,SPY,0.08569330570913825,IEF,-0.02486585612320813,-0.0005300000309944152
2021-02-04,False,SPY,0.08303864352438906,IEF,-0.021736636258580577,-0.0006499999947845936
2021-02-05,False,SPY,0.07389639097454181,IEF,-0.025416673961319525,-0.0007199999876320362
2021-02-08,False,SPY,0.087501077386962,IEF,-0.026046381229187565,-0.0007499999925494194
2021-02-09,False,SPY,0.10001542100148542,IEF,-0.02848693790719914,-0.0006700000166893006
2021-02-10,False,SPY,0.09492648372844248,IEF,-0.027373941866250195,-0.000650000013411045
2021-02-11,False,SPY,0.1042562788776924,IEF,-0.029386728825778086,-0.000650000013411045
2021-02-12,False,SPY,0.10309862605401077,IEF,-0.02717462560567896,-0.0006799999997019767
2021-02-16,False,SPY,0.08466532985439024,IEF,-0.036257402622902446,-0.000730000026524067
2021-02-17,False,SPY,0.08658976587114675,IEF,-0.035122794589580675,-0.0006999999657273292
2021-02-18,False,SPY,0.078960289428323,IEF,-0.036392979671114545,-0.000800000000745058
2021-02-19,False,SPY,0.08184437101043196,IEF,-0.04175797385369162,-0.000800000000745058
2021-02-22,False,SPY,0.06190868067906585,IEF,-0.04245706476677635,-0.0007500000111758709
2021-02-23,False,SPY,0.06096611701285548,IEF,-0.04124427183532098,-0.0007700000144541263
2021-02-24,False,SPY,0.07294979875095908,IEF,-0.042011478967224125,-0.0007200000062584877
2021-02-25,False,SPY,0.03815005338369448,IEF,-0.05509142962820368,-0.0005200000107288361
2021-02-26,False,VOO,0.0349061008955307,IEF,-0.0457469060879484,-0.00047999996691942213
2021-03-01,False,SPY,0.05692148106158035,IEF,-0.048539037182473765,-0.000519999973475933
2021-03-02,False,SPY,0.05816462887714979,IEF,-0.04681029801443426,-0.0005299999937415123
2021-03-03,False,SPY,0.0444901941424658,IEF,-0.051914966123247086,-0.0005299999937415123
2021-03-04,False,SPY,0.03277564424018342,IEF,-0.05707208017813825,-0.000650000013411045
2021-03-05,False,SPY,0.05650522627873533,IEF,-0.05916009047668813,-0.0006200000271201133
2021-03-08,False,SPY,0.03722292227254598,IEF,-0.06270637900521092,-0.0005299999937415123
2021-03-09,False,SPY,0.050383266393203785,IEF,-0.05895956304448213,-0.0005000000074505806
2021-03-10,False,SPY,0.051044118696673246,IEF,-0.05443289181464528,-0.0005500000156462193
2021-03-11,False,SPY,0.06595685099958604,IEF,-0.055298038063790744,-0.0005499999597668647
2021-03-12,False,SPY,0.07122275127218547,IEF,-0.06120829680294215,-0.0006000000052154064
2021-03-15,False,SPY,0.07943044852510872,IEF,-0.054068853417121865,-0.000700000012293458
2021-03-16,False,SPY,0.07710085455751625,IEF,-0.05641992661917217,-0.0007999999914318323
2021-03-17,False,SPY,0.07658525036602226,IEF,-0.05526402245261286,-0.0007999999914318323
2021-03-18,False,SPY,0.05188490434000048,IEF,-0.0628641245171927,-0.0008499999949708581
2021-03-19,False,SPY,0.051945353470171485,IEF,-0.06297945280899697,-0.0008800000231713056
2021-03-22,False,SPY,0.05883467850204549,IEF,-0.06092133742950623,-0.0008500000368803739
2021-03-23,False,IVV,0.04483310457466838,IEF,-0.05838231863908527,-0.0008300000242888927
2021-03-24,False,IVV,0.05399474060018927,IEF,-0.05745334758268894,-0.0008500000182539224
2021-03-25,False,SPY,0.05290823125296784,IEF,-0.0576837234680716,-0.0007999999914318323
2021-03-26,False,SPY,0.06351750698396219,IEF,-0.06028383997464537,-0.0007500000391155482
2021-03-29,False,SPY,0.047418408356894926,IEF,-0.06196305524508583,-0.0008200000319629907
2021-03-30,False,SPY,0.03872113655791365,IEF,-0.06077462285517399,-0.0008199999853968621
2021-03-31,False,SPY,0.050009474381653485,IEF,-0.060859134028334094,-0.0007700000330805778
2021-04-01,False,IVV,0.061113553601263026,IEF,-0.05340297313214126,-0.0007700000051409006
2021-04-05,False,SPY,0.07346370587635076,IEF,-0.05740817494783568,-0.0006799999717622996
2021-04-06,False,SPY,0.07660020728208772,IEF,-0.055333040260529986,-0.0006499999854713679
2021-04-07,False,SPY,0.0857644048335664,IEF,-0.05802217835714851,-0.000800000037997961
2021-04-08,False,SPY,0.08241913194804207,IEF,-0.054708188293396076,-0.0008500000368803739
2021-04-09,False,SPY,0.07540615783585891,IEF,-0.05320554129981281,-0.000799999968148768
2021-04-12,False,SPY,0.07481842152143225,IEF,-0.05071541376655975,-0.0007299999706447124
2021-04-13,False,IVV,0.08182668486800027,IEF,-0.0484195210880527,-0.0006799999717622996
2021-04-14,False,SPY,0.07390301542651656,IEF,-0.0474481761729425,-0.0007500000391155482
2021-04-15,False,IVV,0.08710034758202023,IEF,-0.049348639637969094,-0.0007299999706447124
2021-04-16,False,SPY,0.1180970352752646,IEF,-0.051763041462373316,-0.0007700000051409006
2021-04-19,False,SPY,0.10311640501787545,IEF,-0.04953572325121969,-0.0006799999717622996
2021-04-20,False,SPY,0.11741018224212274,IEF,-0.03961174859307759,-0.0007299999985843897
2021-04-21,False,SPY,0.1095145355009206,IEF,-0.036369196271410775,-0.0007700000330805778
2021-04-22,False,SPY,0.08405251881387876,IEF,-0.03714601629399683,-0.0007500000391155482
2021-04-23,False,VOO,0.09482111719001662,IEF,-0.04384839939784735,-0.000700000012293458
2021-04-26,False,SPY,0.08490074126886626,IEF,-0.043576842884274325,-0.0007499999646097421
2021-04-27,False,VOO,0.08038694374128386,IEF,-0.04662420018825997,-0.0006500000320374965
2021-04-28,False,VOO,0.0719708523416982,IEF,-0.04783111927792538,-0.0007199999783188104
2021-04-29,False,SPY,0.07991223052395702,IEF,-0.04918401633711755,-0.0006700000260025263
2021-04-30,False,VOO,0.07328396996558761,IEF,-0.04937716151842886,-0.0005699999863281846
2021-05-03,False,SPY,0.07386517945457549,IEF,-0.04941798277687426,-0.0005299999844282866
2021-05-04,False,SPY,0.06199390144831396,IEF,-0.04626886564892441,-0.0006000000052154064
2021-05-05,False,IVV,0.06303258150473101,IEF,-0.04358930913131298,-0.0007199999783188104
2021-05-06,False,SPY,0.07149149826165435,IEF,-0.0434901213502733,-0.0007199999783188104
2021-05-07,False,IVV,0.083896623338934,IEF,-0.046015152040337015,-0.0006499999854713679
2021-05-10,False,SPY,0.0750680143593645,IEF,-0.04729911266454423,-0.0007000000309199095
2021-05-11,False,SPY,0.07373221963494836,IEF,-0.043796613510907134,-0.0006999999843537808
2021-05-12,False,SPY,0.04964609991559632,IEF,-0.04681381057846201,-0.0006500000320374965
2021-05-13,False,SPY,0.050677151630385,IEF,-0.046178003369614085,-0.0006700000260025263
2021-05-14,False,SPY,0.09315085058034955,IEF,-0.04031907012370484,-0.0007000000309199095
2021-05-17,False,SPY,0.09601670636736115,IEF,-0.0442075396034769,-0.0006500000040978193
2021-05-18,False,SPY,0.06085838871489413,IEF,-0.04516522495708808,-0.000580000039190054
2021-05-19,False,SPY,0.06639853741033552,IEF,-0.04665899408531038,-0.0006500000040978193
2021-05-20,False,SPY,0.09233933308232323,IEF,-0.044873892645104885,-0.0006700000027194619
2021-05-21,False,SPY,0.105120837556826,IEF,-0.046447547017232194,-0.0006199999758973718
2021-05-24,False,SPY,0.09621997268518956,IEF,-0.04497309922990056,-0.0005699999863281846
2021-05-25,False,SPY,0.09926049734291431,IEF,-0.040505097041970806,-0.0006000000052154064
2021-05-26,False,SPY,0.08593791073787482,IEF,-0.04079273808871098,-0.0007000000309199095
2021-05-27,False,SPY,0.07978686275012348,IEF,-0.0417709719021242,-0.0007499999832361936
2021-05-28,False,SPY,0.07086065948926934,IEF,-0.041053791477636215,-0.0007199999783188104
2021-06-01,False,SPY,0.0684782652975593,IEF,-0.041870556025969785,-0.0006800000183284282
2021-06-02,False,SPY,0.06381447111441707,IEF,-0.042380889606420835,-0.0006300000194460154
2021-06-03,False,SPY,0.06120467463602619,IEF,-0.042811744874237556,-0.0006000000331550837
2021-06-04,False,SPY,0.06727122360225701,IEF,-0.03889402575150003,-0.0006000000331550837
2021-06-07,False,SPY,0.08197808441531818,IEF,-0.039728107441414306,-0.0006199999898672104
2021-06-08,False,SPY,0.08421488533593191,IEF,-0.036804005382836236,-0.0007000000402331352
2021-06-09,False,SPY,0.0740212263593425,IEF,-0.03443403130034006,-0.0005000000074505806
2021-06-10,False,VOO,0.08729077481218783,IEF,-0.03164878203157451,-0.00044999998062849044
2021-06-11,False,SPY,0.09493701775041008,IEF,-0.03331259623863958,-0.0005000000447034835
2021-06-14,False,SPY,0.09124965531105111,IEF,-0.03406861608750911,-0.0006300000194460154
2021-06-15,False,SPY,0.07197308784651302,IEF,-0.028217769938933435,-0.0005800000205636025
2021-06-16,False,SPY,0.06652652135140746,IEF,-0.031459669281238334,-0.000519999973475933
2021-06-17,False,SPY,0.06900923701645745,IEF,-0.02519607003156754,-0.000519999973475933
2021-06-18,False,SPY,0.050330303415671906,IEF,-0.017769983553100666,-0.000519999973475933
2021-06-21,False,SPY,0.053985008508960375,IEF,-0.02075003804189879,-0.0004999999888241291
2021-06-22,False,IVV,0.044238606978685535,IEF,-0.022360941562084014,-0.00041999999433755874
2021-06-23,False,SPY,0.04398361357552649,IEF,-0.02207986083047353,-0.0003500000387430191
2021-06-24,False,SPY,0.04894550262222386,IEF,-0.024891085861725726,-0.00032000001519918444
2021-06-25,False,SPY,0.04769827004234606,IEF,-0.0274987005488172,-0.000299999974668026
2021-06-28,False,SPY,0.04223320911511519,IEF,-0.02486291415255204,-0.0003500000387430191
2021-06-29,False,SPY,0.04241403527975285,IEF,-0.02295412240229433,-0.00032999999821186065
2021-06-30,False,SPY,0.040208377934553674,IEF,-0.022914633551958885,-0.00030000001192092895
2021-07-01,False,SPY,0.049552137905094495,IEF,-0.027553665386808035,-0.00030000001192092895
2021-07-02,False,SPY,0.04633415577667965,IEF,-0.023684057871249053,-0.0003000000491738319
2021-07-06,False,IVV,0.04034785168501398,IEF,-0.019692008624012103,-0.00019999999552965163
2021-07-07,False,VOO,0.049731666660925766,IEF,-0.014263322212752838,-0.00011999998241662979
2021-07-08,False,SPY,0.04891137715206084,IEF,-0.0099800837035261,-4.9999989569187166e-05
2021-07-09,False,SPY,0.05017162022148991,IEF,-0.016200396944695217,-4.9999989569187166e-05
2021-07-12,False,IVV,0.06361438284888088,IEF,-0.014216421485908959,-6.999999284744263e-05
2021-07-13,False,SPY,0.048651687438102886,IEF,-0.014853580518872422,5.000002682209015e-05
2021-07-14,False,IVV,0.04792297163931525,IEF,-0.010271641945973742,0.00015000002458691596
2021-07-15,False,IVV,0.04465868214534896,IEF,-0.004000066563335625,0.000149999987334013
2021-07-16,False,SPY,0.03677806642462045,IEF,-0.004592523263277082,0.00017999999225139617
2021-07-19,False,SPY,0.014998524343157404,IEF,0.0031521646530696668,6.999999284744263e-05
2021-07-20,False,SPY,0.0363533743196951,IEF,-0.0006646139315177324,0.00010000001639127731
2021-07-21,False,SPY,0.0424953233940184,IEF,-0.005676184454439626,0.00010000001639127731
2021-07-22,False,SPY,0.05116375118353167,IEF,-8.4346853764794e-05,8.000001311302185e-05
2021-07-23,False,SPY,0.06164569824203614,IEF,0.0056392760376546835,0.00010000001639127731
2021-07-26,False,VOO,0.05581680768954467,IEF,0.004266336687459793,4.9999989569187166e-05
2021-07-27,False,SPY,0.04341481050819862,IEF,0.008638994474106099,0.0002200000174343586
2021-07-28,False,IVV,0.05326204709896154,IEF,0.013567315387988499,0.0002200000174343586
2021-07-29,False,SPY,0.06731282108651482,IEF,0.012118648453919523,0.000149999987334013
2021-07-30,False,SPY,0.08518439816856915,IEF,0.014179479588079413,0.00016999999061226845
2021-08-02,False,SPY,0.0700535787938672,IEF,0.020030084673114956,9.999997913837433e-05
2021-08-03,False,SPY,0.06244470952122394,BND,0.029599235719965034,0.00012000001966953277
2021-08-04,False,SPY,0.059915647039760156,BND,0.02073339938603147,0.00010000001639127731
2021-08-05,False,IVV,0.07582047994796026,BND,0.01970221376511061,0.00015000000596046448
2021-08-06,False,SPY,0.08050825345221191,IEF,0.014197891711878796,8.000001311302185e-05
2021-08-09,False,SPY,0.06813846171392002,BND,0.016314629106245482,0.00010000001639127731
2021-08-10,False,SPY,0.0703433900205177,BND,0.01799703097807881,0.00021999999880790712
2021-08-11,False,SPY,0.06217499729931841,BND,0.019307142492785534,0.00017000000923871994
2021-08-12,False,IVV,0.06706248752909616,BND,0.024118749029285347,8.000001311302185e-05
2021-08-13,False,SPY,0.06755146435514159,BND,0.02477925852357199,0.00010000001639127731
2021-08-16,False,SPY,0.06950368023199593,BND,0.023800896168020724,0.000279999990016222
2021-08-17,False,SPY,0.060595696972070234,BND,0.02261499633016295,0.00035000000149011613
2021-08-18,False,SPY,0.049912647928717746,BND,0.028537819858853286,0.00029999999329447744
2021-08-19,False,IVV,0.04988513620377155,BND,0.02958500812029885,0.0002800000179558992
2021-08-20,False,SPY,0.062183102353216446,BND,0.029468780036468578,0.0003500000108033419
2021-08-23,False,SPY,0.061815590656480124,BND,0.030071445589570978,0.0003199999872595072
2021-08-24,False,SPY,0.06453394161928383,BND,0.03231280342795895,0.0004500000039115548
2021-08-25,False,VOO,0.06645429107274903,BND,0.029784721582426732,0.0004000000189989805
2021-08-26,False,SPY,0.06182857782112583,BND,0.026984408284128847,0.00038000001572072504
2021-08-27,False,SPY,0.06636547208680921,BND,0.027656517752894683,0.00033000001683831216
2021-08-30,False,SPY,0.06928784731165205,BND,0.027271355761716354,0.00022999999113380908
2021-08-31,False,VOO,0.06491878887979041,BND,0.026690660794782328,0.00024999999441206456
2021-09-01,False,SPY,0.06784346400114116,BND,0.02868595427385867,0.00024999999441206456
2021-09-02,False,SPY,0.07714291021169539,BND,0.031453705536701015,0.0003199999872595072
2021-09-03,False,IVV,0.07721629695169807,BND,0.02821312654871133,0.0002699999883770943
2021-09-07,False,VOO,0.08781573909345686,BND,0.02571862176107076,0.00021999999880790712
2021-09-08,False,SPY,0.07140144408419857,BND,0.024091982021008818,0.0003199999872595072
2021-09-09,False,SPY,0.06114253819208293,BND,0.02935495329416682,0.00022999999113380908
2021-09-10,False,SPY,0.05404638592055777,BND,0.023229004247883323,0.00022999999113380908
2021-09-13,False,SPY,0.050529322831890155,BND,0.02597849288123877,0.000279999990016222
2021-09-14,False,SPY,0.0411618247954153,BND,0.02617516378240614,0.0003000000026077032
2021-09-15,False,SPY,0.04774612188444194,BND,0.02655484836845412,0.0003200000012293458
2021-09-16,False,IVV,0.0454440168642547,BND,0.024897572686128244,0.00019999999552965163
2021-09-17,False,IVV,0.03444843400313724,BND,0.020947647786365264,0.00013000001199543477
2021-09-20,False,IVV,0.01128705269141883,BND,0.024510846198024794,0.00010000000707805157
2021-09-21,False,SPY,0.002995464773228429,BND,0.019958738320380975,9.999999776482581e-05
2021-09-22,False,SPY,0.014627649483094363,BND,0.023775245628510744,0.00016999999992549418
2021-09-23,False,SPY,0.023338942910208882,BND,0.0189335187410824,0.00010000000707805157
2021-09-24,False,SPY,0.03344504504664547,IEF,0.013855903668152036,0.00010000000707805157
2021-09-27,False,SPY,0.01960438225081207,IEF,0.010609985669449484,0.00012000000104308129
2021-09-28,False,SPY,-0.004508171777436232,IEF,0.005966626170228029,0.00014999999664723872
2021-09-29,False,SPY,0.0005781996330893602,BND,0.00804617401686114,0.00014999999664723872
2021-09-30,False,VOO,-0.013258055198297702,BND,0.00851858265795813,0.00020000000484287738
2021-10-01,False,VOO,0.0017734936938180734,BND,0.01456049172768803,0.00018000001087784768
2021-10-04,False,IVV,-0.003098487599455968,BND,0.013373727299205607,0.00020000000484287738
2021-10-05,False,VOO,0.02218041212822519,BND,0.011716679021628096,0.00026999999769032
2021-10-06,False,SPY,0.012140671393461089,BND,0.0107666226866443,0.000369999990798533
2021-10-07,False,IVV,0.012475328905272587,BND,0.007676274649486059,0.0003499999921768904
2021-10-08,False,VOO,0.008566977882278337,BND,0.0038941679930801776,0.00029999999329447744
2021-10-11,False,SPY,-0.008767844224399801,IEF,0.0011943880511375848,0.0003199999872595072
2021-10-12,False,IVV,-0.01364470202789314,BND,0.00496110475518452,0.0003199999872595072
2021-10-13,False,IVV,-0.005597107038057159,IEF,0.006892190736346837,0.0003700000140815973
2021-10-14,False,SPY,0.01159360328960557,IEF,0.011290495161661696,0.0003499999921768904
2021-10-15,False,SPY,0.015087783632923513,IEF,0.007961286529430733,0.000279999990016222
2021-10-18,False,SPY,0.023061410583625097,IEF,0.011430169530502798,0.00033000001683831216
2021-10-19,False,SPY,0.033121792787357496,IEF,0.004443939585657919,0.0004200000036507845
2021-10-20,False,SPY,0.02880967439121651,IEF,0.0018049749042419183,0.0004500000085681677
2021-10-21,False,VOO,0.03651171595095426,IEF,0.0001314053369954049,0.0004500000085681677
2021-10-22,False,SPY,0.02900122891458401,IEF,0.0026829666729497603,0.00040000000968575477
2021-10-25,False,VOO,0.03259935988156992,IEF,0.006917032983059679,0.0004500000085681677
2021-10-26,False,VOO,0.034577079765932384,IEF,0.004002224031590895,0.00047000000718981026
2021-10-27,False,SPY,0.028721121980231024,IEF,0.009273159632652739,0.00047000000718981026
2021-10-28,False,SPY,0.03607258764084986,IEF,0.005668967456694318,0.0004500000039115548
2021-10-29,False,SPY,0.035072766093297236,IEF,0.002424588710949971,0.00038000000640749934
2021-11-01,False,SPY,0.03497014814981192,IEF,0.0034831417724441316,0.0003499999921768904
2021-11-02,False,SPY,0.036713378910675276,IEF,0.007694632194920503,0.0004000000189989805
2021-11-03,False,SPY,0.049925447685624125,IEF,0.004623368346096779,0.0003700000140815973
2021-11-04,False,VOO,0.06640691161912193,IEF,0.01025038209386575,0.0002500000037252903
2021-11-05,False,VOO,0.06852583778329069,IEF,0.014627003508452807,0.00024999999441206456
2021-11-08,False,SPY,0.06106183854159397,IEF,0.012809233006075393,0.00020000000484287738
2021-11-09,False,SPY,0.0483328044044915,IEF,0.011883316676421618,0.00024999999441206456
2021-11-10,False,SPY,0.038251009715038364,IEF,0.0040154962734961774,0.00027000002562999726
2021-11-11,False,SPY,0.0364120397229486,IEF,-0.002093416673449755,0.00019999999552965163
2021-11-12,False,SPY,0.05043464947677023,IEF,-0.003119829026134613,0.00023000001907348634
2021-11-15,False,SPY,0.041482555456163306,IEF,-0.01054992603524152,0.00017999999225139617
2021-11-16,False,SPY,0.041026490309118424,IEF,-0.009963010670124284,0.00021999999880790712
2021-11-17,False,IVV,0.039934569084898675,IEF,-0.0033008699388796803,0.0003000000212341547
2021-11-18,False,VOO,0.042808216807021404,IEF,-0.0028643417423500628,0.0002500000223517418
2021-11-19,False,VOO,0.03775508599666888,GBF,0.005984789674444935,0.00017000000923871994
2021-11-22,False,SPY,0.03528731119290196,IEF,-0.004195124612629941,0.00011999998241662979
2021-11-23,False,IVV,0.040230863764539215,IEF,-0.013879505559302618,0.00017000000923871994
2021-11-24,False,VOO,0.0441724119190845,IEF,-0.007661386157608141,0.00020000001415610314
2021-11-26,False,IVV,0.025262180106084386,BND,0.0022682269309766134,5.000002682209015e-05
2021-11-29,False,IVV,0.046331519810703714,BND,0.002852683649034793,-2.0000003278255463e-05
2021-11-30,False,SPY,0.023376422273951203,BND,0.004265576799113102,4.9999989569187166e-05
2021-12-01,False,SPY,0.017500534104598398,BND,0.006792551383382195,6.999999284744263e-05
2021-12-02,False,SPY,0.02452738801809229,BND,0.004211185926859873,3.0000023543834685e-05
2021-12-03,False,SPY,0.017225055671749034,BND,0.007623747165508066,3.0000023543834685e-05
2021-12-06,False,SPY,0.03939747879819899,BND,0.004217131263985818,3.0000023543834685e-05
2021-12-07,False,VOO,0.07859500084450577,BND,0.0020776191461011617,0.00017999999225139617
2021-12-08,False,VOO,0.08268117287570731,IEF,-0.0032655563078145544,0.00021999999880790712
2021-12-09,False,VOO,0.06503108984519734,IEF,-0.00599002206480348,0.00013000000268220902
2021-12-10,False,SPY,0.06218702129503528,GBF,-0.009255149168505783,6.999999284744263e-05
2021-12-13,False,SPY,0.05104633713778983,IEF,-0.006023377650010486,0.0
2021-12-14,False,SPY,0.04680998667831848,GBF,-0.0038935511609754503,4.9999989569187166e-05
2021-12-15,False,SPY,0.08503166052579703,BND,-0.0045608616301826554,2.0000003278255463e-05
2021-12-16,False,IVV,0.07336589604498278,GBF,-0.0002605802194590723,-0.00010000001639127731
2021-12-17,False,SPY,0.07537316800067217,GBF,-0.001793979429169923,-0.00015000002458691596
2021-12-20,False,IVV,0.05143353352071944,GBF,-0.0060975140919515836,0.0
2021-12-21,False,VOO,0.08381386829017212,IEF,-0.008549424021911944,0.0002699999883770943
2021-12-22,False,SPY,0.08366003830529078,IEF,-0.016017371928097268,0.0002499999850988388
2021-12-23,False,IVV,0.08584099803760159,IEF,-0.01681076211967436,0.00012999996542930602
2021-12-27,False,SPY,0.0918177147691499,IEF,-0.010760196878369932,-2.0000003278255463e-05
2021-12-28,False,SPY,0.09291871436935595,IEF,-0.013206167577691885,6.999999284744263e-05
2021-12-29,False,SPY,0.10229711503978267,IEF,-0.016746219049723288,0.0
2021-12-30,False,VOO,0.1018518133847377,IEF,-0.012816472729217265,-0.000149999987334013
2021-12-31,False,SPY,0.0952448586757777,IEF,-0.01812225070765605,-0.00012000001966953277
2022-01-03,False,SPY,0.08336352964854221,IEF,-0.02808412011742112,7.999997586011887e-05
2022-01-04,False,SPY,0.07481501796943846,IEF,-0.02561669174842185,0.00039999999105930326
2022-01-05,False,IVV,0.05088218921173815,IEF,-0.032444377657733114,0.00045000001788139346
2022-01-06,False,VOO,0.041691935111862755,IEF,-0.03904885467976804,0.0005200000479817391
2022-01-07,False,IVV,0.03376562610582501,IEF,-0.042435484447606364,0.000429999977350235
2022-01-10,False,IVV,0.029148899447126286,IEF,-0.04244729433861538,0.00045000001788139346
2022-01-11,False,VOO,0.04026124371499984,IEF,-0.0366466936501747,0.0007499999925494194
2022-01-12,False,SPY,0.03759151065596478,IEF,-0.03079550999806424,0.0007200000062584877
2022-01-13,False,SPY,0.02237465812969175,IEF,-0.02562650188088078,0.0006499999761581421
2022-01-14,False,SPY,0.027344341803537064,IEF,-0.030504193396716506,0.0006799999997019767
2022-01-18,False,SPY,-0.0004935891339075127,IEF,-0.038896399366575296,0.0008499999344348907
2022-01-19,False,SPY,-0.012875038778881853,IEF,-0.03558209873522544,0.0012200000509619714
2022-01-20,True,IVV,-0.02553056099332951,IEF,-0.039038421309775195,0.0012299999594688415
2022-01-21,True,SPY,-0.048454784125467554,IEF,-0.03561213831269883,0.001000000089406967
2022-01-24,True,IVV,-0.050762980086402676,IEF,-0.03597430290624282,0.0009200000017881393
2022-01-25,True,SPY,-0.06620902032435427,IEF,-0.03676432244208572,0.00130000002682209
2022-01-26,True,SPY,-0.07177225972085666,IEF,-0.04571917358570943,0.0013500000163912773
2022-01-27,True,IVV,-0.07720083952124601,IEF,-0.04081187632345862,0.0014200000092387199
2022-01-28,True,IVV,-0.05133577508986831,IEF,-0.03883656788917644,0.001329999938607216
2022-01-31,True,IVV,-0.026493772794693005,IEF,-0.03621300824829898,0.001249999925494194
2022-02-01,True,IVV,-0.02017052922368101,IEF,-0.03372484933429121,0.0015799999237060547
2022-02-02,True,IVV,-0.017989858367558398,IEF,-0.03174571516507618,0.0014200000092387199
2022-02-03,True,SPY,-0.041206221361469675,IEF,-0.03900264500495565,0.0015000000223517418
2022-02-04,True,SPY,-0.04049525418556632,IEF,-0.048246257385449964,0.0018500000610947608
2022-02-07,True,SPY,-0.041245669645473826,IEF,-0.0462018521752765,0.001629999950528145
2022-02-08,True,IVV,-0.03674918089150747,IEF,-0.04969440355463195,0.0023500000685453414
2022-02-09,True,IVV,-0.02094090200759291,IEF,-0.0495447045750147,0.002300000116229057
2022-02-10,True,SPY,-0.035655372898356075,IEF,-0.05602346009614212,0.0033000000566244126
2022-02-11,True,IVV,-0.05595860411255649,GBF,-0.04391641667584123,0.0030299999937415125
2022-02-14,True,SPY,-0.061514925975120316,GBF,-0.052040371666455254,0.003200000151991844
2022-02-15,True,VOO,-0.024960792285259048,GBF,-0.05754502225836344,0.003620000071823597
2022-02-16,True,IVV,-0.03550752560447812,GBF,-0.05464658140422862,0.003349999971687794
2022-02-17,True,VOO,-0.037529627142548816,GBF,-0.0533668473184824,0.003070000000298023
2022-02-18,True,IVV,-0.03279710383764567,GBF,-0.053999135112409835,0.002829999886453152
2022-02-22,True,IVV,-0.05780781586491335,GBF,-0.05350686724914888,0.0029500001296401024
2022-02-23,True,IVV,-0.06660341941764136,GBF,-0.057484470946558175,0.0031000000424683096
2022-02-24,True,IVV,-0.06320299328934398,GBF,-0.054142918851045496,0.0025499999150633812
2022-02-25,True,IVV,-0.06206543338698389,GBF,-0.05521373423220255,0.0027300000749528406
2022-02-28,True,VOO,-0.06687283128644661,GBF,-0.04747972997104455,0.002679999880492687
2022-03-01,True,SPY,-0.0747493468328595,GBF,-0.043420160631731264,0.0028799999319016932
2022-03-02,True,IVV,-0.06672156819537356,GBF,-0.049338188862239174,0.00299999987706542
2022-03-03,True,IVV,-0.0629026170955288,GBF,-0.044673890292299956,0.0031000000797212126
2022-03-04,True,IVV,-0.06429914672336501,GBF,-0.039714368187397264,0.0028000000678002836
2022-03-07,True,IVV,-0.1058463848295349,GBF,-0.03940072070202427,0.0027500000782310964
2022-03-08,True,SPY,-0.10448617922577275,GBF,-0.04556888677996751,0.00330000014975667
2022-03-09,True,IVV,-0.07097872185140275,GBF,-0.046254831579730094,0.0034200000390410424
2022-03-10,True,SPY,-0.06483794031622037,GBF,-0.055850501684715725,0.003320000134408474
2022-03-11,True,VOO,-0.09286118112419173,GBF,-0.05500053746869871,0.003370000086724758
2022-03-14,True,VOO,-0.10849098284251979,GBF,-0.061698207571476815,0.0034299999102950095
2022-03-15,True,VOO,-0.0945126823027368,GBF,-0.060284474205161365,0.004080000147223472
2022-03-16,True,IVV,-0.08735925088526597,GBF,-0.055864518706892796,0.0039299999922513965
2022-03-17,True,VOO,-0.07541977210820039,GBF,-0.051032314699613224,0.003200000151991844
2022-03-18,True,IVV,-0.06637739896507733,GBF,-0.0472763202604467,0.0034299998730421065
2022-03-21,True,IVV,-0.06392981709053513,GBF,-0.06081546477995747,0.004150000140070915
2022-03-22,True,SPY,-0.05047436877020339,GBF,-0.06706811156602976,0.004749999791383744
2022-03-23,True,VOO,-0.06811590369772669,GBF,-0.06531450413529027,0.004399999901652336
2022-03-24,True,VOO,-0.053876624424878505,GBF,-0.06331669460493083,0.004450000114738941
2022-03-25,True,VOO,-0.03050777000433391,GBF,-0.07028521905253626,0.004769999794661999
2022-03-28,True,SPY,-0.022681558397873003,GBF,-0.06495750420541002,0.004580000154674053
2022-03-29,True,VOO,-0.006698761333862935,GBF,-0.05961139341078936,0.005050000064074993
2022-03-30,True,VOO,-0.01158772277001574,GBF,-0.0546559702381062,0.004749999754130841
2022-03-31,True,SPY,-0.03556563979220595,GBF,-0.05866158581277192,0.004429999999701977
2022-04-01,True,IVV,-0.03546848351466925,IEF,-0.06025836539672669,0.00449999999254942
2022-04-04,True,VOO,-0.01366410004009544,IEF,-0.06202586246310915,0.004879999868571758
2022-04-05,True,IVV,-0.026472021381462207,IEF,-0.07836568093643947,0.006179999820888043
2022-04-06,True,VOO,-0.01881539240452723,IEF,-0.07919929109641799,0.006149999871850014
2022-04-07,True,SPY,-0.003510424421758751,IEF,-0.0818812894983666,0.006120000258088112
2022-04-08,True,SPY,0.004947839392875242,IEF,-0.08645816385998029,0.00627999983727932
2022-04-11,False,IVV,0.007334817827649109,IEF,-0.09306080290564767,0.00635000005364418
2022-04-12,False,SPY,-0.00042831818552147016,IEF,-0.08581955983516543,0.0069299997389316555
2022-04-13,False,IVV,0.023459525170617113,IEF,-0.08873656743236302,0.0070500000938773155
2022-04-14,False,IVV,0.013160240524179079,IEF,-0.10186016601405845,0.0070800002664327625
2022-04-18,False,VOO,0.018676113507455128,IEF,-0.10057814581359259,0.007199999950826168
2022-04-19,False,SPY,0.010120011774491289,IEF,-0.1105997621878716,0.007930000051856042
2022-04-20,False,VOO,-0.008710471487080373,IEF,-0.09592215817482297,0.007500000149011612
2022-04-21,False,SPY,-0.029868886218363477,IEF,-0.09800447967838266,0.007600000128149986
2022-04-22,True,SPY,-0.06556562308817737,IEF,-0.09945473862403509,0.007369999699294567
2022-04-25,True,VOO,-0.03766198345114047,IEF,-0.09009745657713142,0.007599999792873859
2022-04-26,True,IVV,-0.07002766025929019,GBF,-0.08462033542813352,0.007930000051856042
2022-04-27,True,SPY,-0.06415435786668133,GBF,-0.09207451565574842,0.00763000026345253
2022-04-28,True,SPY,-0.04834562207448567,GBF,-0.0936011113259273,0.007400000244379043
2022-04-29,True,IVV,-0.09698884182132639,GBF,-0.10100449781887044,0.00763000026345253
2022-05-02,True,IVV,-0.07483185765635969,GBF,-0.10123496049868985,0.007249999865889549
2022-05-03,True,SPY,-0.051733204006857214,IEF,-0.09606309923669165,0.008499999791383743
2022-05-04,True,IVV,-0.01982125870039586,GBF,-0.09412534005486495,0.007830000035464763
2022-05-05,True,IVV,-0.06957618925517062,IEF,-0.11354929428520455,0.007599999718368053
2022-05-06,True,SPY,-0.07609069266558455,IEF,-0.11661536290304297,0.007769999988377094
2022-05-09,True,VOO,-0.08641716112806708,IEF,-0.11536419716221269,0.007520000115036964
2022-05-10,True,VOO,-0.07817500784623854,IEF,-0.11407957636949073,0.008280000202357769
2022-05-11,True,VOO,-0.08298987541958025,IEF,-0.1066911912072337,0.008400000147521496
2022-05-12,True,SPY,-0.0672856039158527,GBF,-0.11092156516745111,0.008619999699294566
2022-05-13,True,VOO,-0.05934105176183713,GBF,-0.11059251979635354,0.009000000171363353
2022-05-16,True,SPY,-0.08319167634489211,GBF,-0.10559808075096744,0.009220000207424164
2022-05-17,True,IVV,-0.06229062537796348,IEF,-0.1059829754097995,0.009779999889433384
2022-05-18,True,SPY,-0.08582417127342545,GBF,-0.1037607231037414,0.009500000216066838
2022-05-19,True,VOO,-0.10795926031136549,GBF,-0.10127439302974628,0.00949999999254942
2022-05-20,True,VOO,-0.1032358693988138,GBF,-0.10208578090117748,0.009349999837577344
2022-05-23,True,VOO,-0.07877715663770157,GBF,-0.10372772161795718,0.009449999704957008
2022-05-24,True,SPY,-0.05797459333618016,GBF,-0.09537832597733431,0.009979999810457229
2022-05-25,True,VOO,-0.04251364581939732,IEF,-0.0950371043224345,0.010099999569356442
2022-05-26,True,VOO,-0.04883056696561727,IEF,-0.09749806949698558,0.009979999978095294
2022-05-27,True,SPY,-0.02098797875310343,IEF,-0.09541995054575203,0.009869999773800374
2022-05-31,True,SPY,-0.013943421079625762,IEF,-0.10129660672111385,0.009649999737739563
2022-06-01,True,SPY,-0.01471827270912729,IEF,-0.10720756938018428,0.010380000472068787
2022-06-02,True,SPY,-0.01755953998404991,IEF,-0.10404171778759941,0.010550000369548798
2022-06-03,True,SPY,-0.05464524354844458,IEF,-0.10609534676948429,0.01091999989002943
2022-06-06,True,SPY,-0.06348362017047027,IEF,-0.1126529400424845,0.01109999965876341
2022-06-07,True,SPY,-0.06474389874413577,IEF,-0.10449813177383638,0.011800000220537185
2022-06-08,True,VOO,-0.07476515524030403,IEF,-0.11077231187225045,0.012080000396817923
2022-06-09,True,SPY,-0.10709761842302534,IEF,-0.11055388874989014,0.012050000354647636
2022-06-10,True,IVV,-0.12236373435691195,IEF,-0.11102557870687157,0.012349999882280827
2022-06-13,True,IVV,-0.16814223446449417,IEF,-0.1263632887440841,0.014180000275373458
2022-06-14,True,IVV,-0.17452047013512595,IEF,-0.12966980716839738,0.016580000296235086
2022-06-15,True,IVV,-0.16859398410320225,IEF,-0.11533724402446321,0.016050000488758088
2022-06-16,True,IVV,-0.20604353093667005,IEF,-0.10663671701172461,0.013950000405311585
2022-06-17,True,IVV,-0.19962272619099286,IEF,-0.1061313522619518,0.014199999868869781
2022-06-21,True,IVV,-0.16642412518288097,IEF,-0.11289548250595238,0.01370000034570694
2022-06-22,True,VOO,-0.17010957096010515,GBF,-0.10202260966834886,0.014299999549984932
2022-06-23,True,IVV,-0.16888682308263048,GBF,-0.10108304703909066,0.014499999433755874
2022-06-24,True,VOO,-0.1318189527165874,GBF,-0.097907692650122,0.014800000488758087
2022-06-27,True,IVV,-0.1264077193351233,GBF,-0.09572386700993674,0.01503000020980835
2022-06-28,True,VOO,-0.1493952184493399,GBF,-0.0987442594456418,0.015730000287294387
2022-06-29,True,VOO,-0.14690858751996383,GBF,-0.0933558662280134,0.015370000451803208
2022-06-30,True,IVV,-0.13901471172382107,GBF,-0.09351240405393668,0.014420000165700912
2022-07-01,True,IVV,-0.12672643683310303,GBF,-0.08519661169108494,0.014480000436306
2022-07-05,True,IVV,-0.13498080430324233,GBF,-0.08037305171832054,0.014449999928474426
2022-07-06,True,VOO,-0.12110272896898344,GBF,-0.08398473484081426,0.016620000302791597
2022-07-07,True,VOO,-0.10836105358214343,GBF,-0.087693922650254,0.01668000042438507
2022-07-08,True,IVV,-0.12319308786506422,GBF,-0.0923543440479313,0.016700000613927842
2022-07-11,True,IVV,-0.13240378480067594,GBF,-0.08816782287902325,0.017799999564886093
2022-07-12,True,IVV,-0.12755785123195673,GBF,-0.08536512898879789,0.019099999219179153
2022-07-13,True,IVV,-0.10704841956374422,GBF,-0.08254025643369833,0.02137999951839447
2022-07-14,True,IVV,-0.11466956138843587,GBF,-0.08226215347935295,0.020799999982118608
2022-07-15,True,VOO,-0.07078835795587424,GBF,-0.07313285160708916,0.020170000046491623
2022-07-18,True,IVV,-0.08100480653306807,GBF,-0.07733782370595654,0.02056999996304512
2022-07-19,True,IVV,-0.07943353647364071,GBF,-0.07603526405588357,0.021750000417232514
2022-07-20,True,VOO,-0.03774187315472688,GBF,-0.07735331779092158,0.02108000010251999
2022-07-21,True,VOO,-0.034081547266234025,GBF,-0.060347695070197216,0.019899998903274537
2022-07-22,True,IVV,-0.047045147296675416,GBF,-0.05907564207127047,0.020170000195503236
2022-07-25,True,VOO,-0.07414923757169178,GBF,-0.057052421349652827,0.02032999873161316
2022-07-26,True,VOO,-0.05195391411805628,GBF,-0.05460518846573359,0.02074999898672104
2022-07-27,True,IVV,-0.021450805313133814,GBF,-0.052794052594005936,0.020099999010562898
2022-07-28,False,IVV,0.023910386038633158,GBF,-0.0498828484861541,0.0196300008893013
2022-07-29,False,SPY,0.036782597677422535,GBF,-0.05086913375972424,0.019800001084804536
2022-08-01,False,IVV,0.05032348868720837,GBF,-0.04671317109286666,0.01935000091791153
2022-08-02,False,SPY,0.044560152619506965,GBF,-0.05242474105007011,0.02123000055551529
2022-08-03,False,SPY,0.03614536362528442,IEF,-0.04964625415523827,0.02144999980926514
2022-08-04,False,VOO,0.03939281197285549,GBF,-0.04802920103772401,0.020800000131130217
2022-08-05,False,IVV,0.01671882865182761,IEF,-0.068970788100155,0.021220000982284545
2022-08-08,False,VOO,0.057877549278881224,IEF,-0.07252062784637836,0.021470000445842744
2022-08-09,False,IVV,0.0605439823809073,IEF,-0.06117004767468215,0.022449999451637268
2022-08-10,False,IVV,0.0822021231218859,IEF,-0.06465772447713758,0.022000000774860383
2022-08-11,False,VOO,0.06258596938080885,IEF,-0.07999365409404424,0.021850000023841857
2022-08-12,False,IVV,0.08802980948205419,IEF,-0.07239981915302374,0.021949999928474427
2022-08-15,False,IVV,0.08324046647111283,IEF,-0.06337035270013747,0.021529999971389772
2022-08-16,False,IVV,0.06467482216773623,IEF,-0.058641115387814136,0.02228000044822693
2022-08-17,False,IVV,0.03086027565207594,IEF,-0.0606731734480932,0.022080000638961792
2022-08-18,False,IVV,0.039820498201334376,IEF,-0.05859669732183037,0.02200000047683716
2022-08-19,False,IVV,0.034440207570972436,IEF,-0.054732535348584355,0.02201999932527542
2022-08-22,False,IVV,-0.005975298092367076,IEF,-0.058451784506106996,0.02199999988079071
2022-08-23,False,VOO,0.00835406371323022,IEF,-0.05946579376789474,0.02270000070333481
2022-08-24,True,IVV,0.008476477402845406,IEF,-0.06079763563878482,0.02353000044822693
2022-08-25,True,IVV,0.013281029879762984,IEF,-0.057552519746780995,0.023470000326633454
2022-08-26,True,IVV,-0.010632649329525345,GBF,-0.046675731486903294,0.02300000101327896
2022-08-29,True,VOO,0.006681905227510887,GBF,-0.04724476816975309,0.022780001163482666
2022-08-30,False,IVV,0.025786298984700418,IEF,-0.05309232539494824,0.02392999917268753
2022-08-31,False,SPY,0.05836566436672874,GBF,-0.054613170643452946,0.023769998848438265
2022-09-01,False,VOO,0.0645012968096732,GBF,-0.05246646388508924,0.023429999351501463
2022-09-02,False,VOO,0.038468457968526604,GBF,-0.05166881929867262,0.023119999170303343
2022-09-06,False,IVV,0.07008374269246742,GBF,-0.06454079448970418,0.02290000021457672
2022-09-07,False,VOO,0.08648743624371913,GBF,-0.06135366517852392,0.02408000111579895
2022-09-08,False,IVV,0.06718645524484002,IEF,-0.06444178289439306,0.024570000469684602
2022-09-09,False,SPY,0.08603324858585726,GBF,-0.06207330038694947,0.024679999351501464
2022-09-12,False,VOO,0.08672494523641783,GBF,-0.06524063233020316,0.02456999897956848
2022-09-13,False,SPY,0.007742067498941463,GBF,-0.06003376985865316,0.024850001335144044
2022-09-14,False,SPY,0.015466133588002418,GBF,-0.05324927877159691,0.02465000033378601
2022-09-15,False,IVV,0.02472499476058987,GBF,-0.055218332067054066,0.02435000002384186
2022-09-16,False,IVV,0.017680525474143227,GBF,-0.05024167398967505,0.024019999504089354
2022-09-19,False,VOO,0.03375803357765017,GBF,-0.04648588330494352,0.02355000078678131
2022-09-20,False,IVV,0.011563642372645067,GBF,-0.05484271021782128,0.025050000548362733
2022-09-21,False,SPY,-0.007905913552197164,GBF,-0.053025286027644225,0.024500000476837158
2022-09-22,True,VOO,-0.019753975346027186,IEF,-0.05811299770917078,0.023820000886917114
2022-09-23,True,SPY,-0.05020310272336004,IEF,-0.05420135164170081,0.02353000044822693
2022-09-26,True,SPY,-0.05882488595043889,IEF,-0.06375610954522637,0.023319999575614928
2022-09-27,True,VOO,-0.050559018343186546,IEF,-0.0773519864417449,0.024549999833106996
2022-09-28,True,SPY,-0.02304950072490597,GBF,-0.05249312745418022,0.024300000071525572
2022-09-29,True,VOO,-0.03879131644655587,IEF,-0.05620699084512437,0.02437999963760376
2022-09-30,True,IVV,-0.051016143502293554,GBF,-0.0651222106481163,0.023820000886917114
2022-10-03,True,SPY,-0.04417745947760565,IEF,-0.05984001165400554,0.02317000091075897
2022-10-04,True,IVV,-0.006856621410236907,IEF,-0.05262182579297825,0.025070000290870666
2022-10-05,True,IVV,-0.03511755478381995,IEF,-0.0602321754717301,0.025079999566078186
2022-10-06,True,VOO,-0.05084118059319265,IEF,-0.06040926064887453,0.02480000078678131
2022-10-07,True,VOO,-0.0867280599594017,IEF,-0.05800597644661154,0.02527999997138977
2022-10-10,True,VOO,-0.08521558330898993,IEF,-0.06464736224158318,0.023900001049041747
2022-10-11,True,IVV,-0.09218508060843433,IEF,-0.06830202641889227,0.02506999909877777
2022-10-12,True,IVV,-0.08424784347723346,IEF,-0.05578914245423228,0.027300000190734863
2022-10-13,True,VOO,-0.08398224964586887,IEF,-0.054361172612061526,0.027679999470710755
2022-10-14,True,IVV,-0.11579279697785916,IEF,-0.06657265191265549,0.02828000009059906
2022-10-17,True,VOO,-0.10641113999536544,IEF,-0.06869197453830367,0.02809999942779541
2022-10-18,True,IVV,-0.09317923113385085,IEF,-0.07204511138145875,0.029499999284744262
2022-10-19,True,VOO,-0.093575316964297,IEF,-0.08478088736643385,0.029879999160766602
2022-10-20,True,IVV,-0.11489057009841852,IEF,-0.08684270846609188,0.029470000863075257
2022-10-21,True,VOO,-0.09285682015750718,IEF,-0.08859830232682564,0.029049999713897705
2022-10-24,True,SPY,-0.07991792196562542,IEF,-0.08283000159994236,0.028750001192092894
2022-10-25,True,IVV,-0.06429244699480141,IEF,-0.07797422843374224,0.029619998931884765
2022-10-26,True,SPY,-0.06748695716396091,IEF,-0.07659247724539453,0.02930000066757202
2022-10-27,True,SPY,-0.09154769266390095,IEF,-0.07435550773065924,0.02952000081539154
2022-10-28,True,IVV,-0.07046073249855056,IEF,-0.07349226967709988,0.02977000057697296
2022-10-31,True,VOO,-0.09208379582654469,IEF,-0.08557813871335318,0.029319999217987062
2022-11-01,True,SPY,-0.09970715777158301,IEF,-0.08758387057786121,0.030050002336502075
2022-11-02,True,IVV,-0.12440684618364461,IEF,-0.08869681333978352,0.029970000982284545
2022-11-03,True,VOO,-0.12746760319710337,IEF,-0.09397406674784814,0.030000001192092896
2022-11-04,True,VOO,-0.11741481485929062,IEF,-0.086371574335387,0.029830000400543212
2022-11-07,True,VOO,-0.09647540362805584,IEF,-0.08444402847739862,0.028799999952316285
2022-11-08,True,SPY,-0.07204744176583655,IEF,-0.07969139982724038,0.02977000117301941
2022-11-09,True,SPY,-0.0889611314255111,IEF,-0.074747849893678,0.029579999446868895
2022-11-10,True,SPY,-0.041962582795378345,IEF,-0.04682931082295194,0.02894999861717224
2022-11-11,True,VOO,-0.046558796880267095,IEF,-0.052628297112446876,0.02838000178337097
2022-11-14,True,SPY,-0.021136846731517944,IEF,-0.051372385537515886,0.028349997997283934
2022-11-15,True,IVV,-0.006387359901613765,IEF,-0.04348979899179095,0.02892000079154968
2022-11-16,True,SPY,-0.002851652093547985,IEF,-0.026880717749489302,0.02837000012397766
2022-11-17,True,SPY,0.0017192394376956965,IEF,-0.01600692577146645,0.026149998903274536
2022-11-18,True,SPY,0.0031199850724339395,IEF,-0.01158338649796764,0.023920001983642577
2022-11-21,True,SPY,0.010123671850376104,IEF,-0.025798063698964868,0.02402999997138977
2022-11-22,False,SPY,0.027594107606025542,IEF,-0.026578632232805877,0.027149999141693117
2022-11-23,False,SPY,0.015820463955410924,IEF,-0.021632626541519318,0.0268999981880188
2022-11-25,False,SPY,0.008998347469935553,IEF,-0.016832518270971097,0.026870001554489136
2022-11-28,True,SPY,-0.022291347396101946,IEF,-0.028705311299230707,0.026380001306533812
2022-11-29,True,SPY,-0.03434900757680692,IEF,-0.038235262679024995,0.02692999839782715
2022-11-30,True,VOO,0.04083658504667831,IEF,-0.026132277267036153,0.026549997329711913
2022-12-01,True,SPY,0.03662804441349232,IEF,-0.009916233859914914,0.025599998235702515
2022-12-02,False,VOO,0.04729941671993387,IEF,-0.009185596421344866,0.02470000147819519
2022-12-05,False,SPY,0.036388634690003974,IEF,-0.027052005398596313,0.02452999949455261
2022-12-06,False,SPY,0.01358894505270225,IEF,-0.02853962917004027,0.026199997663497926
2022-12-07,False,VOO,0.023606265383229852,IEF,-0.030432773001315083,0.025800000429153442
2022-12-08,False,SPY,0.04994826155848742,IEF,-0.039444935406996895,0.02520000100135803
2022-12-09,False,SPY,0.05093263989807717,IEF,-0.03839115465580667,0.023329998254776
2022-12-12,False,IVV,0.08399156178681322,IEF,-0.033842803404012134,0.023150001764297486
2022-12-13,False,VOO,0.10309520646918613,IEF,-0.019185993201274565,0.0240500009059906
2022-12-14,False,SPY,0.09912491763106734,IEF,-0.024191734258940056,0.022669998407363893
2022-12-15,False,SPY,0.051547813085426775,IEF,-0.02458158797850063,0.020999999046325685
2022-12-16,False,IVV,0.0610205002284836,IEF,-0.031205975139807718,0.018400001525878906
2022-12-19,False,VOO,0.06856536103242505,IEF,-0.03371648029904939,0.01890000104904175
2022-12-20,False,IVV,0.04262514225474168,IEF,-0.043998074357862293,0.01990000009536743
2022-12-21,False,SPY,0.0265459035016693,IEF,-0.04001370963325068,0.01944999933242798
2022-12-22,False,SPY,0.014262481218058287,IEF,-0.03588670359449753,0.017580001354217528
2022-12-23,False,IVV,0.0306111077065514,IEF,-0.03930947367886417,0.0181499981880188
2022-12-27,False,IVV,0.05609201989890922,IEF,-0.05807739064434558,0.01835000276565552
2022-12-28,False,SPY,0.051023838378214226,IEF,-0.07097481952326334,0.01982999801635742
2022-12-29,False,IVV,0.07666724684793613,IEF,-0.06308617801134353,0.019020001888275146
2022-12-30,False,VOO,0.07747076843480194,IEF,-0.06734175981825263,0.017850003242492675
2023-01-03,False,SPY,0.0453553772027766,IEF,-0.06193487455982161,0.018720002174377443
2023-01-04,False,VOO,0.0777365388591067,IEF,-0.06400479463969988,0.020920000076293944
2023-01-05,False,SPY,0.0389893913690329,IEF,-0.06570733472111578,0.02200000047683716
2023-01-06,False,SPY,0.05047301493611012,IEF,-0.05918611298789045,0.022279999256134032
2023-01-09,False,IVV,0.05713028609463433,IEF,-0.04357193653809077,0.020199997425079344
2023-01-10,False,VOO,0.07372363535350246,IEF,-0.053492361723802895,0.021370000839233398
2023-01-11,False,SPY,0.06157307214487173,IEF,-0.052211926512577334,0.021769998073577882
2023-01-12,False,SPY,0.052558629401338486,IEF,-0.029724085971518988,0.020649998188018798
2023-01-13,False,SPY,0.04003407141163473,IEF,-0.040541766359926346,0.020279998779296874
2023-01-17,False,SPY,0.04600950799597148,IEF,-0.040691893336606944,0.019230000972747803
2023-01-18,False,VOO,0.03499908157871445,IEF,-0.028226451452392,0.01995000123977661
2023-01-19,False,SPY,0.0036108387317845825,IEF,-0.02359085022927898,0.020350000858306884
2023-01-20,False,VOO,0.02958680962350768,IEF,-0.0338827805316535,0.020380001068115234
2023-01-23,False,VOO,0.04634260328551987,IEF,-0.04005610815309857,0.020219998359680177
2023-01-24,False,SPY,0.07247257012530528,IEF,-0.0334051023304579,0.019749999046325684
2023-01-25,False,SPY,0.08403644190858328,IEF,-0.025770175548393115,0.019769999980926514
2023-01-26,False,VOO,0.08030349785559943,IEF,-0.031172238444383993,0.019780001640319823
2023-01-27,False,SPY,0.07262213843186838,IEF,-0.02423631652974656,0.019679999351501463
2023-01-30,False,SPY,0.05348043751794607,IEF,-0.023000890555069375,0.018869998455047606
2023-01-31,False,VOO,0.09119248205815489,IEF,-0.015640594541948993,0.018670001029968263
2023-02-01,False,SPY,0.04559623953252223,IEF,-0.005237557876056842,0.018069999217987062
2023-02-02,False,SPY,0.05064827930075788,IEF,-0.011967990174077903,0.017800002098083495
2023-02-03,False,VOO,0.04802678106232827,IEF,-0.02142459749679504,0.017679996490478515
2023-02-06,False,SPY,0.03318012729337472,IEF,-0.024310834540189008,0.01734999895095825
2023-02-07,False,IVV,0.054584389896995544,IEF,-0.0264182737136206,0.0169700026512146
2023-02-08,False,VOO,0.04624026434532946,IEF,-0.018758001337384256,0.017250001430511475
2023-02-09,False,SPY,0.032647392736350644,IEF,-0.015341801130854038,0.0175
2023-02-10,False,SPY,0.03883445747371117,IEF,-0.025550967764274124,0.018150002956390382
2023-02-13,False,IVV,0.036973382153725476,IEF,-0.012233441336729434,0.017999999523162842
2023-02-14,False,SPY,0.030104969477851906,IEF,-0.023093667039961296,0.01726999759674072
2023-02-15,False,IVV,0.03362553385571232,IEF,-0.022406534970621506,0.01693000078201294
2023-02-16,False,VOO,0.03582021424867188,IEF,-0.025747619664525323,0.016970000267028808
2023-02-17,False,VOO,0.03496232762725571,IEF,-0.0206535582573929,0.01684999942779541
2023-02-21,False,SPY,-0.016575180306800497,IEF,-0.025834354710615903,0.015350000858306885
2023-02-22,False,IVV,-0.01727829682952975,IEF,-0.024590488319674808,0.01567000150680542
2023-02-23,True,IVV,-0.011035532471897369,IEF,-0.017436114577239925,0.015950000286102294
2023-02-24,True,IVV,-0.003784898239629242,IEF,-0.02417063588643853,0.01633000135421753
2023-02-27,True,IVV,0.014198230632679554,IEF,-0.018416654548884415,0.016299998760223387
2023-02-28,True,IVV,0.012258666845479826,IEF,-0.01074359983713602,0.014670000076293946
2023-03-01,True,SPY,0.0007891139427413929,IEF,-0.022550852209480166,0.015349998474121093
2023-03-02,False,VOO,0.01582277465062365,IEF,-0.011673532347684645,0.015929999351501464
2023-03-03,False,VOO,0.017394113997236227,IEF,-0.004952507816617713,0.01609999895095825
2023-03-06,False,SPY,0.010839776453570815,IEF,0.010066417539192463,0.01563000202178955
2023-03-07,False,IVV,0.0013264013915932349,IEF,0.017116545343457634,0.015949997901916504
2023-03-08,False,VOO,0.028412376988937726,IEF,-0.0056039349365605284,0.016529998779296874
2023-03-09,False,SPY,0.021629638933333917,IEF,0.005251664768439301,0.01630000114440918
2023-03-10,False,SPY,0.015499207794202441,IEF,0.02643062250111705,0.01622999906539917
2023-03-13,False,VOO,0.0126117725709749,IEF,0.02668963887453657,0.015079998970031738
2023-03-14,False,SPY,0.014240229926996584,IEF,0.014903402538798405,0.01364999771118164
2023-03-15,False,IVV,0.02237332898653821,GBF,0.03931969923115952,0.012650001049041747
2023-03-16,False,VOO,0.03407515885297574,IEF,0.035772633730159153,0.012420001029968262
2023-03-17,False,IVV,0.026258845227433047,GBF,0.050890072658034136,0.010000002384185792
2023-03-20,False,VOO,0.0489932257044281,GBF,0.05149519201156383,0.011800000667572022
2023-03-21,False,VOO,0.04419404195349852,IEF,0.0433303570081951,0.012650001049041747
2023-03-22,False,SPY,0.029224890716661678,IEF,0.05362230688777303,0.010300002098083495
2023-03-23,False,VOO,0.03614403989548021,GBF,0.061369929642856924,0.009199998378753661
2023-03-24,False,SPY,0.03517923486701702,GBF,0.06735702664491372,0.00874999761581421
2023-03-27,False,VOO,0.048756152797925445,GBF,0.05531529020099968,0.008950002193450927
2023-03-28,False,SPY,0.02326791710437992,GBF,0.051372673541308034,0.007949998378753662
2023-03-29,False,SPY,0.038729799985755875,GBF,0.061866035527003094,0.007370002269744873
2023-03-30,False,IVV,0.03753273226509979,GBF,0.06977992507066566,0.007749998569488525
2023-03-31,False,VOO,0.0389830929217172,BND,0.0747002645656869,0.0070000004768371584
2023-04-03,False,IVV,0.038782116073166506,GBF,0.08057842414163296,0.006570000648498536
2023-04-04,False,VOO,0.029341416237543605,GBF,0.07494539906941444,0.007630002498626709
2023-04-05,False,VOO,0.02841923829758275,GBF,0.07357130595765349,0.007749998569488525
2023-04-06,False,SPY,0.04920089695962471,IEF,0.06701774981926101,0.007799999713897705
2023-04-10,False,SPY,0.05797967161619377,IEF,0.06196330139262485,0.008679997920989991
2023-04-11,False,SPY,0.03890994780289292,IEF,0.06637110632336629,0.009050002098083496
2023-04-12,False,SPY,0.022407980452920695,GBF,0.06473029930250673,0.00809999942779541
2023-04-13,False,VOO,0.03693717983283906,BND,0.06751096068959228,0.008299999237060547
2023-04-14,False,SPY,0.0341804601825928,GBF,0.06529303796265484,0.00877999782562256
2023-04-17,False,SPY,0.026608576744527213,BND,0.06076202713423817,0.009099998474121095
2023-04-18,False,VOO,0.024772291671620428,GBF,0.06572134406288876,0.010470001697540284
2023-04-19,False,VOO,0.03768708160120826,IEF,0.05898351291982418,0.009049997329711915
2023-04-20,False,SPY,0.017151922031265254,GBF,0.06132097905941558,0.008520002365112305
2023-04-21,False,VOO,0.006936790832689388,IEF,0.03568419891240171,0.008949999809265136
2023-04-24,False,SPY,-0.006178657341366245,IEF,0.04289737846333774,0.00809999942779541
2023-04-25,False,IVV,-0.011617091659657297,BND,0.05429066104445579,0.008850002288818359
2023-04-26,False,VOO,-0.00979835377644278,GBF,0.042874030251213835,0.008550000190734864
2023-04-27,False,VOO,-0.0030149259495891867,IEF,0.029496219119726996,0.00875
2023-04-28,False,IVV,0.01657319189323525,GBF,0.042912250835145826,0.00809999942779541
2023-05-01,False,IVV,0.02453454050303372,GBF,0.03226903293165795,0.007299995422363282
2023-05-02,False,SPY,0.010704824097319321,BND,0.04412774748398407,0.009419999122619628
2023-05-03,False,IVV,-0.00806594828108187,GBF,0.04090102589228084,0.008969998359680176
2023-05-04,False,VOO,-0.01460326816702573,GBF,0.03479905812548467,0.008550000190734864
2023-05-05,False,VOO,0.0001323481532633508,BND,0.031633412328454735,0.009049997329711915
2023-05-08,False,IVV,0.014562077278981622,BND,0.028015773456015802,0.009000000953674316
2023-05-09,False,SPY,0.012862290437443358,GBF,0.030524330036884484,0.008700003623962402
2023-05-10,False,VOO,0.038063384615279805,GBF,0.0262585671405684,0.008120002746582032
2023-05-11,False,VOO,0.03791424403183252,BND,0.023888925900515723,0.008220000267028809
2023-05-12,False,SPY,0.031200567125990952,BND,0.014340134855768571,0.008199996948242187
2023-05-15,False,SPY,0.045931397865667245,GBF,0.018969867847932642,0.008420000076293946
2023-05-16,False,SPY,0.03541535788571126,GBF,0.010736192082401619,0.008380002975463867
2023-05-17,False,SPY,0.051871993471408695,GBF,0.0019301626783903014,0.009049997329711915
2023-05-18,False,SPY,0.06609421571847962,GBF,0.0005683140698129474,0.009749999046325683
2023-05-19,False,SPY,0.056327643073925016,GBF,0.0028273467469350777,0.009120001792907714
2023-05-22,False,IVV,0.03999149357450649,GBF,0.004072297972407268,0.00926999568939209
2023-05-23,False,IVV,0.027452524548210233,GBF,-0.002399267114080006,0.009049997329711915
2023-05-24,False,VOO,0.0360807664328715,BND,-0.006365745463099315,0.009650001525878906
2023-05-25,False,IVV,0.043391908506414056,IEF,-0.012923263037616373,0.00950000286102295
2023-05-26,False,VOO,0.07675304598335875,IEF,-0.008579726561385614,0.009519996643066407
2023-05-30,False,IVV,0.09259556266227387,GBF,0.005108686526167583,0.009800000190734863
2023-05-31,False,IVV,0.08813678011167503,BND,0.015754173204822752,0.010180001258850097
2023-06-01,False,SPY,0.08092276083922911,GBF,0.01579856254097889,0.009980001449584962
2023-06-02,False,IVV,0.10335501042246986,BND,0.01056254360300346,0.010069999694824219
2023-06-05,False,SPY,0.08235110120795874,BND,0.013879135105387741,0.00950000286102295
2023-06-06,False,VOO,0.09739201024732536,GBF,0.02193687347779716,0.009629998207092285
2023-06-07,False,SPY,0.08332906707854093,GBF,0.01664473339951056,0.00815000057220459
2023-06-08,False,SPY,0.07575644913781421,BND,0.020061578541193947,0.00804999828338623
2023-06-09,False,SPY,0.09637606167360757,BND,0.022208258810254122,0.008349995613098144
2023-06-12,False,SPY,0.10333950197232666,IEF,0.01696536352812794,0.008399996757507324
2023-06-13,False,SPY,0.10337324133843451,IEF,0.0020570047069954356,0.006999998092651367
2023-06-14,False,SPY,0.10262562232948147,IEF,0.004854401685694176,0.005819997787475586
2023-06-15,False,IVV,0.11875829823542472,IEF,-0.00020593856970263502,0.005619997978210449
2023-06-16,False,IVV,0.09887047817315375,IEF,-0.007045343015706584,0.005820002555847168
2023-06-20,False,SPY,0.08695550483540071,IEF,0.002227477330549954,0.005099997520446777
2023-06-21,False,SPY,0.06635627259760146,IEF,-0.0032513292587467157,0.005800004005432129
2023-06-22,False,SPY,0.06614300166161491,IEF,-0.01765199726440425,0.006600003242492675
2023-06-23,False,SPY,0.06398604071928093,IEF,-0.008307241668294885,0.006500000953674316
2023-06-26,False,IVV,0.06231279827553804,IEF,-0.002733369001818531,0.006620001792907715
2023-06-27,False,SPY,0.06989474086904202,IEF,-0.019530794910112892,0.006499996185302734
2023-06-28,False,IVV,0.0691408247023988,IEF,-0.01371491922574497,0.006449999809265136
2023-06-29,False,SPY,0.07326321547565762,IEF,-0.01734559035732497,0.006370000839233399
2023-06-30,False,SPY,0.09037280779373313,IEF,-0.012016604056352742,0.006180000305175781
2023-07-03,False,SPY,0.07731772243572244,IEF,-0.021941902901719823,0.005720000267028808
2023-07-05,False,SPY,0.07834961291731957,IEF,-0.027706442866738623,0.006479997634887696
2023-07-06,False,SPY,0.06607993938490364,IEF,-0.032147730304961764,0.006699995994567871
2023-07-07,False,SPY,0.06269540998003609,IEF,-0.031909977849922666,0.006649999618530273
2023-07-10,False,SPY,0.06556520112666964,IEF,-0.023839047665545565,0.00690000057220459
2023-07-11,False,SPY,0.07823521941855582,IEF,-0.026715442131029166,0.006729998588562012
2023-07-12,False,SPY,0.08606697886801262,IEF,-0.02423347097109607,0.007100000381469727
2023-07-13,False,SPY,0.09354600413874214,IEF,-0.015725009137748547,0.007129998207092285
2023-07-14,False,SPY,0.11049273124053682,IEF,-0.009966641975592272,0.006920003890991211
2023-07-17,False,SPY,0.11908865635742294,GBF,0.000254000411187949,0.006999998092651367
2023-07-18,False,SPY,0.10539781559306016,GBF,0.003413983187599001,0.006779999732971192
2023-07-19,False,SPY,0.09848011909693977,IEF,0.0036176124556364098,0.006599998474121094
2023-07-20,False,SPY,0.09229536430177476,IEF,0.00015789814890010412,0.0063000011444091794
2023-07-21,False,SPY,0.10471142719184168,IEF,0.005840364414524624,0.006129999160766602
2023-07-24,False,SPY,0.11731567196502635,IEF,0.0010666595331740858,0.0060500001907348635
2023-07-25,False,SPY,0.12835821490536103,IEF,0.003738129014867919,0.0060500001907348635
2023-07-26,False,SPY,0.1080194074667773,IEF,0.010215535918780994,0.00625
2023-07-27,False,SPY,0.10038005119523774,IEF,0.0025333096750630446,0.006030001640319824
2023-07-28,False,IVV,0.11584578268932888,IEF,0.002977374665786847,0.005750002861022949
2023-07-31,False,SPY,0.11297205791212006,IEF,0.015293658754599093,0.00559999942779541
2023-08-01,False,SPY,0.11172598167561953,IEF,0.007564555052274047,0.00565000057220459
2023-08-02,False,SPY,0.0976993838757878,IEF,0.0016688719538284769,0.00570000171661377
2023-08-03,False,SPY,0.09079010004188781,IEF,0.0003188544465846377,0.005549998283386231
2023-08-04,False,VOO,0.09296453026073315,IEF,0.007888376593450763,0.005879998207092285
2023-08-07,False,SPY,0.08947844427371665,IEF,0.0038742152192805523,0.005500001907348633
2023-08-08,False,SPY,0.07439094031779647,GBF,0.01706460129741516,0.005500001907348633
2023-08-09,False,SPY,0.06876342367576571,GBF,0.01945267105028048,0.005570001602172851
2023-08-10,False,SPY,0.06871311470850539,IEF,0.0060103714469932346,0.005500001907348633
2023-08-11,False,SPY,0.08021308709642172,IEF,0.0024855755105508415,0.005369997024536133
2023-08-14,False,SPY,0.09410241098031591,IEF,0.0007831475427688694,0.004250001907348633
2023-08-15,False,SPY,0.07207328472443653,IEF,-0.0008182533939290471,0.003970003128051758
2023-08-16,False,SPY,0.05060013116788742,IEF,-0.01079805544396406,0.004369997978210449
2023-08-17,False,SPY,0.04219783494971319,IEF,-0.0299331265990892,0.004749999046325683
2023-08-18,False,SPY,0.048513668805925114,IEF,-0.03867714698214253,0.00619999885559082
2023-08-21,False,SPY,0.04540323744503372,IEF,-0.03552889861613251,0.006000003814697266
2023-08-22,False,SPY,0.02770964323078573,IEF,-0.048857591466530126,0.007369999885559082
2023-08-23,False,VOO,0.04089044475423398,IEF,-0.029811842861261928,0.007649998664855957
2023-08-24,False,SPY,0.024490930279471357,IEF,-0.044717547515075284,0.010099997520446777
2023-08-25,False,VOO,0.035122481700233354,IEF,-0.041159312435424256,0.008499999046325684
2023-08-28,False,SPY,0.03559449050391872,IEF,-0.030061042382078962,0.0071799993515014645
2023-08-29,False,SPY,0.04868210022131714,IEF,-0.035835211348327234,0.007569999694824219
2023-08-30,False,VOO,0.043467122137827774,IEF,-0.04144012718781387,0.008120002746582032
2023-08-31,False,SPY,0.0351826895951981,IEF,-0.03980357397961565,0.007950000762939453
2023-09-01,False,SPY,0.035879848108967494,IEF,-0.033775213794976056,0.00684999942779541
2023-09-05,False,SPY,0.018772541035087187,IEF,-0.03905100082744095,0.006500000953674316
2023-09-06,False,SPY,0.015382511610326333,IEF,-0.039864761006704774,0.006700000762939453
2023-09-07,False,VOO,0.017494294676848154,IEF,-0.03803303411797809,0.006180000305175781
2023-09-08,False,SPY,0.024325188273099707,IEF,-0.04306898873346077,0.007080001831054688
2023-09-11,False,SPY,0.027353407177669542,IEF,-0.04918523432005628,0.0072300004959106445
2023-09-12,False,SPY,0.02950068526923655,IEF,-0.053953205240596325,0.005769996643066406
2023-09-13,False,SPY,0.03492954732066367,IEF,-0.05679999999999996,0.0059999990463256835
2023-09-14,False,SPY,0.03253305738246959,IEF,-0.05919764617159007,0.005850000381469727
2023-09-15,False,IVV,0.01935870237654691,IEF,-0.052786691226909266,0.004600000381469726
2023-09-18,False,SPY,0.016171260879748406,IEF,-0.05148958611962906,0.0042000007629394535
2023-09-19,False,SPY,0.0022369937261557116,IEF,-0.057698393850822316,0.004499998092651367
2023-09-20,False,VOO,-0.008601741856520628,IEF,-0.0552831205847617,0.004600000381469726
2023-09-21,True,SPY,-0.02305941363035746,IEF,-0.0576648689847965,0.004019999504089355
2023-09-22,True,SPY,-0.017563007436983802,IEF,-0.04791706500511783,0.0038199996948242187
2023-09-25,True,SPY,-0.010934596202389235,IEF,-0.05645651363593085,0.0028299999237060545
2023-09-26,True,SPY,-0.027925587228925575,IEF,-0.05474868980666436,0.003299999237060547
2023-09-27,True,IVV,-0.03396323578240179,IEF,-0.06440208804285408,0.0038499975204467772
2023-09-28,True,SPY,-0.03584697065093145,IEF,-0.059556474416591176,0.003580002784729004
2023-09-29,True,IVV,-0.045796207810353984,IEF,-0.06390955315309599,0.004270000457763672
2023-10-02,True,SPY,-0.04554552389694999,IEF,-0.08059935636004201,0.003619999885559082
2023-10-03,True,SPY,-0.06158042321483648,IEF,-0.08464074892478857,0.0035500001907348634
2023-10-04,True,SPY,-0.06171875830347151,IEF,-0.07278555692723221,0.0033500003814697266
2023-10-05,True,VOO,-0.06420198558521495,IEF,-0.07793545943258662,0.004019999504089355
2023-10-06,True,VOO,-0.046820344530157265,IEF,-0.07241186189783888,0.004830002784729004
2023-10-09,True,SPY,-0.040614632263574535,IEF,-0.07264132202106377,0.003080000877380371
2023-10-10,True,SPY,-0.03991022160566493,IEF,-0.08047240331558747,0.0022800016403198243
2023-10-11,True,SPY,-0.03860214083551616,IEF,-0.07523771492929521,0.002800002098083496
2023-10-12,True,SPY,-0.044610164701630484,IEF,-0.07916683955022619,0.0025500011444091796
2023-10-13,True,SPY,-0.04302418301458144,IEF,-0.06756986850093405,0.0024499988555908205
2023-10-16,True,SPY,-0.0423310755739319,IEF,-0.07196476914100114,0.002049999237060547
2023-10-17,True,SPY,-0.04419493827672882,IEF,-0.08789170293015791,0.0027500009536743164
2023-10-18,True,SPY,-0.05422482617310487,IEF,-0.09551381316616248,0.0031500005722045897
2023-10-19,True,SPY,-0.04930994930359034,IEF,-0.0945369286296448,0.0028200006484985353
2023-10-20,True,SPY,-0.058293153842149836,IEF,-0.08722469084705453,0.003000001907348633
2023-10-23,True,SPY,-0.0556543497675237,IEF,-0.07997350380182,0.002350001335144043
2023-10-24,True,SPY,-0.05676747542899707,IEF,-0.07534497774344917,0.002200002670288086
2023-10-25,True,SPY,-0.06624440638326368,IEF,-0.07775202737897546,0.00190000057220459
2023-10-26,True,SPY,-0.07121657436325779,IEF,-0.06720426376606425,0.0021500015258789063
2023-10-27,True,SPY,-0.07575825710165562,IEF,-0.06402680362727808,0.0021000003814697268
2023-10-30,True,SPY,-0.06416265172427149,IEF,-0.06867279428060502,0.0016000032424926757
2023-10-31,True,SPY,-0.06345505853658373,IEF,-0.06825773927537793,0.0013500022888183593
2023-11-01,True,IVV,-0.04236505741831342,IEF,-0.05158382692316987,0.0013700008392333984
2023-11-02,True,SPY,-0.016742191867772593,IEF,-0.04747877626433972,0.0015500020980834962
2023-11-03,True,SPY,-0.0001528461911260992,IEF,-0.04761360911669743,0.001099996566772461
2023-11-06,False,VOO,0.00161249761318083,IEF,-0.05669479996589899,0.00012000083923339844
2023-11-07,False,VOO,-0.0021520445228372376,IEF,-0.05394094036919039,0.0006999969482421875
2023-11-08,False,SPY,0.0014661090381431485,IEF,-0.04250745912700571,0.0005299997329711914
2023-11-09,False,SPY,-0.01728929695221404,IEF,-0.051686846167790734,0.0011999988555908203
2023-11-10,False,SPY,0.012072078325434665,IEF,-0.05123069448492279,0.0009200000762939454
2023-11-13,False,IVV,0.00400942374194635,IEF,-0.04478467802052866,0.0010700035095214844
2023-11-14,False,VOO,0.017039347444988362,IEF,-0.03690204267324804,0.001529998779296875
2023-11-15,False,SPY,0.004689065078466559,IEF,-0.04094820661639709,0.0016000032424926757
2023-11-16,False,SPY,0.0017917873770345594,IEF,-0.035330501001064274,0.0014800024032592773
2023-11-17,False,SPY,0.00450784941604776,IEF,-0.027795990109255375,0.0013299989700317383
2023-11-20,False,SPY,0.010355575417498653,IEF,-0.027741115566622954,0.0015799999237060547
2023-11-21,False,VOO,0.012178041243902316,IEF,-0.033986619442443966,0.0020000028610229494
2023-11-22,False,SPY,0.023318107760881057,IEF,-0.03011197069716398,0.0019999980926513673
2023-11-24,False,SPY,0.02710123600378833,IEF,-0.03801134142781315,0.0017799997329711913
2023-11-27,False,SPY,0.023709671235449425,IEF,-0.03161039907572005,0.0012299966812133788
2023-11-28,False,SPY,0.018027955085058833,IEF,-0.02180737974058411,0.00125
2023-11-29,False,SPY,0.02292333689849957,IEF,-0.02072543289352502,0.0010199975967407227
2023-11-30,False,SPY,0.02575496849836556,IEF,-0.027926747411434083,0.0008299970626831055
2023-12-01,False,IVV,0.022854708289565817,IEF,-0.015315629412084975,0.0003500032424926758
2023-12-04,False,SPY,0.03004260951680693,IEF,-0.023326142359527458,0.0005299997329711914
2023-12-05,False,IVV,0.029096020463901473,IEF,-0.006238932787538842,0.0006799983978271484
2023-12-06,False,IVV,0.027127484294088955,IEF,-0.0042989676160042345,0.0009000015258789063
2023-12-07,False,SPY,0.04466075560608296,IEF,-0.0014395881733989535,0.0008799982070922852
2023-12-08,False,SPY,0.06678407461575864,IEF,-0.0031020752132454588,0.00039999961853027344
2023-12-11,False,SPY,0.07334694557993271,IEF,0.005215146983110985,0.00019999980926513672
2023-12-12,False,SPY,0.07373394714082493,IEF,0.008633073491552956,0.0003500032424926758
2023-12-13,False,SPY,0.10477126771116096,IEF,0.018354219135533256,-1.999855041503906e-05
2023-12-14,False,SPY,0.10787469448402986,IEF,0.024663878486807844,-0.000279998779296875
2023-12-15,False,SPY,0.0996752367363869,IEF,0.013914095682963756,-5.000114440917969e-05
2023-12-18,False,SPY,0.10855140222308535,IEF,0.003352956808762242,1.999855041503906e-05
2023-12-19,False,IVV,0.11558884710926254,IEF,0.010237152600198307,0.0002299976348876953
2023-12-20,False,IVV,0.11445225989025443,IEF,0.013505147828271502,-2.9997825622558592e-05
2023-12-21,False,VOO,0.11744644403982929,IEF,0.010778807631067311,-0.00038000106811523436
2023-12-22,False,SPY,0.12030705790365093,IEF,0.0064029776472660505,-0.00036999702453613284
2023-12-26,False,SPY,0.11183706784723868,IEF,0.015077670105531071,-0.00039999961853027344
2023-12-27,False,SPY,0.10676158538251213,IEF,0.022138868960992042,-0.00013000011444091797
2023-12-28,False,SPY,0.10144683695568868,IEF,0.02067421153225557,-0.00032000064849853517
2023-12-29,False,SPY,0.09377769906471056,IEF,0.020047518157246147,-0.0008500003814697265
2024-01-02,False,VOO,0.09354917173229804,IEF,0.012757449361284534,-0.0005500030517578125
2024-01-03,False,SPY,0.09082438943934945,IEF,0.026367338765729498,-0.00032999992370605466
2024-01-04,False,SPY,0.07598965996608675,IEF,0.016875534182703156,-0.0002699995040893555
2024-01-05,False,SPY,0.0775128664069753,IEF,0.011885868316654724,-0.00028000354766845705
2024-01-08,False,IVV,0.1068756952848322,IEF,0.0212498702265429,-0.00040000438690185547
2024-01-09,False,VOO,0.11482264887603755,IEF,0.022869820124721052,-0.0003000020980834961
2024-01-10,False,SPY,0.1360482840111925,IEF,0.028865990246046858,-0.00032999992370605466
2024-01-11,False,SPY,0.13751920904145387,IEF,0.02348057347889765,-0.00034999847412109375
2024-01-12,False,SPY,0.12978925355447646,IEF,0.02874300617877079,-0.0006200027465820313
2024-01-16,False,SPY,0.14203218563288833,IEF,0.015264705578885485,-0.0007200002670288086
2024-01-17,False,SPY,0.1494482578461669,IEF,0.011330579886795755,-0.0006500005722045899
2024-01-18,False,SPY,0.16495041199572746,IEF,0.01688296325902039,-0.0006800031661987304
2024-01-19,False,SPY,0.16553805091896368,IEF,0.022392016138871762,-0.0006699991226196289
2024-01-22,False,SPY,0.16071283341253628,IEF,0.027151501698239988,-0.0007000017166137695
2024-01-23,False,SPY,0.1518142056385956,IEF,0.026529011485978415,-0.0007000017166137695
2024-01-24,False,SPY,0.1313909066127894,IEF,0.027555170618593916,-0.0007499980926513671
2024-01-25,False,SPY,0.12725996890399127,IEF,0.0333302200558907,-0.0008299970626831055
2024-01-26,False,SPY,0.12324395595996007,IEF,0.028397739462687088,-0.0007800006866455078
2024-01-29,False,SPY,0.12892647068267915,IEF,0.04102162260533415,-0.0008000040054321289
2024-01-30,False,SPY,0.12722766125768925,IEF,0.04198993754923874,-0.0009200000762939454
2024-01-31,False,SPY,0.11754976395615446,IEF,0.039422874781933626,-0.0010699987411499023
2024-02-01,False,SPY,0.11478049152598113,IEF,0.049766741220281574,-0.0010300016403198243
2024-02-02,False,SPY,0.12759106624993888,IEF,0.03643706612320008,-0.0010500001907348634
2024-02-05,False,SPY,0.10210356395135523,IEF,0.02351008409933031,-0.0009499979019165039
2024-02-06,False,SPY,0.10296844109167669,IEF,0.021739656362553594,-0.000970001220703125
2024-02-07,False,SPY,0.1108089084906616,IEF,0.020021850544933217,-0.0009200000762939454
2024-02-08,False,SPY,0.1099189499113078,IEF,0.01465475172705255,-0.0007999992370605469
2024-02-09,False,SPY,0.1078063343800375,IEF,0.019061502047563517,-0.00048000335693359374
2024-02-12,False,SPY,0.10973851279911329,IEF,0.026256522047367614,-0.0004999971389770508
2024-02-13,False,VOO,0.0901697257277807,IEF,0.017586467845908116,-0.0006700038909912109
2024-02-14,False,SPY,0.09947603059754839,IEF,0.01789806748474243,-0.0006500005722045899
2024-02-15,False,IVV,0.10905948488625095,IEF,0.0204982518509369,-0.0007500028610229492
2024-02-16,False,SPY,0.10244488597077539,IEF,0.01779580419345317,-0.0007000017166137695
2024-02-20,False,SPY,0.09714718656120636,IEF,0.01811527571564797,-0.0009200000762939454
2024-02-21,False,SPY,0.09383415583189803,IEF,0.013669582425066995,-0.0006999969482421875
2024-02-22,False,SPY,0.10990549078452694,IEF,0.016057822175250314,-0.0006200027465820313
2024-02-23,False,SPY,0.1165320150744964,IEF,0.023904904646897096,-0.000580000877380371
2024-02-26,False,SPY,0.11266196662426942,IEF,0.021393116643590115,-0.0005000019073486328
2024-02-27,False,SPY,0.1192393741327129,IEF,0.022841184193679087,-0.0006500005722045899
2024-02-28,False,VOO,0.10922980300891272,IEF,0.02732742219160511,-0.0007500028610229492
2024-02-29,False,IVV,0.10848946043303864,IEF,0.037117312658504265,-0.000819997787475586
2024-03-01,False,SPY,0.11458970681649294,IEF,0.037794478523181185,-0.0008999967575073242
2024-03-04,False,IVV,0.10806640679864965,IEF,0.04315942111272175,-0.0009000015258789063
2024-03-05,False,IVV,0.0820501180955322,IEF,0.04992614334119505,-0.0009999990463256836
2024-03-06,False,SPY,0.08433442614725872,IEF,0.057199405256716185,-0.0009999990463256836
2024-03-07,False,SPY,0.09690409701095426,IEF,0.05608896142888864,-0.0007999992370605469
2024-03-08,False,SPY,0.08422145946998683,IEF,0.05663500340870753,-0.0007200002670288086
2024-03-11,False,SPY,0.07674160363530458,IEF,0.0639337633194621,-0.0007500028610229492
2024-03-12,False,SPY,0.1036176543041134,IEF,0.06841477306375254,-0.0010000038146972656
2024-03-13,False,SPY,0.09153802079431772,IEF,0.05932615334581981,-0.000970001220703125
2024-03-14,False,SPY,0.08719517564136159,IEF,0.04950738873705629,-0.0008699989318847656
2024-03-15,False,IVV,0.07399494719369537,IEF,0.05388242868518689,-0.001100001335144043
2024-03-18,False,IVV,0.07951449184829529,IEF,0.03937396633204382,-0.001100001335144043
2024-03-19,False,SPY,0.0852175477190964,IEF,0.04443500793626565,-0.0008500003814697265
2024-03-20,False,VOO,0.09832883438758899,IEF,0.04116610158826939,-0.0010699987411499023
2024-03-21,False,IVV,0.10823584578575884,IEF,0.051384294485179005,-0.0010699987411499023
2024-03-22,False,SPY,0.11527423851677687,IEF,0.04981068908692032,-0.0010800027847290038
2024-03-25,False,SPY,0.11578699833943662,IEF,0.05326743433784942,-0.001100001335144043
2024-03-26,False,VOO,0.11198817380189574,IEF,0.06528497580892245,-0.0012200021743774415
2024-03-27,False,SPY,0.10576375783406244,IEF,0.07437240111874299,-0.0011499977111816405
2024-03-28,False,SPY,0.1072322156329173,GBF,0.0781334633889621,-0.0010699987411499023
2024-04-01,False,SPY,0.09909000735170537,IEF,0.06268894291332772,-0.000820002555847168
2024-04-02,False,SPY,0.09258335401804563,IEF,0.055461801810774425,-0.0008000040054321289
2024-04-03,False,SPY,0.09302636779748208,IEF,0.05482827068965568,-0.0009800004959106445
2024-04-04,False,VOO,0.08361106223032477,IEF,0.0678085249571887,-0.001119999885559082
2024-04-05,False,SPY,0.10110478617124707,IEF,0.0527275296482721,-0.0008500003814697265
2024-04-08,False,VOO,0.09198486288540941,IEF,0.04872173406970748,-0.000819997787475586
2024-04-09,False,SPY,0.07981176962487413,IEF,0.05641537062449298,-0.0009300041198730468
2024-04-10,False,SPY,0.066743989281556,IEF,0.04458587988017837,-0.0007700014114379883
2024-04-11,False,SPY,0.07166899294313533,IEF,0.031233063290142304,-0.0006200027465820313
2024-04-12,False,SPY,0.055722661541539376,IEF,0.029118665169079794,-0.00039999961853027344
2024-04-15,False,SPY,0.036857100209376714,IEF,0.014729594471766694,-0.00014999866485595703
2024-04-16,False,VOO,0.035781233409655,IEF,0.016627009608841226,-0.0002700042724609375
2024-04-17,False,SPY,0.022055557642822077,IEF,0.01727437570953705,-0.00032999992370605466
2024-04-18,False,VOO,0.020493012605034222,IEF,0.009656534937388495,-0.0002500009536743164
2024-04-19,False,SPY,0.0286167444610943,IEF,0.021079693146679235,-0.00018000125885009766
2024-04-22,False,VOO,0.024165398778002833,IEF,0.020070922932764024,-5.000114440917969e-05
2024-04-23,False,SPY,0.026036364097213216,IEF,0.021965773129273947,-0.00015000343322753905
2024-04-24,False,SPY,0.029297216105727886,IEF,0.003760880648629339,2.0003318786621095e-05
2024-04-25,False,VOO,0.022107730999688435,IEF,0.007769193807330987,-0.00010000228881835937
2024-04-26,False,SPY,0.0235679297351441,IEF,0.0029901343290208438,-5.000114440917969e-05
2024-04-29,False,SPY,0.026739389345203257,IEF,0.006393372025530919,0.00010000228881835937
2024-04-30,False,SPY,0.004668132329783692,IEF,0.00027700777365180507,6.999969482421876e-05
2024-05-01,False,SPY,0.0018456241200457413,IEF,0.0029394325984977154,-5.000114440917969e-05
2024-05-02,False,IVV,0.02508053826307921,IEF,0.007977639420424953,-0.0002699995040893555
2024-05-03,False,SPY,0.028699287662821815,IEF,0.018841127509094946,-0.00017999649047851563
2024-05-06,False,VOO,0.03219963183069008,IEF,0.012044959499398766,-0.00018000125885009766
2024-05-07,False,SPY,0.038511325149676257,IEF,0.010214471986796703,-0.00017000198364257812
2024-05-08,False,SPY,0.04436128574369569,IEF,0.0021249781453978045,5.000114440917969e-05
2024-05-09,False,SPY,0.049428155189765954,IEF,0.010107845705074059,1.999855041503906e-05
2024-05-10,False,VOO,0.02938369631541682,IEF,-0.0025686230384505127,0.000279998779296875
2024-05-13,False,SPY,0.028903137913985244,IEF,0.002776124349892495,0.0001699972152709961
2024-05-14,False,SPY,0.037423499027754215,IEF,-0.0013383632750542107,-7.999897003173829e-05
2024-05-15,False,SPY,0.048322406245342675,IEF,0.002044522191153142,-3.0002593994140626e-05
2024-05-16,False,SPY,0.047549938233125255,IEF,0.0015977237601385585,0.00010000228881835937
2024-05-17,False,SPY,0.04529804927216041,IEF,0.004970927739993636,6.999969482421876e-05
2024-05-20,False,VOO,0.036711104443188924,IEF,0.003352862706584192,6.999969482421876e-05
2024-05-21,False,SPY,0.040427282512355944,IEF,0.003806238985055943,-8.000373840332031e-05
2024-05-22,False,SPY,0.0479045741507822,IEF,-0.012173348284088115,0.00021999835968017578
2024-05-23,False,VOO,0.03494235631038434,IEF,-0.023789754500493143,0.00029999732971191406
2024-05-24,False,SPY,0.031613683094092515,IEF,-0.02171230755922482,0.00019999980926513672
2024-05-28,False,SPY,0.03856821148086631,IEF,-0.025056375102006645,0.00023000240325927735
2024-05-29,False,IVV,0.03189112827375706,IEF,-0.03162647764652127,0.00012000083923339844
2024-05-30,False,SPY,0.01442339177672225,IEF,-0.03152343174723504,0.00018000125885009766
2024-05-31,False,VOO,0.025022616983537693,IEF,-0.025499002156888717,0.00034999847412109375
2024-06-03,False,IVV,0.028096346063826827,IEF,-0.018198632660065273,0.00034999847412109375
2024-06-04,False,SPY,0.03640433050228764,IEF,-0.01343742839372808,0.00036999702453613284
2024-06-05,False,SPY,0.04252623399875621,IEF,-0.017511123008436824,4.9996376037597654e-05
2024-06-06,False,VOO,0.03662825026648142,IEF,-0.014168805771281878,0.00014999866485595703
2024-06-07,False,SPY,0.025995273950185638,IEF,-0.022129414744495035,0.000580000877380371
2024-06-10,False,SPY,0.025775508394960234,IEF,-0.020575465245426416,0.00019999980926513672
2024-06-11,False,VOO,0.02994700173985021,IEF,-0.017753849648944997,9.999752044677735e-05
2024-06-12,False,VOO,0.04121856610468777,IEF,-0.006288361421650457,0.00014999866485595703
2024-06-13,False,SPY,0.045565783126785275,IEF,0.003955116195885733,0.00019999980926513672
2024-06-14,False,SPY,0.03748314763496907,IEF,0.0029289503387104343,0.00019999980926513672
2024-06-17,False,SPY,0.04594026048824573,IEF,-0.0013182988928220896,0.00013000011444091797
2024-06-18,False,IVV,0.050315848133970276,IEF,0.00460633826552348,0.00010000228881835937
2024-06-20,False,IVV,0.05395468585456231,IEF,-0.0032682632138126833,6.999969482421876e-05
2024-06-21,False,IVV,0.05099676394000707,IEF,-0.005750658975036016,0.00017000198364257812
2024-06-24,False,SPY,0.06124101291462214,IEF,0.0032241974567890352,6.999969482421876e-05
2024-06-25,False,SPY,0.05431338016732257,IEF,0.007345761480617385,7.999897003173829e-05
2024-06-26,False,SPY,0.05503921557980296,IEF,0.00348530238135214,0.0003000020980834961
2024-06-27,False,SPY,0.05548144373340591,IEF,0.0056226513366017805,0.0002500009536743164
2024-06-28,False,VOO,0.0619001919074873,IEF,-0.0027638939310782318,0.00013000011444091797
