0,1,2,3,4,5,6
2003-01-31,False,SPY,-0.02020391745843264,IEF,0.039795237990170484,-0.004699999999999999
2003-02-03,False,SPY,-0.025993327925270537,IEF,0.03769167027559317,-0.005
2003-02-04,False,SPY,-0.03656926524157267,IEF,0.04421488696053588,-0.0052
2003-02-05,False,IVV,-0.061429439667334496,IEF,0.036341505303976174,-0.0049
2003-02-06,False,IVV,-0.07863035410344787,IEF,0.03555843953191795,-0.0051
2003-02-07,False,SPY,-0.07356304858043328,IEF,0.03408428518432105,-0.0052
2003-02-10,False,IVV,-0.06653246264526846,IEF,0.021043346077179503,-0.004699999999999999
2003-02-11,False,SPY,-0.09241024290657684,IEF,0.022361482054947812,-0.0045
2003-02-12,False,SPY,-0.12320513741679362,IEF,0.02271381796648897,-0.004300000000000002
2003-02-13,False,IVV,-0.116572941297022,IEF,0.03439474897423156,-0.0049
2003-02-14,False,IVV,-0.1008828697667079,IEF,0.032245743563815266,-0.0051
2003-02-18,False,SPY,-0.06167150014457379,IEF,0.028605093163285522,-0.0049
2003-02-19,False,IVV,-0.09380771295341284,IEF,0.036222357099277014,-0.0051
2003-02-20,False,SPY,-0.09833553123431538,IEF,0.034465569111719274,-0.005
2003-02-21,False,SPY,-0.09069853477124756,IEF,0.02581407048642026,-0.005
2003-02-24,False,IVV,-0.09604817270006016,IEF,0.029508763184515674,-0.005
2003-02-25,False,SPY,-0.0818917330691048,IEF,0.0275791749853751,-0.005
2003-02-26,False,SPY,-0.0851673808720339,IEF,0.029470828572622843,-0.004699999999999999
2003-02-27,False,IVV,-0.07930633970935896,IEF,0.025294054635766727,-0.004399999999999999
2003-02-28,False,SPY,-0.04680234517999837,IEF,0.029076770544183894,-0.0045
2003-03-03,False,SPY,-0.06838738835509217,IEF,0.025389588082080472,-0.0045
2003-03-04,False,IVV,-0.08582533921278113,IEF,0.023740104658759753,-0.0046
2003-03-05,False,SPY,-0.07619075458317648,IEF,0.03344043844452482,-0.0048
2003-03-06,False,IVV,-0.06947353346151919,IEF,0.03202662261968792,-0.004699999999999999
2003-03-07,False,SPY,-0.08648626289229266,IEF,0.028679459557747533,-0.005099999999999998
2003-03-10,False,IVV,-0.10126629834254164,IEF,0.026078478584431686,-0.0049
2003-03-11,False,IVV,-0.09923659239387028,IEF,0.034851727780967456,-0.0049
2003-03-12,False,SPY,-0.08644476754206909,IEF,0.029044441585788894,-0.0048
2003-03-13,False,SPY,-0.06811864803019618,IEF,0.018110676797260084,-0.0045
2003-03-14,False,IVV,-0.06784626608630695,IEF,0.020463301927121424,-0.004800000000000002
2003-03-17,False,IVV,-0.02997782248550096,IEF,0.008526226314503615,-0.0048
2003-03-18,False,SPY,-0.023492538578056887,IEF,0.004868971827699742,-0.004700000000000002
2003-03-19,False,SPY,0.006637697641486806,IEF,-0.004967908377006558,-0.004100000000000001
2003-03-20,False,SPY,0.0004539893263650896,IEF,0.0014553350256005793,-0.004100000000000001
2003-03-21,False,IVV,0.01891587331530764,IEF,-0.0005736375741527411,-0.004000000000000001
2003-03-24,False,IVV,-0.044986811954560446,IEF,0.009935429035125898,-0.0046
2003-03-25,False,SPY,-0.03814031724319389,IEF,0.027314490379431122,-0.005
2003-03-26,False,IVV,-0.061241153413001626,IEF,0.029720379115683038,-0.0048
2003-03-27,False,SPY,-0.05646047635006146,IEF,0.03714556748083497,-0.0051
2003-03-28,False,SPY,-0.047459438681361155,IEF,0.03577062796068953,-0.0053
2003-03-31,False,SPY,-0.08334343018893953,IEF,0.05131924524538434,-0.0057
2003-04-01,False,IVV,-0.07222141226080936,IEF,0.050467042403857354,-0.0056999999999999985
2003-04-02,False,IVV,-0.049157370995149385,IEF,0.040798546656593215,-0.0055000000000000005
2003-04-03,False,SPY,-0.05660999059572047,IEF,0.03769028147020559,-0.0053999999999999986
2003-04-04,False,SPY,-0.04146484169492348,IEF,0.03136014268856169,-0.005299999999999998
2003-04-07,False,SPY,-0.03936118684657297,IEF,0.02773862850580655,-0.0042000000000000015
2003-04-08,False,IVV,-0.023954847290559633,IEF,0.02233186126754716,-0.0036000000000000008
2003-04-09,False,SPY,-0.02102021735301207,IEF,0.025912136805650743,-0.0038000000000000013
2003-04-10,False,SPY,-0.003563030642118714,IEF,0.017945084461806537,-0.0030000000000000005
2003-04-11,False,SPY,-0.013702808646436138,IEF,0.021439436491965003,-0.0026
2003-04-14,False,SPY,0.03382188728927593,IEF,0.021803098397724652,-0.0023
2003-04-15,False,SPY,0.057920386183405004,IEF,0.028175917595614663,-0.0024
2003-04-16,False,IVV,0.03175080887715054,IEF,0.027071604141879257,-0.0006000000000000005
2003-04-17,False,IVV,0.03953867485145812,IEF,0.015855661440216107,-0.00040000000000000034
2003-04-21,False,IVV,0.06510218452772265,IEF,0.011488348031345241,-0.00040000000000000034
2003-04-22,False,IVV,0.06508603578627814,IEF,0.009150021707703626,-0.00040000000000000034
2003-04-23,False,IVV,0.07276110230197763,IEF,0.011838492028677816,-0.0005000000000000004
2003-04-24,False,SPY,0.07426871859000017,IEF,0.016578017699014902,-0.0006000000000000005
2003-04-25,False,SPY,0.06760870124934137,IEF,0.031142189822199073,-0.0008000000000000007
2003-04-28,False,SPY,0.0912109250920976,IEF,0.02933949395627189,-0.0008000000000000007
2003-04-29,False,IVV,0.10688611332730491,IEF,0.02658119115360691,-0.0008000000000000007
2003-04-30,False,SPY,0.09836012868835087,IEF,0.031951267904817726,-0.0008000000000000007
2003-05-01,False,SPY,0.10587552534411704,IEF,0.03852447058665476,-0.0011999999999999988
2003-05-02,False,IVV,0.13839264756240377,IEF,0.03885032456737081,-0.0009999999999999987
2003-05-05,False,SPY,0.13415495019351953,IEF,0.04336078307063529,-0.0010000000000000009
2003-05-06,False,SPY,0.12039380225789453,IEF,0.05141741809116884,-0.0013999999999999991
2003-05-07,False,IVV,0.0930307363346563,IEF,0.049245207787441014,-0.0010999999999999988
2003-05-08,False,SPY,0.08963798644357523,IEF,0.062458821249226526,-0.0013999999999999991
2003-05-09,False,SPY,0.11585943432648116,IEF,0.06264771011481307,-0.0010999999999999988
2003-05-12,False,IVV,0.11793707527330355,IEF,0.06752815819570812,-0.0013999999999999991
2003-05-13,False,SPY,0.13465744527734058,IEF,0.06863038610522976,-0.0013999999999999991
2003-05-14,False,IVV,0.12278492761241533,IEF,0.07076107761692918,-0.0015999999999999992
2003-05-15,False,IVV,0.14696954613958524,IEF,0.06674252040110118,-0.0015999999999999992
2003-05-16,False,SPY,0.12929734620166133,IEF,0.06811293591842982,-0.0015999999999999992
2003-05-19,False,SPY,0.09559666576121018,IEF,0.06383924155769827,-0.0017999999999999993
2003-05-20,False,IVV,0.1036114550988132,IEF,0.07181127422127198,-0.0016999999999999993
2003-05-21,False,SPY,0.12406234579238617,IEF,0.06492367862781911,-0.0014999999999999992
2003-05-22,False,IVV,0.12423371332543987,IEF,0.06907501332340993,-0.0012999999999999989
2003-05-23,False,SPY,0.13752925541889027,IEF,0.07178578715126815,-0.0012999999999999989
2003-05-27,False,IVV,0.14877551250471677,IEF,0.07225092625789298,-0.0013999999999999991
2003-05-28,False,SPY,0.18111276781705454,IEF,0.06995559200272305,-0.0009999999999999987
2003-05-29,False,SPY,0.1897305742232287,IEF,0.06903887863962921,-0.0010999999999999988
2003-05-30,False,IVV,0.20051986632008822,IEF,0.06294359206119693,-0.0009999999999999987
2003-06-02,False,SPY,0.16545109171856676,IEF,0.05882797349513891,-0.0007000000000000006
2003-06-03,False,SPY,0.16648420352928683,IEF,0.06649285691009355,-0.0010999999999999988
2003-06-04,False,SPY,0.1471755023275807,IEF,0.06560799926961725,-0.0013999999999999991
2003-06-05,False,SPY,0.14610862978089867,IEF,0.0601944392902789,-0.0013999999999999991
2003-06-06,False,SPY,0.1329272768813452,IEF,0.05275763581332771,-0.0010999999999999988
2003-06-09,False,SPY,0.11898226124494649,IEF,0.056587999649762244,-0.0018999999999999996
2003-06-10,False,SPY,0.10683620178066788,IEF,0.06277116400875227,-0.0025
2003-06-11,False,SPY,0.1569962012459054,IEF,0.07754154299022042,-0.0028000000000000004
2003-06-12,False,IVV,0.14954337899543435,IEF,0.07995116312203687,-0.002999999999999999
2003-06-13,False,SPY,0.14331644135699495,IEF,0.08658454408278171,-0.0034999999999999996
2003-06-16,False,SPY,0.16649456875514446,IEF,0.07751559409847109,-0.0031999999999999997
2003-06-17,False,SPY,0.1724138527553214,IEF,0.06914360308827106,-0.0028999999999999994
2003-06-18,False,IVV,0.19816886697475855,IEF,0.0757111495254601,-0.0030999999999999995
2003-06-19,False,SPY,0.16248251786979773,IEF,0.07612931755549779,-0.003899999999999999
2003-06-20,False,IVV,0.132191918939079,IEF,0.07253190832375789,-0.0038
2003-06-23,False,IVV,0.12470517802861858,IEF,0.07407849450120074,-0.0034
2003-06-24,False,SPY,0.1207992847036059,IEF,0.0767029892602673,-0.0037
2003-06-25,False,IVV,0.10946359338550815,IEF,0.0689352443938831,-0.002599999999999999
2003-06-26,False,IVV,0.12361505119227134,IEF,0.05403725225616762,-0.0026999999999999993
2003-06-27,False,IVV,0.12616633182792558,IEF,0.049506467063490156,-0.0031999999999999997
2003-06-30,False,SPY,0.11968560732569422,IEF,0.04771026471732154,-0.0026999999999999993
2003-07-01,False,SPY,0.134675272324976,IEF,0.04766240000868516,-0.002799999999999999
2003-07-02,False,IVV,0.12490397662765718,IEF,0.046654264900825915,-0.0028999999999999994
2003-07-03,False,SPY,0.10378383980860106,IEF,0.04316537232565554,-0.002999999999999999
2003-07-07,False,SPY,0.14521033081227963,IEF,0.03744391723068086,-0.002599999999999999
2003-07-08,False,SPY,0.1335021129264613,IEF,0.03780132785903367,-0.002599999999999999
2003-07-09,False,SPY,0.1259830421174224,IEF,0.04019421536918988,-0.002799999999999999
2003-07-10,False,SPY,0.09108550665326698,IEF,0.04209025539926148,-0.0028999999999999994
2003-07-11,False,SPY,0.09137715573377148,IEF,0.047404408645036034,-0.0028999999999999994
2003-07-14,False,SPY,0.10655566213869117,IEF,0.0379032499306351,-0.0024999999999999988
2003-07-15,False,IVV,0.11672779273069755,IEF,0.027723723110083087,-0.002599999999999999
2003-07-16,False,SPY,0.09251537020385125,IEF,0.02410735477858439,-0.002599999999999999
2003-07-17,False,SPY,0.07324767668245924,IEF,0.021487939541019463,-0.0026999999999999993
2003-07-18,False,IVV,0.08641153928998024,IEF,0.020785180266389425,-0.002599999999999999
2003-07-21,False,IVV,0.07191908224041721,IEF,0.006501625170268754,-0.0024999999999999988
2003-07-22,False,SPY,0.06779606158856066,IEF,0.005709825394116352,-0.0024999999999999988
2003-07-23,False,SPY,0.07061726860817519,IEF,0.005153764101360592,-0.002399999999999999
2003-07-24,False,SPY,0.05256950406846905,IEF,0.004763264951843871,-0.0024999999999999988
2003-07-25,False,SPY,0.07712941517193661,IEF,0.003460223698074749,-0.002599999999999999
2003-07-28,False,SPY,0.08406463839196299,IEF,-0.007589806300439261,-0.0020999999999999994
2003-07-29,False,SPY,0.06433483298297227,IEF,-0.02068268032725984,-0.0019999999999999996
2003-07-30,False,IVV,0.04877943498452675,IEF,-0.009129689269896213,-0.0020999999999999994
2003-07-31,False,SPY,0.053215805120585324,IEF,-0.01961614929813571,-0.0025
2003-08-01,False,IVV,0.045978955613429795,IEF,-0.02246921898823928,-0.0025
2003-08-04,False,SPY,0.03950038658489663,IEF,-0.018237284934478293,-0.0024
2003-08-05,False,SPY,0.02002007069763434,IEF,-0.02571168929441936,-0.0025
2003-08-06,False,SPY,0.05052713270615872,IEF,-0.019017520958845013,-0.0025
2003-08-07,False,SPY,0.06375767080313421,IEF,-0.01754153647698431,-0.0025
2003-08-08,False,IVV,0.06402089584242754,IEF,-0.019573333864111753,-0.0023
2003-08-11,False,SPY,0.05811039860901235,IEF,-0.02543741392520049,-0.0021999999999999997
2003-08-12,False,SPY,0.06559992938408854,IEF,-0.02517245217809594,-0.0023
2003-08-13,False,SPY,0.041916140435322546,IEF,-0.03920121371038443,-0.0016000000000000014
2003-08-14,False,SPY,0.041808080973608774,IEF,-0.04040905510652992,-0.001200000000000001
2003-08-15,False,IVV,0.046293273042801175,IEF,-0.04053753198341892,-0.0015000000000000013
2003-08-18,False,IVV,0.039735156872208854,IEF,-0.03544543319919213,-0.0014000000000000013
2003-08-19,False,IVV,0.038964891945921565,IEF,-0.016782311235925995,-0.0016000000000000014
2003-08-20,False,SPY,0.031344306877742145,IEF,-0.024742298156941844,-0.0016999999999999993
2003-08-21,False,IVV,0.019905438808581755,IEF,-0.020699398735648522,-0.0017999999999999993
2003-08-22,False,SPY,0.004831314521935637,IEF,-0.01461771795680955,-0.0015999999999999992
2003-08-25,False,IVV,0.008467232481938813,IEF,-0.01416708863656213,-0.0013999999999999991
2003-08-26,False,SPY,0.022622679532086076,IEF,-0.011290769643243492,-0.0015999999999999992
2003-08-27,False,SPY,0.012622518291264262,IEF,-0.004573289064979336,-0.0017999999999999993
2003-08-28,False,IVV,0.007822672448011048,IEF,-0.007234864052225731,-0.0017999999999999993
2003-08-29,False,IVV,0.00990060921222935,IEF,-0.010086010405971013,-0.0019999999999999996
2003-09-02,False,SPY,0.036283925696239505,IEF,-0.022176441089900356,-0.0019999999999999996
2003-09-03,False,IVV,0.020027624309392644,IEF,-0.021505792397596202,-0.0018999999999999996
2003-09-04,False,SPY,0.020899393961959944,IEF,-0.01681403736828846,-0.0016999999999999993
2003-09-05,False,SPY,0.016072986607788886,IEF,-0.011494368973037461,-0.0017999999999999993
2003-09-08,False,SPY,0.0403480677160446,IEF,-0.014819796487821946,-0.0015000000000000013
2003-09-09,False,SPY,0.03580046187046526,IEF,-0.00304490068095975,-0.0016999999999999993
2003-09-10,False,SPY,0.03596831001764422,IEF,0.0019673708755632013,-0.0015000000000000013
2003-09-11,False,IVV,0.03691683569979687,IEF,0.0001615064282267653,-0.0015000000000000013
2003-09-12,False,SPY,0.05044599662099847,IEF,0.006552336558278693,-0.0020999999999999994
2003-09-15,False,SPY,0.033299523280378995,IEF,0.004571440758720069,-0.0018999999999999996
2003-09-16,False,IVV,0.06000625043886143,IEF,0.00035503033592299005,-0.0019999999999999983
2003-09-17,False,IVV,0.05805506668006144,IEF,0.008608628740628621,-0.0018999999999999996
2003-09-18,False,IVV,0.06126134003554995,IEF,0.011084764140226966,-0.0020999999999999994
2003-09-19,False,SPY,0.04309974069659428,IEF,0.013930552147656705,-0.0025
2003-09-22,False,SPY,0.042594116383762426,IEF,0.005982873091111118,-0.0023
2003-09-23,False,SPY,0.026189156323377594,IEF,0.006123433494326758,-0.002399999999999999
2003-09-24,False,IVV,0.0033472266738465706,IEF,0.012516132510429046,-0.0023
2003-09-25,False,SPY,0.0008647352814468157,IEF,0.01583719117041471,-0.0024
2003-09-26,False,IVV,0.010405921837659315,IEF,0.02332233531607164,-0.0024
2003-09-29,False,SPY,0.01076903866640122,IEF,0.019403172594510742,-0.0020999999999999994
2003-09-30,False,SPY,-0.003914438415649757,IEF,0.023282920400511387,-0.0019999999999999996
2003-10-01,False,SPY,0.019539590140695173,IEF,0.020723744096267316,-0.0018999999999999996
2003-10-02,False,IVV,0.028835233425252182,IEF,0.018118742481208372,-0.0019999999999999996
2003-10-03,False,IVV,0.0530238996760779,IEF,0.005773191787887599,-0.0020999999999999994
2003-10-06,False,IVV,0.04749223792535373,IEF,0.0026685987927972388,-0.0018999999999999996
2003-10-07,False,SPY,0.0649403731788929,IEF,-0.003940010978522257,-0.0018000000000000004
2003-10-08,False,IVV,0.05261723828877418,IEF,0.0033036738129845755,-0.0021000000000000007
2003-10-09,False,SPY,0.05484094204654921,IEF,-0.0030392512978613118,-0.002199999999999999
2003-10-10,False,IVV,0.061889822270658534,IEF,-0.006215655973683454,-0.0018000000000000004
2003-10-13,False,SPY,0.05063160135304079,IEF,-0.01458143303239856,-0.0018500000000000005
2003-10-14,False,SPY,0.05824384437181318,IEF,-0.019560096426314955,-0.0016000000000000003
2003-10-15,False,IVV,0.05995441320138828,IEF,-0.024622062530866407,-0.0018000000000000004
2003-10-16,False,SPY,0.06713164957940032,IEF,-0.034067146615569865,-0.0017000000000000003
2003-10-17,False,SPY,0.05304698525131557,IEF,-0.02974085464718379,-0.0016000000000000003
2003-10-20,False,SPY,0.07040245322748939,IEF,-0.03433007385983933,-0.001100000000000001
2003-10-21,False,SPY,0.06856817638298596,IEF,-0.031615778570403985,-0.0013
2003-10-22,False,IVV,0.07767030014867937,IEF,-0.02976337303206933,-0.0009000000000000008
2003-10-23,False,IVV,0.06931113922636367,IEF,-0.03263892232703147,-0.0009000000000000008
2003-10-24,False,IVV,0.060882311793256205,IEF,-0.03232264783309857,-0.0009000000000000008
2003-10-27,False,SPY,0.05850532860825752,IEF,-0.03190113830310093,-0.0008000000000000007
2003-10-28,False,IVV,0.06790381974498949,IEF,-0.03190717527704168,-0.001200000000000001
2003-10-29,False,IVV,0.06057582838919995,IEF,-0.03708123968533328,-0.001200000000000001
2003-10-30,False,SPY,0.06832327317267683,IEF,-0.03704675318487949,-0.0013000000000000012
2003-10-31,False,IVV,0.06278042001624651,IEF,-0.03383730611357194,-0.0016000000000000014
2003-11-03,False,SPY,0.0680486611062896,IEF,-0.04256220552576717,-0.0014000000000000013
2003-11-04,False,SPY,0.05660951537378578,IEF,-0.038604851108692606,-0.0016000000000000014
2003-11-05,False,SPY,0.053424835574670704,IEF,-0.03830258335130987,-0.0017999999999999993
2003-11-06,False,SPY,0.0633210573317915,IEF,-0.04954620451772229,-0.001200000000000001
2003-11-07,False,SPY,0.05207453191029443,IEF,-0.05389276004041221,-0.0009000000000000008
2003-11-10,False,SPY,0.05829297620385687,IEF,-0.05084197855902384,-0.0007000000000000006
2003-11-11,False,SPY,0.056297140992970895,IEF,-0.04829614079164879,-0.0009000000000000008
2003-11-12,False,IVV,0.06556561617771295,IEF,-0.050439004076486826,-0.0008000000000000007
2003-11-13,False,SPY,0.06621173080029252,IEF,-0.04748020078915316,-0.00030000000000000024
2003-11-14,False,SPY,0.05068444292317942,IEF,-0.04027378431362949,0.00010000000000000009
2003-11-17,False,SPY,0.0383962957439834,IEF,-0.042868807682913346,0.00039999999999999926
2003-11-18,False,SPY,0.014014678755854826,IEF,-0.04243126840353717,0.0009999999999999998
2003-11-19,False,SPY,0.0170676462747954,IEF,-0.04397374150209088,0.0007999999999999996
2003-11-20,False,SPY,0.007450724894882965,IEF,-0.03274598681871943,0.0004999999999999994
2003-11-21,False,SPY,0.017330942488172907,IEF,-0.027341658971527183,0.0004999999999999994
2003-11-24,False,IVV,0.021658800866067418,IEF,-0.03387903997009578,0.0014999999999999992
2003-11-25,False,SPY,0.033000105083054176,IEF,-0.02996789296138036,0.0012
2003-11-26,False,IVV,0.04673830551469749,IEF,-0.036038934805844636,0.0008999999999999997
2003-11-28,False,SPY,0.04499103127832793,IEF,-0.04687199680794285,0.0010000000000000009
2003-12-01,False,IVV,0.05367721557544125,IEF,-0.045001240193102476,0.00029999999999999916
2003-12-02,False,SPY,0.055384367596491346,IEF,-0.03271691386731468,0.00029999999999999916
2003-12-03,False,SPY,0.038555027718985224,IEF,-0.03438045360213893,0.0006999999999999996
2003-12-04,False,IVV,0.044550131029796436,IEF,-0.034599396625271006,0.00030000000000000024
2003-12-05,False,IVV,0.02542454187853771,IEF,-0.02074848220021197,0.00030000000000000024
2003-12-08,False,IVV,0.036722891566265625,IEF,-0.02543938287036185,0.0006000000000000005
2003-12-09,False,IVV,0.040148119274996175,IEF,-0.024080710626545487,0.0006000000000000005
2003-12-10,False,SPY,0.036817572628374595,IEF,-0.016362713826720165,0.00010000000000000009
2003-12-11,False,SPY,0.06745128011619683,IEF,-0.010751983895109452,-0.00020000000000000017
2003-12-12,False,SPY,0.07838053528500799,IEF,-0.012565661935406314,0.00010000000000000009
2003-12-15,False,SPY,0.07653828143686803,IEF,-0.015288134729435132,0.00010000000000000009
2003-12-16,False,SPY,0.07163384523927396,IEF,-0.016797674608576618,0.00020000000000000017
2003-12-17,False,SPY,0.08554280396826841,IEF,-0.008490166436319058,-0.00010000000000000009
2003-12-18,False,SPY,0.07484324892548555,IEF,0.008640333710348003,-0.00030000000000000024
2003-12-19,False,IVV,0.06774319218129143,IEF,0.008406943243606468,-0.00030000000000000024
2003-12-22,False,SPY,0.06566586048608736,IEF,0.007799335197758772,0.0
2003-12-23,False,IVV,0.06147335491346162,IEF,0.0035095481527769312,-0.00010000000000000009
2003-12-24,False,SPY,0.056387874078269284,IEF,0.02316334187188307,-0.00030000000000000024
2003-12-26,False,SPY,0.05980167882624099,IEF,0.02277959625146364,-0.0006000000000000005
2003-12-29,False,IVV,0.07056294191864487,IEF,0.01345082989945845,-0.00030000000000000024
2003-12-30,False,SPY,0.0682450484086814,IEF,0.01631549815677369,9.999999999999897e-05
2003-12-31,False,IVV,0.06432469221401416,IEF,0.019419063310827545,0.00019999999999999906
2004-01-02,False,SPY,0.061618957324083956,IEF,0.018690712898420392,-0.00039999999999999926
2004-01-05,False,IVV,0.07579462272615478,IEF,0.027865189002589164,-0.0007999999999999996
2004-01-06,False,IVV,0.07261436646209485,IEF,0.027312891621273927,-0.0006999999999999996
2004-01-07,False,SPY,0.0882857083999431,IEF,0.036535819290511196,-0.0004999999999999994
2004-01-08,False,SPY,0.08450872594048087,IEF,0.038118271104584656,-0.0006999999999999996
2004-01-09,False,SPY,0.07688452611242913,IEF,0.04270133756599992,-0.0009999999999999998
2004-01-12,False,SPY,0.0986675975782012,IEF,0.049732195471321905,-0.0006999999999999996
2004-01-13,False,SPY,0.09427110341975808,IEF,0.04467011092623596,-0.0005999999999999994
2004-01-14,False,SPY,0.10095932238677507,IEF,0.043000207876335184,-0.0006999999999999996
2004-01-15,False,SPY,0.10314288127950721,IEF,0.04372775412516883,-0.0007999999999999996
2004-01-16,False,SPY,0.09263925115210037,IEF,0.043720424382171386,-0.0006999999999999996
2004-01-20,False,IVV,0.09082709169976821,IEF,0.04376931569326725,-0.0005999999999999994
2004-01-21,False,IVV,0.0962690390120362,IEF,0.05856892959669824,-0.0006999999999999996
2004-01-22,False,SPY,0.09538008953377775,IEF,0.0609338993891404,-0.0007999999999999996
2004-01-23,False,IVV,0.08393159867142108,IEF,0.05334813944997796,-0.0004999999999999994
2004-01-26,False,SPY,0.10078092337724431,IEF,0.045780415163036325,-0.0005999999999999994
2004-01-27,False,SPY,0.08865230452770678,IEF,0.04166843949121657,-0.0004999999999999994
2004-01-28,False,IVV,0.07027937471133816,IEF,0.03910847221900049,-0.00020000000000000017
2004-01-29,False,SPY,0.07960681809296033,IEF,0.04176165384555652,-0.00030000000000000024
2004-01-30,False,SPY,0.08402050901696412,IEF,0.045776887255032817,-0.0005999999999999994
2004-02-02,False,SPY,0.08901181996331564,IEF,0.04928520438192674,-0.0008000000000000007
2004-02-03,False,SPY,0.0751311137713202,IEF,0.04954568167271267,-0.0007000000000000006
2004-02-04,False,SPY,0.06604257518500978,IEF,0.05035606452190544,-0.0006000000000000005
2004-02-05,False,IVV,0.07793404943161475,IEF,0.039150472092333244,-0.0005000000000000004
2004-02-06,False,IVV,0.09580849222645904,IEF,0.04838937490077422,-0.0004999999999999994
2004-02-09,False,SPY,0.10768505485503277,IEF,0.06134624319221671,-0.00040000000000000034
2004-02-10,False,IVV,0.10114119872046068,IEF,0.055679156436380994,-0.00020000000000000017
2004-02-11,False,IVV,0.12319621784703072,IEF,0.0544452903017667,-0.00039999999999999926
2004-02-12,False,IVV,0.11450972236815926,IEF,0.04065006251688774,-0.00029999999999999916
2004-02-13,False,SPY,0.09551176684911078,IEF,0.048183162844158245,-0.0004999999999999994
2004-02-17,False,SPY,0.10123606184394296,IEF,0.04318884163942216,-0.00010000000000000009
2004-02-18,False,IVV,0.09196682393986588,IEF,0.03591317687471629,-0.00020000000000000017
2004-02-19,False,IVV,0.08729432753597965,IEF,0.04032707608627617,-0.00020000000000000017
2004-02-20,False,SPY,0.07271284008573997,IEF,0.03265945989120089,-0.00020000000000000017
2004-02-23,False,SPY,0.0726965739759784,IEF,0.0341894177180615,0.00010000000000000009
2004-02-24,False,SPY,0.07252311729139094,IEF,0.03684542971685634,0.00039999999999999926
2004-02-25,False,SPY,0.07261951929531785,IEF,0.03231353427478023,0.00010000000000000009
2004-02-26,False,IVV,0.08019989253106563,IEF,0.030882665710541657,0.0
2004-02-27,False,SPY,0.07431962704825112,IEF,0.03494219902466833,0.00010000000000000009
2004-03-01,False,SPY,0.09340424266734915,IEF,0.04055406325789668,0.00020000000000000017
2004-03-02,False,SPY,0.08710524623903981,IEF,0.03210447057430543,0.00039999999999999926
2004-03-03,False,IVV,0.07652719432207,IEF,0.025950217793360153,0.00020000000000000017
2004-03-04,False,SPY,0.07766928847028076,IEF,0.027728681113509124,0.00020000000000000017
2004-03-05,False,SPY,0.08671936256265678,IEF,0.032632133782302786,0.0
2004-03-08,False,IVV,0.067198811954706,IEF,0.04290961421124306,0.0
2004-03-09,False,SPY,0.06029588333403613,IEF,0.03679647946383646,0.00010000000000000009
2004-03-10,False,SPY,0.030924298472871925,IEF,0.03758828786168,0.00010000000000000009
2004-03-11,False,IVV,0.020291984207143177,IEF,0.041449690696762964,0.00030000000000000024
2004-03-12,False,IVV,0.02643332421839295,IEF,0.052838170394980066,0.00020000000000000017
2004-03-15,False,SPY,0.013396463681861537,IEF,0.05033882152227931,0.00020000000000000017
2004-03-16,False,SPY,0.01979563894009284,IEF,0.061598691427049435,0.00039999999999999926
2004-03-17,False,IVV,0.0293287184625195,IEF,0.058997537711711345,0.00020000000000000017
2004-03-18,False,IVV,0.01681805917798318,IEF,0.05901538550145258,0.00020000000000000017
2004-03-19,False,SPY,0.0024712898003245165,IEF,0.054446679806614995,0.00019999999999999906
2004-03-22,False,SPY,-0.011145298408071325,IEF,0.060035925829885706,0.00024999999999999914
2004-03-23,False,IVV,-0.012483161203412418,IEF,0.06588746941047585,0.00019999999999999906
2004-03-24,False,IVV,-0.022589825684809717,IEF,0.0689737844895828,0.0
2004-03-25,False,IVV,-0.010300124311845016,IEF,0.07340822362970578,9.999999999999897e-05
2004-03-26,False,IVV,-0.01345013715600385,IEF,0.06086343677221118,0.00019999999999999906
2004-03-29,False,SPY,-0.0034380196726536694,IEF,0.05562571859411314,0.00010000000000000009
2004-03-30,False,SPY,0.008733437733613458,IEF,0.05410454409203824,0.00029999999999999916
2004-03-31,False,SPY,0.002490797798615274,IEF,0.050349394361484556,-0.00010000000000000009
2004-04-01,False,IVV,0.014324678045438244,IEF,0.05112789842656684,-0.00029999999999999916
2004-04-02,False,IVV,0.01317006021959477,IEF,0.024531849971890285,0.0
2004-04-05,False,SPY,0.016696452394163508,IEF,0.022263746322612077,-0.00040000000000000034
2004-04-06,False,SPY,0.009440673819192558,IEF,0.02105106341368268,-0.00020000000000000017
2004-04-07,False,SPY,0.0073331829652587555,IEF,0.02780872640400167,-0.00010000000000000009
2004-04-08,False,SPY,-0.002810336013836734,IEF,0.029654707583711692,-0.00029999999999999916
2004-04-12,False,IVV,0.0029303252301851046,IEF,0.02275203037237228,-0.00020000000000000017
2004-04-13,False,SPY,-0.007144969631496134,IEF,0.01866565385679042,-0.00020000000000000017
2004-04-14,False,IVV,-0.01817739824648479,IEF,0.014317803229429105,0.0
2004-04-15,False,IVV,-0.01254285741155814,IEF,0.01648979272359674,-0.00010000000000000009
2004-04-16,False,IVV,0.007169555084936885,IEF,0.025486623980505163,-0.00020000000000000017
2004-04-19,False,IVV,0.00654626884643883,IEF,0.02452989040364706,0.0
2004-04-20,False,IVV,-0.010854197158116752,IEF,0.01747162614461173,0.0
2004-04-21,False,IVV,-0.008161520602010142,IEF,0.017954650269689898,0.00030000000000000024
2004-04-22,False,IVV,0.005655311852582834,IEF,0.018673443335786688,0.00020000000000000017
2004-04-23,False,SPY,0.01698265673489696,IEF,0.005671878620420623,0.00040000000000000034
2004-04-26,False,SPY,0.012598675104525281,IEF,0.00010930557903732208,0.00040000000000000034
2004-04-27,False,IVV,0.002139913656310055,IEF,0.0028719296706352093,0.00020000000000000017
2004-04-28,False,IVV,-0.011432379858850483,IEF,-0.00777268877003956,0.00010000000000000009
2004-04-29,False,SPY,-0.02283412351420122,IEF,-0.003264493074733643,0.00020000000000000017
2004-04-30,True,SPY,-0.040627177082431465,IEF,-0.007072777958666676,0.00030000000000000024
2004-05-03,True,IVV,-0.027071596798496245,IEF,-0.006989325245059574,0.0006000000000000005
2004-05-04,True,SPY,-0.023205807300398118,IEF,-0.004605654268861281,0.00040000000000000034
2004-05-05,True,IVV,-0.02743973802825994,IEF,-0.009335772703796374,0.00040000000000000034
2004-05-06,True,SPY,-0.02985111554775821,IEF,-0.007845245316925542,0.0006000000000000005
2004-05-07,True,SPY,-0.04234273880111106,IEF,-0.013577260646070122,0.0014000000000000002
2004-05-10,True,IVV,-0.0499468558547439,IEF,-0.008247417804027601,0.0013000000000000012
2004-05-11,True,IVV,-0.03951206574993815,IEF,-0.009148545350689874,0.001100000000000001
2004-05-12,True,IVV,-0.03177300577224751,IEF,-0.007998883124409661,0.0010000000000000009
2004-05-13,True,IVV,-0.039665539699826446,IEF,-0.013159022870808612,0.0006999999999999996
2004-05-14,True,SPY,-0.03922800135292759,IEF,-0.020117855702050935,0.0006999999999999996
2004-05-17,True,IVV,-0.04818375673678621,IEF,-0.010038039764035611,0.0013
2004-05-18,True,IVV,-0.05344920567120892,IEF,-0.007025266963318955,0.0012
2004-05-19,True,IVV,-0.051670947753719054,IEF,-0.014077006774663281,0.0010999999999999998
2004-05-20,True,SPY,-0.04909981267356334,IEF,-0.015096949352718325,0.0013
2004-05-21,True,IVV,-0.049959482176415215,IEF,-0.017252360284227497,0.0012
2004-05-24,True,IVV,-0.04953133110262398,IEF,-0.016069771941619515,0.0017000000000000003
2004-05-25,True,IVV,-0.02429815332261409,IEF,-0.017680569040463,0.0016000000000000003
2004-05-26,True,IVV,-0.016861664334778315,IEF,-0.015329197095485525,0.0018000000000000004
2004-05-27,False,IVV,0.005502233954661984,IEF,-0.013323197743456361,0.0017000000000000003
2004-05-28,False,SPY,0.019268862563691203,IEF,-0.01617185212562977,0.0020000000000000005
2004-06-01,False,IVV,0.004523673680053575,IEF,-0.0184091014184955,0.0026999999999999993
2004-06-02,False,IVV,0.0202176616312435,IEF,-0.013368014497107228,0.0026999999999999993
2004-06-03,False,SPY,0.006247572198047502,IEF,-0.017952478106417202,0.0026999999999999993
2004-06-04,False,SPY,0.003021820656279539,IEF,-0.025110445145851812,0.0034
2004-06-07,False,IVV,0.017921293598004873,IEF,-0.017701003108683055,0.0034
2004-06-08,False,IVV,0.03385389970282082,IEF,-0.016899057631358794,0.003300000000000001
2004-06-09,False,IVV,0.03761955656321225,IEF,-0.0214969346131757,0.0032000000000000006
2004-06-10,False,IVV,0.04378965623992359,IEF,-0.012489772312487157,0.0037
2004-06-14,False,SPY,0.033500665444984756,IEF,-0.01650519979999654,0.004999999999999999
2004-06-15,False,IVV,0.026771672875792296,IEF,-0.01086326813337557,0.004300000000000001
2004-06-16,False,IVV,0.026045366762408317,IEF,-0.015236694618406599,0.0039000000000000003
2004-06-17,False,IVV,0.010919744318182323,IEF,-0.012481274177558177,0.004
2004-06-18,False,SPY,0.009504788797868757,IEF,-0.026007712192785415,0.004200000000000001
2004-06-21,False,IVV,0.00353263269451487,IEF,-0.02446845863802105,0.0044
2004-06-22,False,SPY,0.0035530654283206786,IEF,-0.030967997588999374,0.004300000000000001
2004-06-23,False,IVV,0.004271641530817272,IEF,-0.0314641687042263,0.0041
2004-06-24,False,IVV,-0.00424794104898063,IEF,-0.028265211026416437,0.0041
2004-06-25,False,IVV,-0.007041029207232152,IEF,-0.02372988044932145,0.004200000000000001
2004-06-28,True,IVV,-0.007278591352858688,IEF,-0.029234258895644127,0.004899999999999999
2004-06-29,True,IVV,-0.000639660532843811,IEF,-0.027454772912347547,0.004899999999999999
2004-06-30,True,SPY,0.0011063940958899732,IEF,-0.025628411380363092,0.0045000000000000005
2004-07-01,True,IVV,0.00038129119983576487,IEF,-0.0163235073357042,0.0031999999999999997
2004-07-02,True,SPY,-0.0008728544834573082,IEF,-0.003728028260286287,0.004
2004-07-06,True,SPY,-0.005865579379229824,IEF,-0.009569879786475166,0.004300000000000001
2004-07-07,True,SPY,-0.010554117421229137,IEF,-0.0018904765516848387,0.0036000000000000008
2004-07-08,True,IVV,-0.01765806017291094,IEF,-0.0005989424179601022,0.003300000000000001
2004-07-09,True,IVV,0.0010597645133172406,IEF,-0.003487211175711158,0.0036
2004-07-12,True,IVV,-0.004355641841569335,IEF,-0.0013088641872219808,0.004000000000000001
2004-07-13,True,SPY,-0.017353908729014877,IEF,-0.007298604070544057,0.004000000000000001
2004-07-14,True,IVV,-0.021412933844974558,IEF,-0.006147170573983396,0.004000000000000001
2004-07-15,True,IVV,-0.02777067115589693,IEF,-0.002887108934220395,0.004100000000000001
2004-07-16,True,IVV,-0.028022975143703444,IEF,0.0006679088387697707,0.004200000000000001
2004-07-19,True,SPY,-0.01931028165455939,IEF,-0.0019011473552894564,0.004100000000000001
2004-07-20,True,SPY,0.001936071110735238,IEF,-0.005631162046038196,0.004100000000000001
2004-07-21,True,IVV,-0.010069727063150347,IEF,-0.012958762014408265,0.004200000000000001
2004-07-22,True,SPY,-0.01667320384917803,IEF,-0.011203059872714194,0.0044
2004-07-23,True,IVV,-0.02642300895420968,IEF,-0.011369715220012289,0.004599999999999998
2004-07-26,True,SPY,-0.03222210078293741,IEF,-0.014787726457328176,0.005
2004-07-27,True,IVV,-0.015440793350807613,IEF,-0.021514558263527883,0.0052
2004-07-28,True,IVV,0.0037512121674883048,IEF,-0.020663900486830644,0.0052
2004-07-29,False,IVV,0.019330325566923268,IEF,-0.01641353988831218,0.0051
2004-07-30,False,SPY,0.013609082384099525,IEF,-0.012891920738053786,0.0048
2004-08-02,False,IVV,0.008746160157592886,IEF,-0.013633554156237904,0.0053
2004-08-03,False,SPY,0.005648766250670123,IEF,-0.012416976451185668,0.0052
2004-08-04,False,IVV,0.004936543569753038,IEF,-0.011520204811431012,0.0053
2004-08-05,False,IVV,-0.003144847471410861,IEF,-0.012458027630291912,0.0052
2004-08-06,True,SPY,-0.02198752313908936,IEF,1.2496646504045472e-05,0.004699999999999999
2004-08-09,True,SPY,-0.017208555017095728,IEF,0.002517312796448845,0.0054
2004-08-10,True,IVV,-0.010430546085680836,IEF,-0.0006881336645424563,0.0053
2004-08-11,True,IVV,-0.01195207852001412,IEF,-0.00039942038113716105,0.0048
2004-08-12,True,IVV,-0.026359857458279623,IEF,-0.011373163249420837,0.0049
2004-08-13,True,SPY,-0.03817332122194739,IEF,-0.015155708031091675,0.0048
2004-08-16,True,IVV,-0.03191847294962302,IEF,-0.01988281964360028,0.0053
2004-08-17,True,SPY,-0.0315710620898173,IEF,-0.0151570881130636,0.0052
2004-08-18,True,IVV,-0.021749062055055335,IEF,-0.018498636265433133,0.0052
2004-08-19,True,SPY,-0.023072610065329457,IEF,-0.013051615423613327,0.0052
2004-08-20,True,IVV,-0.020722421472440078,IEF,-0.015578982739106517,0.0053
2004-08-23,True,IVV,-0.013778711801834653,IEF,-0.02370949132811251,0.0058000000000000005
2004-08-24,True,IVV,-0.02094086878995438,IEF,-0.02212450397100696,0.0060999999999999995
2004-08-25,True,IVV,-0.028194583348047586,IEF,-0.018896501790080178,0.0060999999999999995
2004-08-26,True,IVV,-0.02986883540268137,IEF,-0.01327630486802478,0.006100000000000001
2004-08-27,True,IVV,-0.01749114446769917,IEF,-0.018121405220415276,0.006100000000000001
2004-08-30,True,SPY,-0.029886550570326964,IEF,-0.01611458638087726,0.006600000000000002
2004-08-31,True,SPY,-0.01506285131808316,IEF,-0.011185011257541122,0.0066
2004-09-01,True,IVV,-0.020277399992613576,IEF,-0.00999658998347941,0.006400000000000001
2004-09-02,True,SPY,-0.008860187178968637,IEF,-0.009020391761971114,0.0065000000000000014
2004-09-03,True,SPY,-0.011435801688600589,IEF,-0.007504286952655481,0.0069
2004-09-07,True,IVV,-0.006980166727638015,IEF,-0.007261316825517672,0.006999999999999999
2004-09-08,True,SPY,-0.005476987777658371,IEF,-0.005184545311126776,0.006999999999999999
2004-09-09,True,IVV,-0.012153024679935176,IEF,-0.004492038274633736,0.007099999999999999
2004-09-10,False,IVV,-0.015422236970293213,IEF,0.01628198737724662,0.0070999999999999995
2004-09-13,False,SPY,-0.008392333319278023,IEF,0.02381029572578086,0.0072
2004-09-14,False,SPY,-0.0015810963310293191,IEF,0.020449837956716177,0.0072
2004-09-15,False,IVV,-0.0058160028198798175,IEF,0.01925864090943552,0.0072
2004-09-16,False,SPY,-0.006846901454475529,IEF,0.02677964805209543,0.007399999999999999
2004-09-17,False,IVV,-0.008728288382648386,IEF,0.026453617592345324,0.0077
2004-09-20,False,SPY,-3.575563411795102e-05,IEF,0.040402778999110156,0.0079
2004-09-21,False,IVV,0.004513673776439964,IEF,0.0418682607842189,0.0077
2004-09-22,False,SPY,0.0010917437815274322,IEF,0.047585522153406945,0.0076
2004-09-23,False,SPY,-0.007220982040487156,IEF,0.04012495599477828,0.0078000000000000005
2004-09-24,False,IVV,0.003945126871693239,IEF,0.042722526453970344,0.0077
2004-09-27,False,SPY,-0.0046645143164048,IEF,0.05325258459293658,0.0077
2004-09-28,False,SPY,-0.0003486081159735921,IEF,0.05002200158652381,0.0073
2004-09-29,False,IVV,0.003921931466237094,IEF,0.039371784505748186,0.0075
2004-09-30,False,IVV,0.005630288161833086,IEF,0.042624341158888024,0.0073
2004-10-01,False,SPY,0.029971574079965535,IEF,0.038590282300553724,0.0072
2004-10-04,False,SPY,0.03253216217938415,IEF,0.034875971301632,0.0073
2004-10-05,False,IVV,0.03667241398803567,IEF,0.04169333606646597,0.0074
2004-10-06,False,IVV,0.030077877373471784,IEF,0.040642557718658434,0.0074
2004-10-07,False,SPY,0.039605929903796744,IEF,0.03631861765167854,0.0072
2004-10-08,False,IVV,0.027285399390701626,IEF,0.04551118330940307,0.0070999999999999995
2004-10-11,False,IVV,0.0400057490642487,IEF,0.05025070083573513,0.007150000000000001
2004-10-12,False,SPY,0.0390456122306404,IEF,0.05266156990857418,0.0073
2004-10-13,False,SPY,0.020334461450135066,IEF,0.05748965358426772,0.0072
2004-10-14,False,SPY,0.00906795718322595,IEF,0.07442976356773712,0.006699999999999999
2004-10-15,False,IVV,0.0102749088932228,IEF,0.07108366727176563,0.0068
2004-10-18,False,IVV,0.010344013478988723,IEF,0.07060368102767112,0.0076
2004-10-19,False,SPY,0.0011595693093471304,IEF,0.07180317310936957,0.0078000000000000005
2004-10-20,False,SPY,0.006967443125892592,IEF,0.07995970466240587,0.0082
2004-10-21,False,IVV,0.013028568293023124,IEF,0.07306016632167034,0.008600000000000002
2004-10-22,False,SPY,0.018871624340254467,IEF,0.0691170439667892,0.0079
2004-10-25,False,IVV,0.032171369863088994,IEF,0.07243349380380382,0.008499999999999999
2004-10-26,False,SPY,0.04674869880727095,IEF,0.0755504911131668,0.0087
2004-10-27,False,SPY,0.04583559243297053,IEF,0.06364094062381698,0.008899999999999998
2004-10-28,False,SPY,0.05111933063143659,IEF,0.06758344192083787,0.008799999999999999
2004-10-29,False,IVV,0.062080098246059645,IEF,0.06989677979854614,0.008399999999999998
2004-11-01,False,IVV,0.06289218701685506,IEF,0.06425196817809198,0.0092
2004-11-02,False,SPY,0.05282028664877103,IEF,0.06155992490047457,0.008899999999999998
2004-11-03,False,IVV,0.05938567781662796,IEF,0.05543751884176795,0.009
2004-11-04,False,IVV,0.06346500625878826,IEF,0.057754026326802155,0.009
2004-11-05,False,IVV,0.07288736134593998,IEF,0.05510696319839603,0.008599999999999998
2004-11-08,False,SPY,0.06440246258699056,IEF,0.055421861950495366,0.009
2004-11-09,False,SPY,0.06501119373149944,IEF,0.05399797114122906,0.009100000000000002
2004-11-10,False,SPY,0.06438250447802574,IEF,0.0562690331994542,0.008700000000000001
2004-11-11,False,SPY,0.06524119385474991,IEF,0.0544726495484853,0.008400000000000001
2004-11-12,False,SPY,0.07364671143390633,IEF,0.05870199324214753,0.008100000000000001
2004-11-15,False,IVV,0.07254814811518018,IEF,0.06231336157225442,0.0085
2004-11-16,False,IVV,0.07398710481009396,IEF,0.060024039572427856,0.008400000000000001
2004-11-17,False,IVV,0.07336469928992262,IEF,0.07086237462839962,0.0072
2004-11-18,False,IVV,0.07408944238227533,IEF,0.05768660860175179,0.007899999999999997
2004-11-19,False,IVV,0.05002666225169672,IEF,0.054194138039778794,0.008499999999999999
2004-11-22,False,SPY,0.05974882484411159,IEF,0.05199212766508188,0.009200000000000002
2004-11-23,False,IVV,0.05424064237868875,IEF,0.05317822150922602,0.009
2004-11-24,False,SPY,0.0595337509035303,IEF,0.052996072029064756,0.0085
2004-11-26,False,SPY,0.059669848286851845,IEF,0.050576359612297006,0.008899999999999998
2004-11-29,False,SPY,0.049423575933209785,IEF,0.04275877315674226,0.009399999999999999
2004-11-30,False,IVV,0.04521458227508934,IEF,0.03774241206518014,0.009399999999999999
2004-12-01,False,IVV,0.05610462282128714,IEF,0.03690205383292189,0.009100000000000002
2004-12-02,False,SPY,0.06541345756027273,IEF,0.042244612246644664,0.008400000000000003
2004-12-03,False,IVV,0.060684058797344065,IEF,0.04769075642676923,0.0083
2004-12-06,False,SPY,0.05667199269633172,IEF,0.043220261060398224,0.0092
2004-12-07,False,IVV,0.052623329279715136,IEF,0.04104805353958363,0.0103
2004-12-08,False,IVV,0.05444489615997172,IEF,0.039861513287381856,0.009400000000000002
2004-12-09,False,IVV,0.0713880456419842,IEF,0.03942119889474727,0.009000000000000001
2004-12-10,False,SPY,0.07870932047427792,IEF,0.04050421040010832,0.0095
2004-12-13,False,SPY,0.08313182011987141,IEF,0.04110915252515146,0.009700000000000002
2004-12-14,False,SPY,0.09387910873978345,IEF,0.041188018284256334,0.0093
2004-12-15,False,IVV,0.08930975675433084,IEF,0.043703507886316384,0.0087
2004-12-16,False,SPY,0.08339745839383395,IEF,0.03793204439215403,0.008600000000000002
2004-12-17,False,IVV,0.07647584973166288,IEF,0.03709181523769978,0.008600000000000002
2004-12-20,False,SPY,0.05933056444710094,IEF,0.03880462076922697,0.008700000000000001
2004-12-21,False,SPY,0.06570651900333013,IEF,0.03027209464136127,0.0085
2004-12-22,False,SPY,0.06771084299231878,IEF,0.029432248609426725,0.0083
2004-12-23,False,SPY,0.061239617977205674,IEF,0.03488225223551367,0.008299999999999998
2004-12-27,False,IVV,0.07031968295904956,IEF,0.032711828271810184,0.009099999999999997
2004-12-28,False,SPY,0.08538021100454918,IEF,0.03135632913981512,0.008799999999999999
2004-12-29,False,SPY,0.0825663464384323,IEF,0.02683868485059171,0.008400000000000003
2004-12-30,False,IVV,0.08458503318328647,IEF,0.03428941728071355,0.007700000000000002
2004-12-31,False,IVV,0.09142753424348937,IEF,0.04288368413926946,0.007600000000000003
2005-01-03,False,IVV,0.09528839780741571,IEF,0.04333653758677847,0.008599999999999998
2005-01-04,False,SPY,0.07628955193391018,IEF,0.03584335679637363,0.0088
2005-01-05,False,SPY,0.06484279284190442,IEF,0.03049866276372204,0.0088
2005-01-06,False,SPY,0.079341514591875,IEF,0.030454463500948936,0.008100000000000001
2005-01-07,False,IVV,0.07938354911339296,IEF,0.027146370863502467,0.008399999999999998
2005-01-10,False,SPY,0.07802311319020139,IEF,0.027638381918827726,0.0087
2005-01-11,False,SPY,0.0827616740121202,IEF,0.026635259185332494,0.008599999999999998
2005-01-12,False,SPY,0.08762029917335679,IEF,0.014319091907311288,0.009
2005-01-13,False,IVV,0.06264855094848132,IEF,0.021735118067113923,0.008400000000000001
2005-01-14,False,SPY,0.05557600121707762,IEF,0.02536576210299679,0.008700000000000001
2005-01-18,False,SPY,0.06335382180463123,IEF,0.02149990114402911,0.009500000000000001
2005-01-19,False,SPY,0.05241402410536877,IEF,0.02077462231615468,0.009400000000000002
2005-01-20,False,SPY,0.04314773317795817,IEF,0.02076555222687082,0.009100000000000002
2005-01-21,False,IVV,0.03625238505354722,IEF,0.023878724132176066,0.0087
2005-01-24,False,SPY,0.021485148518334718,IEF,0.018962385811652993,0.008900000000000002
2005-01-25,False,IVV,0.010281005978614033,IEF,0.01849590866252626,0.009000000000000001
2005-01-26,False,SPY,0.007295528036606491,IEF,0.016226606021510825,0.009300000000000001
2005-01-27,False,SPY,0.010478691065134216,IEF,0.016705009134527993,0.0095
2005-01-28,False,IVV,0.008892931614844501,IEF,0.025447609494472223,0.0092
2005-01-31,False,IVV,0.0179285643186613,IEF,0.024840368909816002,0.009699999999999997
2005-02-01,False,IVV,0.016649596401424382,IEF,0.024017738983403758,0.009699999999999997
2005-02-02,False,IVV,0.01140341698090297,IEF,0.019695357221732657,0.009599999999999997
2005-02-03,False,SPY,0.006700949678740464,IEF,0.019098626569413746,0.0092
2005-02-04,False,IVV,0.02436034885103222,IEF,0.020884630942846094,0.008600000000000002
2005-02-07,False,SPY,0.017379687609372807,IEF,0.018502640400834602,0.009199999999999996
2005-02-08,False,SPY,0.017193465266760688,IEF,0.019614412971979744,0.009100000000000002
2005-02-09,False,SPY,0.020927200853512185,IEF,0.030134397349719455,0.009099999999999997
2005-02-10,False,SPY,0.019743272615483365,IEF,0.026465582977760693,0.008599999999999998
2005-02-11,False,IVV,0.02593566040716566,IEF,0.024546370621624458,0.008899999999999998
2005-02-14,False,IVV,0.02317611413096321,IEF,0.01997808982691751,0.009399999999999999
2005-02-15,False,SPY,0.028355929995389495,IEF,0.020223972123307288,0.0095
2005-02-16,False,IVV,0.03322414674848573,IEF,0.014510563454153358,0.009099999999999999
2005-02-17,False,SPY,0.024698024999571855,IEF,0.009771361440962023,0.009200000000000002
2005-02-18,False,IVV,0.014407875332122178,IEF,0.004439410591461801,0.0095
2005-02-22,False,SPY,-0.0013920043930145676,IEF,0.005614122599736593,0.01
2005-02-23,False,SPY,0.00643970249286685,IEF,0.0009487568400412538,0.01
2005-02-24,False,IVV,0.01280596709307602,IEF,0.0027920984942579885,0.0098
2005-02-25,False,SPY,0.03308512887467718,IEF,-0.0014914456374635066,0.010100000000000003
2005-02-28,False,IVV,0.020265312846835304,IEF,-0.008656408169743557,0.010399999999999998
2005-03-01,False,SPY,0.021780092014297203,IEF,-0.012649211158723084,0.0104
2005-03-02,False,SPY,0.02024730919879536,IEF,-0.009337626936173571,0.010200000000000002
2005-03-03,False,IVV,0.011749357207641253,IEF,-0.009812521714118061,0.010299999999999998
2005-03-04,False,IVV,0.020035615625719316,IEF,-0.00808808886721124,0.010199999999999997
2005-03-07,False,IVV,0.020441903681386764,IEF,-0.006820726866243576,0.010399999999999998
2005-03-08,False,IVV,0.016629757296206416,IEF,-0.005320569678157305,0.0103
2005-03-09,False,SPY,0.012809770381618124,IEF,-0.011867334020532083,0.010499999999999999
2005-03-10,False,SPY,0.014815409602281893,IEF,-0.006124928077404612,0.0104
2005-03-11,False,SPY,0.0,IEF,-0.010639908994105496,0.010499999999999999
2005-03-14,False,IVV,0.0031950706435943665,IEF,-0.00825963691181053,0.010899999999999998
2005-03-15,True,IVV,-0.005480301301005852,IEF,-0.0069043682702472076,0.011000000000000001
2005-03-16,True,IVV,-0.011682823763360717,IEF,-0.002876654962835512,0.011
2005-03-17,True,IVV,-0.015236369626090873,IEF,-0.0074681408306139785,0.0108
2005-03-18,True,IVV,-0.020399769680020108,IEF,-0.01157554136935135,0.01095
2005-03-21,True,IVV,-0.021427394099225228,IEF,-0.012759708685309068,0.011300000000000001
2005-03-22,True,SPY,-0.029034277285563292,IEF,-0.023513695610310692,0.011700000000000002
2005-03-23,True,SPY,-0.023599177755002088,IEF,-0.024672212466632648,0.0109
2005-03-24,True,IVV,-0.010839425258382218,IEF,-0.020559774489014138,0.010799999999999999
2005-03-28,True,IVV,-0.0026967621946062392,IEF,-0.025217618724147406,0.010299999999999998
2005-03-29,True,SPY,-0.013665223110157498,IEF,-0.020871667114152004,0.010199999999999997
2005-03-30,True,SPY,0.0017364865234039684,IEF,-0.02305482238915868,0.0101
2005-03-31,True,IVV,-0.004912049219518155,IEF,-0.01688209886073677,0.009399999999999999
2005-04-01,True,IVV,-0.0030330977769451595,IEF,-0.01762353431920094,0.009499999999999998
2005-04-04,True,IVV,-0.004098071476514975,IEF,-0.01922530296963021,0.009
2005-04-05,True,IVV,0.007772906890080922,IEF,-0.017409288661594968,0.0088
2005-04-06,True,SPY,0.0069970096721239106,IEF,-0.008401890041601856,0.008399999999999998
2005-04-07,True,IVV,0.0010258088803540844,IEF,-0.013677815675242844,0.008600000000000002
2005-04-08,True,IVV,0.001731655948612687,IEF,-0.015469164730571361,0.0088
2005-04-11,False,IVV,0.008885871698092851,IEF,-0.007648826478021786,0.007699999999999998
2005-04-12,False,SPY,0.020446296128695973,IEF,-0.004875820462979186,0.007899999999999997
2005-04-13,False,SPY,0.010400720147492715,IEF,-0.004055951271262459,0.008100000000000001
2005-04-14,False,SPY,-0.005593983771725486,IEF,-0.0008756524786536213,0.007999999999999998
2005-04-15,False,SPY,-0.022436314073553065,IEF,0.013173781665886564,0.007600000000000003
2005-04-18,False,SPY,-0.021108993007359467,IEF,0.012454824734556613,0.0083
2005-04-19,False,SPY,-0.013329126352972342,IEF,0.018059770432524713,0.0083
2005-04-20,False,SPY,-0.033104165157183285,IEF,0.019498504233184333,0.0079
2005-04-21,False,SPY,-0.02054394936290649,IEF,0.01232911614079657,0.007999999999999998
2005-04-22,False,SPY,-0.027203906663689326,IEF,0.012936505512704422,0.0085
2005-04-25,False,IVV,-0.018748485903917755,IEF,0.012461728617689793,0.008100000000000001
2005-04-26,False,SPY,-0.03806102217529572,IEF,0.013054096069205157,0.0077
2005-04-27,False,SPY,-0.033016537267208546,IEF,0.010815708133840918,0.007600000000000003
2005-04-28,False,IVV,-0.0462693093060097,IEF,0.016147781058772903,0.0075
2005-04-29,False,SPY,-0.02601543587142885,IEF,0.018055954235910887,0.0075
2005-05-02,False,IVV,-0.025383485037889564,IEF,0.018381373303404613,0.0073
2005-05-03,False,SPY,-0.03072413180291711,IEF,0.02065074297018632,0.0072000000000000015
2005-05-04,False,IVV,-0.022583434319691897,IEF,0.018977992649387376,0.0069
2005-05-05,False,IVV,-0.02726181878205869,IEF,0.025922907668295414,0.006000000000000001
2005-05-06,False,SPY,-0.030184197413425262,IEF,0.024761754222994314,0.006400000000000001
2005-05-09,False,SPY,-0.016183564941354645,IEF,0.025611381988887905,0.006800000000000001
2005-05-10,False,SPY,-0.027664717446054476,IEF,0.02956449209041412,0.006799999999999997
2005-05-11,False,SPY,-0.007571943439397155,IEF,0.03322231746771953,0.006499999999999999
2005-05-12,False,SPY,-0.025476062105551533,IEF,0.023952216621651923,0.006699999999999999
2005-05-13,False,SPY,-0.03379922551710657,IEF,0.024653158926388752,0.0058000000000000005
2005-05-16,False,SPY,-0.03433882248565934,IEF,0.02489315751712673,0.006400000000000001
2005-05-17,False,SPY,-0.021443155133341496,IEF,0.01865811017322483,0.006399999999999997
2005-05-18,False,SPY,-0.01626599737514589,IEF,0.024370804263807555,0.006199999999999996
2005-05-19,False,IVV,-0.011832657355167697,IEF,0.01972878406513945,0.006200000000000001
2005-05-20,False,SPY,-0.0134517618481228,IEF,0.018895670954624855,0.006599999999999997
2005-05-23,False,SPY,-0.020190889789127198,IEF,0.021731295169191478,0.007600000000000003
2005-05-24,False,SPY,-0.022958939959569546,IEF,0.02076539339796324,0.0073
2005-05-25,False,IVV,-0.02005742092611995,IEF,0.024966223934656195,0.0075
2005-05-26,False,IVV,-0.0039764840762219755,IEF,0.0268828323228405,0.007399999999999998
2005-05-27,False,IVV,-0.0046146616428485165,IEF,0.026750702309412233,0.0075
2005-05-31,False,IVV,-0.00427545713396027,IEF,0.030652953924426463,0.0079
2005-06-01,False,SPY,-0.0013635950495806126,IEF,0.03808033264477784,0.0079
2005-06-02,False,SPY,0.009121363468029164,IEF,0.039035937184759506,0.007800000000000002
2005-06-03,False,IVV,0.012226546746714417,IEF,0.03746858551010068,0.0075
2005-06-06,False,SPY,0.009659856960607671,IEF,0.040348001550571944,0.0077
2005-06-07,False,SPY,0.013413160001576108,IEF,0.04543669774809844,0.007999999999999998
2005-06-08,False,IVV,0.015304402329265665,IEF,0.03959173063410937,0.007999999999999998
2005-06-09,False,SPY,0.030624473385381767,IEF,0.0377559143657169,0.0077
2005-06-10,False,IVV,0.02726989413855918,IEF,0.029122330720908085,0.0069
2005-06-13,False,SPY,0.029366595777416293,IEF,0.03280943253806323,0.0069999999999999975
2005-06-14,False,SPY,0.03026172585903608,IEF,0.029904514461482012,0.006799999999999997
2005-06-15,False,IVV,0.03836580551025692,IEF,0.02857384027708121,0.0069
2005-06-16,False,SPY,0.027246589947537148,IEF,0.032658796810216106,0.006600000000000002
2005-06-17,False,SPY,0.032957121337377826,IEF,0.0315822737356799,0.0063000000000000035
2005-06-20,False,SPY,0.03796119153998134,IEF,0.02796187925946625,0.006800000000000001
2005-06-21,False,IVV,0.03654843922769335,IEF,0.029614519545185125,0.006800000000000001
2005-06-22,False,SPY,0.03273087150149068,IEF,0.03324511092192117,0.006799999999999997
2005-06-23,False,SPY,0.014684621288292288,IEF,0.03277952145028573,0.0069999999999999975
2005-06-24,False,SPY,0.0018287676923012253,IEF,0.03564290755179478,0.0069999999999999975
2005-06-27,False,SPY,0.01380290089553493,IEF,0.03586901636681605,0.007799999999999998
2005-06-28,False,SPY,0.02153242742700434,IEF,0.02965683028274979,0.0079
2005-06-29,False,IVV,0.013499070715133232,IEF,0.027257766804228867,0.0077
2005-06-30,False,IVV,0.019273648966059653,IEF,0.03093428451454172,0.007599999999999998
2005-07-01,False,IVV,0.03612535959833596,IEF,0.025917291359453865,0.007799999999999998
2005-07-05,False,IVV,0.05964623606131214,IEF,0.02150019422849514,0.008100000000000001
2005-07-06,False,SPY,0.047686194213959476,IEF,0.0252097466411223,0.0075
2005-07-07,False,IVV,0.043031261137498555,IEF,0.022321713482697847,0.0069
2005-07-08,False,SPY,0.07036428880814616,IEF,0.01827911957360273,0.006600000000000002
2005-07-11,False,SPY,0.055339628582957046,IEF,0.018501378381828637,0.006800000000000001
2005-07-12,False,IVV,0.06182359960327655,IEF,0.01576566781614308,0.007000000000000002
2005-07-13,False,SPY,0.05666566752442437,IEF,0.016600258212865482,0.007400000000000002
2005-07-14,False,IVV,0.0699253529324988,IEF,0.009957341623778149,0.007599999999999998
2005-07-15,False,SPY,0.06643804956637323,IEF,0.00819398029109264,0.0075
2005-07-18,False,SPY,0.07567074429404275,IEF,0.005601023674335126,0.008099999999999996
2005-07-19,False,IVV,0.06674103586734526,IEF,0.002120961555591494,0.008000000000000002
2005-07-20,False,SPY,0.06474207248867692,IEF,0.010320597268905995,0.0079
2005-07-21,False,SPY,0.056716016665374624,IEF,0.004152892126009666,0.008000000000000002
2005-07-22,False,SPY,0.055628767314495065,IEF,0.007598955931686691,0.0079
2005-07-25,False,SPY,0.05299655993018493,IEF,0.007350082586495388,0.0085
2005-07-26,False,IVV,0.05709462127144138,IEF,0.011721677509732187,0.008600000000000003
2005-07-27,False,IVV,0.05422259084898107,IEF,0.012547904942663113,0.008199999999999999
2005-07-28,False,IVV,0.07258470382463189,IEF,0.02211836967336378,0.008000000000000002
2005-07-29,False,IVV,0.05864248656604398,IEF,0.01588807573574247,0.0075
2005-08-01,False,IVV,0.06957427207097444,IEF,0.013022079860184999,0.008100000000000001
2005-08-02,False,IVV,0.07889947498901129,IEF,0.013734440373448287,0.008000000000000002
2005-08-03,False,IVV,0.07160622409019024,IEF,0.014822422042463979,0.007199999999999997
2005-08-04,False,IVV,0.0561287756305755,IEF,0.02072121592615095,0.007100000000000004
2005-08-05,False,IVV,0.03790941908478329,IEF,0.01527007138313552,0.0077
2005-08-08,False,IVV,0.03154520829242591,IEF,0.01273091762585965,0.007999999999999998
2005-08-09,False,IVV,0.03907695945852341,IEF,0.016237484687144255,0.007600000000000003
2005-08-10,False,SPY,0.03377474056607954,IEF,0.011177553141320073,0.0075
2005-08-11,False,IVV,0.03921473171749579,IEF,0.015272507323129014,0.0075
2005-08-12,False,IVV,0.03448005624550876,IEF,0.024222207781112726,0.0077
2005-08-15,False,IVV,0.034634586253725175,IEF,0.03074754095379828,0.007800000000000002
2005-08-16,False,IVV,0.019884597797917625,IEF,0.03376308582620147,0.0079
2005-08-17,False,SPY,0.02687469862962577,IEF,0.034082807718886166,0.007600000000000003
2005-08-18,False,IVV,0.017176677472389823,IEF,0.037086851672851084,0.007000000000000002
2005-08-19,False,IVV,0.017231971795521828,IEF,0.03847124711749861,0.0070999999999999995
2005-08-22,False,SPY,0.023404734849590048,IEF,0.03695735173648429,0.0073
2005-08-23,False,IVV,0.021322117061559398,IEF,0.0349343303966283,0.007399999999999998
2005-08-24,False,SPY,0.012542922412435376,IEF,0.03802491612913683,0.007199999999999997
2005-08-25,False,IVV,0.017839924872042223,IEF,0.03987925484509369,0.0069
2005-08-26,False,IVV,0.006270382668712937,IEF,0.045825411315290276,0.006599999999999997
2005-08-29,False,IVV,0.01621192655325432,IEF,0.04416471986759829,0.0070999999999999995
2005-08-30,False,IVV,0.006097110894872637,IEF,0.04817891267295349,0.007000000000000002
2005-08-31,False,IVV,0.01747184487310438,IEF,0.05847375316055836,0.006800000000000001
2005-09-01,False,IVV,0.014960579044596578,IEF,0.05517442394322547,0.006400000000000001
2005-09-02,False,IVV,0.008807186982035198,IEF,0.053011829738974336,0.006299999999999999
2005-09-06,False,IVV,0.018506552178278568,IEF,0.04456523115309441,0.0073
2005-09-07,False,SPY,0.02067546918162333,IEF,0.0390561317988567,0.006900000000000004
2005-09-08,False,SPY,0.016711936966229857,IEF,0.039553644909604335,0.006800000000000001
2005-09-09,False,IVV,0.024586793849190602,IEF,0.04028021665650994,0.007000000000000002
2005-09-12,False,IVV,0.03676838419209605,IEF,0.03390413970709072,0.0075
2005-09-13,False,SPY,0.039334349319187334,IEF,0.04103084418108027,0.007000000000000002
2005-09-14,False,SPY,0.034074670011335684,IEF,0.03772196652832238,0.006299999999999999
2005-09-15,False,IVV,0.02378576180971348,IEF,0.031476220209850414,0.006900000000000004
2005-09-16,False,IVV,0.03428142463925221,IEF,0.02211189422387938,0.007400000000000002
2005-09-19,False,SPY,0.037170280724847515,IEF,0.023675220727809476,0.008100000000000001
2005-09-20,False,IVV,0.024930979670376496,IEF,0.020169433287402283,0.0083
2005-09-21,False,SPY,0.007724751656430495,IEF,0.01823030972875128,0.006200000000000001
2005-09-22,False,SPY,0.0198573705121714,IEF,0.021107266169314576,0.005700000000000003
2005-09-23,False,SPY,0.016698567610337722,IEF,0.009655727835813588,0.0056999999999999985
2005-09-26,False,IVV,0.006047144152312223,IEF,0.007628583095023345,0.006499999999999999
2005-09-27,False,SPY,0.0010124143031116084,IEF,0.015603035563356071,0.006100000000000003
2005-09-28,False,SPY,-0.0006219884873844839,IEF,0.013215867919860624,0.005299999999999998
2005-09-29,False,IVV,0.005537365771747682,IEF,0.010947563278588923,0.006099999999999999
2005-09-30,False,SPY,0.00528633834705694,IEF,0.00855650491285731,0.006399999999999997
2005-10-03,True,IVV,0.001201326833856431,IEF,0.0016385675531385147,0.007199999999999997
2005-10-04,True,SPY,-0.005050577898462638,IEF,-0.003955569083675781,0.0075
2005-10-05,True,IVV,-0.02385126814790639,IEF,0.0020389346979308165,0.006800000000000001
2005-10-06,True,IVV,-0.030425913109327518,IEF,-0.0002949809119378033,0.006799999999999997
2005-10-07,True,SPY,-0.021225082737109213,IEF,-0.0002741351356265742,0.007199999999999997
2005-10-10,True,IVV,-0.036009107600864954,IEF,0.00019779705049849383,0.008100000000000001
2005-10-11,True,SPY,-0.03457852648925519,IEF,-0.004850596525587947,0.0092
2005-10-12,True,SPY,-0.043324561670635475,IEF,-0.0015366066871183026,0.0083
2005-10-13,True,SPY,-0.04737015841767955,IEF,-0.0029716826402845786,0.008399999999999998
2005-10-14,True,SPY,-0.04333880505170262,IEF,-0.006475354834356684,0.008799999999999999
2005-10-17,True,SPY,-0.033350988740005416,IEF,-0.00894233379054643,0.009899999999999997
2005-10-18,True,SPY,-0.043124184630336404,IEF,-0.008444169146418767,0.009700000000000002
2005-10-19,True,SPY,-0.032993199617134095,IEF,-0.009802908159951107,0.010299999999999998
2005-10-20,True,SPY,-0.052541213143647014,IEF,-0.009326245912778086,0.0096
2005-10-21,True,SPY,-0.04114935323350777,IEF,-0.006219056240877485,0.009900000000000003
2005-10-24,True,SPY,-0.019639174547564697,IEF,-0.013691571963755589,0.0106
2005-10-25,True,SPY,-0.019765825291753636,IEF,-0.015318194921364325,0.0106
2005-10-26,True,SPY,-0.02849300595910631,IEF,-0.018987617137770862,0.01
2005-10-27,True,IVV,-0.03873302372191778,IEF,-0.021184308840238253,0.009099999999999997
2005-10-28,True,SPY,-0.028379394009648284,IEF,-0.02484267350166247,0.009900000000000003
2005-10-31,True,SPY,-0.019685898273346547,IEF,-0.020629584179713056,0.010299999999999998
2005-11-01,True,SPY,-0.022783289308129007,IEF,-0.021812888381696482,0.0102
2005-11-02,True,IVV,-0.0003776852614739701,IEF,-0.024839052138584394,0.009699999999999997
2005-11-03,True,IVV,0.0033225831968544117,IEF,-0.03329955645098259,0.009499999999999998
2005-11-04,True,SPY,0.0035667185895666975,IEF,-0.03967218654201199,0.010099999999999998
2005-11-07,True,SPY,0.0022562853192444887,IEF,-0.03758990672164231,0.009899999999999997
2005-11-08,True,SPY,0.0022562853192444887,IEF,-0.027215453972226133,0.009500000000000001
2005-11-09,True,IVV,0.005129698534436011,IEF,-0.03494689911167048,0.009700000000000002
2005-11-10,False,SPY,0.02237728489198898,IEF,-0.03223034604738961,0.009500000000000001
2005-11-11,False,SPY,0.02214651198101336,IEF,-0.0292779087586581,0.009750000000000002
2005-11-14,False,SPY,0.028589703140684763,IEF,-0.03305023888080416,0.010299999999999993
2005-11-15,False,IVV,0.01668511446511678,IEF,-0.023586919070828993,0.01
2005-11-16,False,SPY,0.024466275721169772,IEF,-0.016015529534561534,0.009700000000000002
2005-11-17,False,IVV,0.020537814533513332,IEF,-0.012978357329884282,0.01
2005-11-18,False,IVV,0.025719594818019997,IEF,-0.0149997694588474,0.010099999999999998
2005-11-21,False,SPY,0.032888213158604795,IEF,-0.01619881714999072,0.0102
2005-11-22,False,SPY,0.025331640081981854,IEF,-0.011631881067971861,0.009399999999999999
2005-11-23,False,IVV,0.02868036831672227,IEF,-0.012738446819527627,0.009300000000000001
2005-11-25,False,IVV,0.03315854794191164,IEF,-0.012883110618641447,0.009300000000000001
2005-11-28,False,SPY,0.017361373532361446,IEF,-0.018982194159498422,0.009500000000000001
2005-11-29,False,SPY,0.018276065339110747,IEF,-0.023352207729638197,0.009100000000000002
2005-11-30,False,IVV,0.01753546104808179,IEF,-0.026177245888423517,0.008600000000000003
2005-12-01,False,IVV,0.0324913235507156,IEF,-0.029137702457771475,0.008200000000000002
2005-12-02,False,SPY,0.03439575337412237,IEF,-0.024170498069469804,0.0085
2005-12-05,False,IVV,0.024874340031208142,IEF,-0.02677472025613159,0.009100000000000002
2005-12-06,False,SPY,0.030303063784322903,IEF,-0.02555847149241197,0.009100000000000002
2005-12-07,False,SPY,0.033019245398953734,IEF,-0.01771249325141533,0.008600000000000003
2005-12-08,False,IVV,0.0410831607016775,IEF,-0.009420246956143519,0.007199999999999997
2005-12-09,False,IVV,0.03903315996365908,IEF,-0.015884307490104388,0.0075
2005-12-12,False,SPY,0.04125489885943745,IEF,-0.020420223607812926,0.0075
2005-12-13,False,SPY,0.04712942840714884,IEF,-0.01450202865599548,0.007400000000000002
2005-12-14,False,IVV,0.050677618069815855,IEF,-0.007867564110397796,0.007000000000000002
2005-12-15,False,IVV,0.0470829909613808,IEF,-0.006621445167260931,0.0072000000000000015
2005-12-16,False,SPY,0.03564052549680374,IEF,-0.0039028607594678855,0.0070999999999999995
2005-12-19,False,SPY,0.027131118901759788,IEF,-0.0020206008084390215,0.0073
2005-12-20,False,SPY,0.031801442411060865,IEF,-0.00392462485316436,0.006900000000000004
2005-12-21,False,SPY,0.04520635060423084,IEF,-0.003600154400068889,0.006800000000000001
2005-12-22,False,SPY,0.06464456510212346,IEF,-0.0010661674320453507,0.006699999999999999
2005-12-23,False,SPY,0.06907551529657341,IEF,-0.0005565326507158685,0.006900000000000004
2005-12-27,False,IVV,0.05353799049283903,IEF,0.01167159060723355,0.006299999999999999
2005-12-28,False,IVV,0.06584917391226441,IEF,0.0038370633620543604,0.005700000000000003
2005-12-29,False,IVV,0.061217063669264604,IEF,0.00680883719124159,0.0056999999999999985
2005-12-30,False,IVV,0.06395862569985589,IEF,0.006458484905344397,0.006499999999999999
2006-01-03,False,IVV,0.08285269706121934,IEF,0.007760256704155255,0.007600000000000003
2006-01-04,False,IVV,0.07840058311038622,IEF,0.0051833786005852645,0.007800000000000002
2006-01-05,False,SPY,0.07511617614965593,IEF,0.011469328674660995,0.007800000000000002
2006-01-06,False,SPY,0.09593217027265566,IEF,0.012167836858498537,0.007399999999999998
2006-01-09,False,SPY,0.08076878875306392,IEF,0.013611275706945758,0.007400000000000002
2006-01-10,False,IVV,0.10078836844378758,IEF,0.0069994286116144,0.0083
2006-01-11,False,SPY,0.10046010403921901,IEF,0.005185524429749844,0.008299999999999997
2006-01-12,False,IVV,0.07795187017383176,IEF,0.014204701376418605,0.008000000000000002
2006-01-13,False,IVV,0.07992862472937867,IEF,0.02136099706514294,0.0079
2006-01-17,False,IVV,0.08048101706173161,IEF,0.01965352514490859,0.008599999999999998
2006-01-18,False,IVV,0.08766968674175835,IEF,0.020260433682372847,0.008399999999999998
2006-01-19,False,SPY,0.07672813048050675,IEF,0.013612878507824666,0.008399999999999998
2006-01-20,False,IVV,0.05284951043089725,IEF,0.011223913453510592,0.008299999999999997
2006-01-23,False,SPY,0.0547928377895297,IEF,0.012298955805735368,0.008399999999999998
2006-01-24,False,SPY,0.04495016805556906,IEF,0.005856363933850917,0.008600000000000003
2006-01-25,False,SPY,0.04141058148593646,IEF,0.0035294649799306743,0.009
2006-01-26,False,IVV,0.048417304053492094,IEF,-0.003930820145655267,0.009500000000000001
2006-01-27,False,SPY,0.05721383976720551,IEF,-0.00262732852262193,0.009300000000000001
2006-01-30,False,IVV,0.05627516609477978,IEF,-0.0055991734326718,0.009500000000000007
2006-01-31,False,SPY,0.04728924538590151,IEF,-0.0060339574169036014,0.009399999999999999
2006-02-01,False,IVV,0.0460871843970061,IEF,-0.00955835924318127,0.009399999999999999
2006-02-02,False,SPY,0.030822077636263545,IEF,-0.010138650806784555,0.009400000000000004
2006-02-03,False,IVV,0.025701156474148057,IEF,-0.005518495241464194,0.009300000000000006
2006-02-06,False,SPY,0.03272432469967357,IEF,-0.007654269222451826,0.009400000000000004
2006-02-07,False,IVV,0.01900038647344182,IEF,-0.013479169507560784,0.009500000000000001
2006-02-08,False,SPY,0.021285751515908835,IEF,-0.020478276421632247,0.0098
2006-02-09,False,SPY,0.015599319420568136,IEF,-0.020490483221991762,0.010399999999999996
2006-02-10,False,IVV,0.012186246454241267,IEF,-0.02355458651279052,0.010700000000000003
2006-02-13,False,SPY,0.006191106680320635,IEF,-0.020481139769476076,0.010299999999999998
2006-02-14,False,IVV,0.010766969600919607,IEF,-0.018700703138529673,0.010599999999999997
2006-02-15,False,IVV,0.013605648162422934,IEF,-0.01691652259878107,0.010699999999999998
2006-02-16,False,IVV,0.028056675024642264,IEF,-0.01819612011805849,0.010599999999999997
2006-02-17,False,IVV,0.026558705802723237,IEF,-0.011750138151913392,0.010300000000000002
2006-02-21,False,SPY,0.03000552566621484,IEF,-0.015941854547966372,0.010899999999999995
2006-02-22,False,IVV,0.02504048867334263,IEF,-0.010174752562079892,0.011500000000000003
2006-02-23,False,IVV,0.02223926472899107,IEF,-0.00954084768893071,0.011399999999999997
2006-02-24,False,SPY,0.027791786362652227,IEF,-0.006885425711137816,0.010999999999999996
2006-02-27,False,SPY,0.026243141189606467,IEF,-0.010787812044166456,0.0104
2006-02-28,False,IVV,0.021709490920485575,IEF,-0.006018708348990098,0.010100000000000003
2006-03-01,False,SPY,0.0322036881305352,IEF,-0.012507295097813675,0.011899999999999996
2006-03-02,False,SPY,0.029427812255321317,IEF,-0.017146852515484978,0.0115
2006-03-03,False,SPY,0.02368070623966201,IEF,-0.014108249103177872,0.0114
2006-03-06,False,IVV,0.011775029402491866,IEF,-0.014679719095293309,0.010799999999999997
2006-03-07,False,IVV,0.005853824702988453,IEF,-0.014779542855648531,0.011099999999999994
2006-03-08,False,SPY,0.01162638252364534,IEF,-0.016272137838228673,0.011200000000000002
2006-03-09,False,SPY,0.00807214301937198,IEF,-0.013101020964151555,0.010599999999999997
2006-03-10,False,IVV,0.02287743617668525,IEF,-0.012229254161729708,0.010700000000000003
2006-03-13,False,IVV,0.023721774101375104,IEF,-0.009287724378804985,0.010000000000000004
2006-03-14,False,IVV,0.03208176581553013,IEF,-0.0040621660495526735,0.0096
2006-03-15,False,SPY,0.032125605302302684,IEF,-0.008245375681303568,0.010499999999999999
2006-03-16,False,IVV,0.03332020480504072,IEF,-0.0006487709569146238,0.010100000000000003
2006-03-17,False,SPY,0.045185812981702655,IEF,-0.004012276675065651,0.010099999999999998
2006-03-20,False,SPY,0.04118201888659212,IEF,-0.0023144638587649924,0.0098
2006-03-21,False,SPY,0.03926326112753631,IEF,-0.004531763899173646,0.009600000000000004
2006-03-22,False,SPY,0.05130928011935576,IEF,0.0004938396436475756,0.009900000000000003
2006-03-23,False,SPY,0.0309979942319627,IEF,-0.0005061265740211596,0.0092
2006-03-24,False,SPY,0.026927285270198276,IEF,0.0038786869092028997,0.008700000000000006
2006-03-27,False,SPY,0.024784824434152197,IEF,0.0028874868832258205,0.0077
2006-03-28,False,IVV,0.010064071990468548,IEF,-0.003424464131259519,0.008000000000000002
2006-03-29,False,SPY,0.013800718774110043,IEF,-0.005589402054304915,0.0077
2006-03-30,False,SPY,0.010986951075615536,IEF,-0.009100987619369949,0.007600000000000003
2006-03-31,False,IVV,0.006922121280170668,IEF,-0.012737997674848511,0.007599999999999998
2006-04-03,False,SPY,0.01122611396951445,IEF,-0.009580896389669635,0.0075
2006-04-04,False,SPY,0.01864498387529734,IEF,-0.004820267845587312,0.007499999999999995
2006-04-05,False,SPY,0.024943613831791778,IEF,0.0013548733599371143,0.0077
2006-04-06,False,IVV,0.027666431116034174,IEF,-0.003755125497935885,0.007999999999999998
2006-04-07,False,SPY,0.013601199489859939,IEF,-0.007220098611269377,0.007600000000000003
2006-04-10,False,SPY,0.03402376982045574,IEF,-0.006709389355388451,0.007100000000000004
2006-04-11,False,SPY,0.02160731439511765,IEF,-0.004242021317545586,0.007400000000000002
2006-04-12,False,IVV,0.022192246921707515,IEF,-0.004531114409571435,0.007600000000000003
2006-04-13,False,SPY,0.02022640913043272,IEF,-0.006334655416973867,0.007600000000000003
2006-04-17,False,IVV,0.013418788031215989,IEF,-0.0020212892476423328,0.007399999999999998
2006-04-18,False,IVV,0.020742439213611297,IEF,-0.0006306723741382747,0.007599999999999998
2006-04-19,False,SPY,0.023596833979360188,IEF,-0.008399476096277891,0.007700000000000005
2006-04-20,False,IVV,0.0318761631936173,IEF,-0.003968168915084891,0.007400000000000002
2006-04-21,False,IVV,0.02450136267410019,IEF,-0.0075316640708101845,0.007799999999999998
2006-04-24,False,IVV,0.035639976942613005,IEF,-0.007502535895872242,0.0075499999999999986
2006-04-25,False,SPY,0.03657617700702054,IEF,-0.009333774266890194,0.007700000000000005
2006-04-26,False,SPY,0.03411209426446682,IEF,-0.013171274055889137,0.007800000000000002
2006-04-27,False,SPY,0.04838298073640512,IEF,-0.015461888085995135,0.007800000000000002
2006-04-28,False,IVV,0.04190026770293187,IEF,-0.01564397603629053,0.007599999999999998
2006-05-01,False,SPY,0.03566636281142177,IEF,-0.01860331165106044,0.008100000000000005
2006-05-02,False,IVV,0.041407526975713926,IEF,-0.018895514954397785,0.008099999999999996
2006-05-03,False,IVV,0.038785551402158,IEF,-0.023635221160720032,0.008900000000000002
2006-05-04,False,SPY,0.03234766318164839,IEF,-0.02167352707057235,0.008499999999999997
2006-05-05,False,SPY,0.037808372589804184,IEF,-0.022279111660388984,0.008799999999999999
2006-05-08,False,SPY,0.02885093536899852,IEF,-0.023074992021875684,0.008900000000000002
2006-05-09,False,SPY,0.03367301436039116,IEF,-0.018053113419947753,0.009
2006-05-10,False,IVV,0.03564868892915651,IEF,-0.017092194345322498,0.009299999999999998
2006-05-11,False,SPY,0.017024640948434255,IEF,-0.01660543728576147,0.0085
2006-05-12,False,SPY,0.005221450493955171,IEF,-0.021113027988612254,0.008599999999999995
2006-05-15,False,SPY,0.004675155012992649,IEF,-0.016063535126829787,0.008200000000000002
2006-05-16,True,IVV,0.0024288454235901202,IEF,-0.017010318035592942,0.0079
2006-05-17,True,SPY,-0.00682774031259592,IEF,-0.019234971677819068,0.007999999999999998
2006-05-18,True,SPY,-0.020546219863186166,IEF,-0.016518521489742866,0.008900000000000002
2006-05-19,True,SPY,-0.013563171462259938,IEF,-0.012748274083422051,0.008800000000000004
2006-05-22,True,IVV,-0.016952156637588756,IEF,-0.009133646624362446,0.009300000000000001
2006-05-23,True,SPY,-0.019522543796892333,IEF,-0.01188749987118698,0.009299999999999998
2006-05-24,True,SPY,-0.010144802946392417,IEF,-0.016576246739334666,0.009300000000000001
2006-05-25,True,IVV,-0.0007119269512873005,IEF,-0.016864072981232048,0.008900000000000002
2006-05-26,False,IVV,0.010659695405348169,IEF,-0.01777660984953422,0.009099999999999997
2006-05-30,False,SPY,-0.01546390770654582,IEF,-0.01921466694899876,0.008799999999999999
2006-05-31,False,SPY,-0.006309852467193289,IEF,-0.02061464991968931,0.009100000000000002
2006-06-01,True,SPY,-0.007205742001047399,IEF,-0.017685530902972646,0.0085
2006-06-02,True,SPY,-0.009536308480067368,IEF,-0.01399964127421316,0.008299999999999997
2006-06-05,True,SPY,-0.02598218225516591,IEF,-0.01829487529466922,0.008599999999999995
2006-06-06,True,IVV,-0.02988381730954326,IEF,-0.022104181265979794,0.008800000000000004
2006-06-07,True,SPY,-0.03488998436040258,IEF,-0.020437104259789063,0.009100000000000002
2006-06-08,True,SPY,-0.02963188609096057,IEF,-0.02027112956701893,0.008600000000000003
2006-06-09,True,SPY,-0.03857958894847335,IEF,-0.01822629405105447,0.007999999999999998
2006-06-12,True,IVV,-0.0481975803446677,IEF,-0.018565081677370365,0.007699999999999996
2006-06-13,True,SPY,-0.05882807455804773,IEF,-0.018985509886114138,0.006999999999999993
2006-06-14,True,IVV,-0.05028790786948112,IEF,-0.025751785300764385,0.007000000000000002
2006-06-15,True,IVV,-0.024414741559142916,IEF,-0.026655860945741128,0.006299999999999999
2006-06-16,True,SPY,-0.03710318416598646,IEF,-0.02772475992323098,0.0064999999999999945
2006-06-19,True,IVV,-0.044032890186736506,IEF,-0.02486751829949785,0.006399999999999997
2006-06-20,True,SPY,-0.039952487404858905,IEF,-0.02314489010416365,0.006200000000000001
2006-06-21,True,SPY,-0.03208910724500713,IEF,-0.02676551437494623,0.005999999999999997
2006-06-22,True,SPY,-0.04247377285095788,IEF,-0.034189863544293875,0.005899999999999999
2006-06-23,True,IVV,-0.04625251009369946,IEF,-0.03618198253754201,0.006000000000000005
2006-06-26,True,SPY,-0.040674043711175,IEF,-0.036900158113010395,0.006800000000000006
2006-06-27,True,IVV,-0.03963246983377444,IEF,-0.03218127765303891,0.007000000000000002
2006-06-28,True,SPY,-0.034176732035528845,IEF,-0.03693221746740105,0.006600000000000002
2006-06-29,True,IVV,-0.007058056956944725,IEF,-0.03271529617390345,0.006299999999999999
2006-06-30,True,SPY,-0.008013780795741443,IEF,-0.027714095859708965,0.006099999999999994
2006-07-03,True,IVV,-0.0028449609845742074,IEF,-0.02211989495878386,0.006600000000000002
2006-07-05,True,SPY,-0.00795701758582601,IEF,-0.02356114200701087,0.0055999999999999965
2006-07-06,True,IVV,-0.020848132803834463,IEF,-0.021202363146110792,0.005499999999999998
2006-07-07,True,SPY,-0.028833843953164018,IEF,-0.016016727478619264,0.005399999999999992
2006-07-10,True,IVV,-0.028573103956821888,IEF,-0.01669861991268351,0.005899999999999999
2006-07-11,True,SPY,-0.024187731002730528,IEF,-0.012556112941999875,0.0058000000000000005
2006-07-12,True,SPY,-0.032833947993715196,IEF,-0.01169564895477293,0.005799999999999992
2006-07-13,True,SPY,-0.04462239615195318,IEF,-0.012464715932950843,0.005699999999999994
2006-07-14,True,SPY,-0.048539592498261896,IEF,-0.010299364522172172,0.005799999999999992
2006-07-17,True,SPY,-0.05449416738317092,IEF,-0.009964659156902145,0.006200000000000001
2006-07-18,True,SPY,-0.05284521330370873,IEF,-0.013178214179030534,0.006299999999999999
2006-07-19,True,IVV,-0.03227771743553176,IEF,-0.007866419542280179,0.005900000000000008
2006-07-20,True,IVV,-0.04582065879941266,IEF,-0.002890153810024554,0.005499999999999998
2006-07-21,True,SPY,-0.04880167650132372,IEF,-0.003506109978909766,0.005499999999999998
2006-07-24,True,IVV,-0.03529890183962603,IEF,-0.002056664320698398,0.005499999999999998
2006-07-25,True,SPY,-0.03996055534322862,IEF,-0.004852985896368178,0.0058000000000000005
2006-07-26,True,IVV,-0.03769924843649708,IEF,-0.001907009921823688,0.005600000000000005
2006-07-27,True,IVV,-0.04064943087345552,IEF,-0.0054013288620651245,0.0055999999999999965
2006-07-28,True,SPY,-0.030174957634846455,IEF,-0.0014953356107529903,0.0051000000000000064
2006-07-31,True,IVV,-0.019349045598431203,IEF,-0.003627967011600619,0.005299999999999994
2006-08-01,True,SPY,-0.01124327931088498,IEF,-0.0009866781654186418,0.005300000000000003
2006-08-02,True,IVV,-0.007060578651436611,IEF,0.0010837139525372574,0.005
2006-08-03,True,IVV,-0.003516084594604174,IEF,0.003269213935239046,0.0049000000000000024
2006-08-04,False,IVV,0.013802831704270657,IEF,0.004205066004217439,0.004699999999999998
2006-08-07,False,SPY,0.017906313203667867,IEF,0.004823519634736373,0.005200000000000005
2006-08-08,False,SPY,0.006906178111176775,IEF,0.008980884524457,0.004799999999999995
2006-08-09,False,IVV,0.01051762940637424,IEF,0.010944734694999125,0.004500000000000001
2006-08-10,False,IVV,0.021449599492680216,IEF,0.014409151125948094,0.004500000000000001
2006-08-11,False,SPY,0.011143621641718449,IEF,0.010675299496561541,0.004700000000000006
2006-08-14,False,SPY,-0.0004193976294547541,IEF,0.008438712701429596,0.0054
2006-08-15,False,SPY,0.006412258966608242,IEF,0.012303295060938746,0.005
2006-08-16,False,SPY,0.03313222079952327,IEF,0.018520610470967425,0.004500000000000001
2006-08-17,False,IVV,0.02373385453228627,IEF,0.019144092725174477,0.004799999999999995
2006-08-18,False,IVV,0.01902747316533615,IEF,0.016040949824660755,0.005099999999999998
2006-08-21,False,SPY,0.013255001506081499,IEF,0.019141659623695073,0.004800000000000004
2006-08-22,False,SPY,0.02816108797093264,IEF,0.013089817104424695,0.004799999999999995
2006-08-23,False,SPY,0.027823029710060343,IEF,0.014810152873625082,0.004500000000000001
2006-08-24,False,SPY,0.03470319495164431,IEF,0.013212600987239975,0.004299999999999997
2006-08-25,False,SPY,0.03688637906262415,IEF,0.018768516181195904,0.004199999999999999
2006-08-28,False,IVV,0.04086935588329155,IEF,0.01740639076825401,0.0040999999999999925
2006-08-29,False,SPY,0.057842564750609116,IEF,0.020878871694336,0.0040000000000000036
2006-08-30,False,SPY,0.0709282152824322,IEF,0.017902726091891807,0.003999999999999995
2006-08-31,False,IVV,0.06244715161753733,IEF,0.021245252181858687,0.004199999999999999
2006-09-01,False,SPY,0.04666693283640644,IEF,0.02774983342937598,0.0036999999999999924
2006-09-05,False,IVV,0.055762689515618025,IEF,0.0253792108683335,0.003700000000000001
2006-09-06,False,SPY,0.055308458887499246,IEF,0.02764550533042054,0.0035999999999999943
2006-09-07,False,SPY,0.046901508482601884,IEF,0.02764163128946895,0.0033999999999999985
2006-09-08,False,IVV,0.04108998511654538,IEF,0.029777013697432908,0.0025999999999999977
2006-09-11,False,IVV,0.04777570707241896,IEF,0.028270364397527947,0.0025
2006-09-12,False,IVV,0.057993101788721635,IEF,0.02824899735519537,0.0023000000000000043
2006-09-13,False,IVV,0.05765852100303448,IEF,0.03216557742148107,0.0023000000000000043
2006-09-14,False,SPY,0.06714544210651452,IEF,0.034873027621459496,0.0025999999999999977
2006-09-15,False,IVV,0.06230504678877069,IEF,0.03296467536943459,0.002699999999999996
2006-09-18,False,SPY,0.04282338604436431,IEF,0.029545358037273095,0.002400000000000002
2006-09-19,False,IVV,0.03990591924735387,IEF,0.03813701261720914,0.002400000000000002
2006-09-20,False,IVV,0.04035909445745589,IEF,0.0439384191971639,0.002299999999999995
2006-09-21,False,SPY,0.042330525088987825,IEF,0.04737602847018185,0.0020000000000000018
2006-09-22,False,SPY,0.036151817869407354,IEF,0.04715957107871316,0.0020999999999999994
2006-09-25,False,IVV,0.05019305019305076,IEF,0.05367192644153751,0.0014999999999999946
2006-09-26,False,IVV,0.053539091410124584,IEF,0.05067219939937595,0.0014999999999999946
2006-09-27,False,IVV,0.054279749314531944,IEF,0.04947213460447952,0.0012999999999999989
2006-09-28,False,SPY,0.06526722688267639,IEF,0.04716995873471075,0.001200000000000001
2006-09-29,False,IVV,0.08143130731237203,IEF,0.05266550498846789,0.0009999999999999966
2006-10-02,False,IVV,0.08122361920781662,IEF,0.05503414041263688,0.0008999999999999986
2006-10-03,False,IVV,0.08593214132549054,IEF,0.05203008174330437,0.001200000000000001
2006-10-04,False,SPY,0.09310584871531336,IEF,0.055397756153455324,0.0016000000000000014
2006-10-05,False,SPY,0.08022489813051181,IEF,0.05705014677023934,0.001200000000000001
2006-10-06,False,IVV,0.0860880168271505,IEF,0.04961867590464819,0.0014000000000000056
2006-10-09,False,IVV,0.09386856153042156,IEF,0.053732286498558546,0.0015499999999999937
2006-10-10,False,SPY,0.07649058597192337,IEF,0.04662354344703257,0.0020000000000000018
2006-10-11,False,IVV,0.07112947320669738,IEF,0.042874997726704445,0.001899999999999995
2006-10-12,False,IVV,0.07914391246642705,IEF,0.04286322560697986,0.001899999999999995
2006-10-13,False,IVV,0.08296305602149578,IEF,0.041601962190417785,0.0016999999999999993
2006-10-16,False,IVV,0.0738710419186408,IEF,0.04286028440979961,0.0020999999999999994
2006-10-17,False,SPY,0.07163772256224887,IEF,0.04582638287052587,0.002699999999999996
2006-10-18,False,IVV,0.07795901958981477,IEF,0.0495003083281631,0.002400000000000002
2006-10-19,False,IVV,0.07258581823263777,IEF,0.046379058176240884,0.0023999999999999933
2006-10-20,False,SPY,0.07024421902802636,IEF,0.04221697296058413,0.0025999999999999977
2006-10-23,False,SPY,0.07701665046728423,IEF,0.04228293353605128,0.0029000000000000002
2006-10-24,False,IVV,0.08244640630796729,IEF,0.03630743200819442,0.0029999999999999983
2006-10-25,False,SPY,0.09063178287010776,IEF,0.04074348060803534,0.0029999999999999983
2006-10-26,False,SPY,0.09772623491889809,IEF,0.04286077193728155,0.0029000000000000002
2006-10-27,False,SPY,0.0875046151221881,IEF,0.04665904779039276,0.0027000000000000045
2006-10-30,False,IVV,0.08928450517370434,IEF,0.04560931197060203,0.0027999999999999935
2006-10-31,False,IVV,0.0883507848459899,IEF,0.04805209967217405,0.0025999999999999977
2006-11-01,False,IVV,0.06822654904629766,IEF,0.05431748953836757,0.0023000000000000043
2006-11-02,False,IVV,0.05786419028068046,IEF,0.052696235596940255,0.0023000000000000043
2006-11-03,False,IVV,0.05453019317615437,IEF,0.04795507350908612,0.002299999999999995
2006-11-06,False,SPY,0.06118454591246558,IEF,0.04722415667895552,0.0025999999999999977
2006-11-07,False,IVV,0.06916022775979558,IEF,0.04272572261565433,0.0027000000000000045
2006-11-08,False,IVV,0.0711728933932314,IEF,0.04706497641624163,0.0025
2006-11-09,False,IVV,0.06881303499848235,IEF,0.046031716161849534,0.002299999999999995
2006-11-10,False,IVV,0.07087244555437455,IEF,0.049731497206352726,0.0023999999999999933
2006-11-13,False,IVV,0.07195434365094333,IEF,0.04779780926680166,0.0021999999999999975
2006-11-14,False,IVV,0.07463759064323305,IEF,0.04738093415428235,0.0020999999999999994
2006-11-15,False,IVV,0.07608182027546673,IEF,0.044971661407156915,0.0016000000000000014
2006-11-16,False,IVV,0.07865202426031814,IEF,0.04091347259409095,0.0020000000000000018
2006-11-17,False,SPY,0.07958114452255405,IEF,0.051690570338689845,0.001899999999999995
2006-11-20,False,SPY,0.07378507851742322,IEF,0.054680846675836614,0.0023000000000000043
2006-11-21,False,IVV,0.0722994651249309,IEF,0.056860779487822644,0.001900000000000004
2006-11-22,False,IVV,0.08429130345520752,IEF,0.0596986415103673,0.001200000000000001
2006-11-24,False,IVV,0.0842298365099372,IEF,0.0616364810654797,0.001200000000000001
2006-11-27,False,IVV,0.06696549368824645,IEF,0.06278646118098097,0.0012999999999999989
2006-11-28,False,IVV,0.0701179634779896,IEF,0.06815974213983167,0.001200000000000001
2006-11-29,False,IVV,0.07118777370317098,IEF,0.06781946372725867,0.000599999999999996
2006-11-30,False,SPY,0.06751597721501801,IEF,0.07411181205020712,0.0
2006-12-01,False,IVV,0.06466906484053236,IEF,0.07376572144572324,-0.00019999999999999573
2006-12-04,False,IVV,0.07049976347988962,IEF,0.07713981848800655,0.0
2006-12-05,False,IVV,0.07359345628299518,IEF,0.07129294097936834,-0.00019999999999999573
2006-12-06,False,IVV,0.07558802684042498,IEF,0.06590263241568106,-0.00019999999999999573
2006-12-07,False,SPY,0.06527816260200048,IEF,0.06602259007888578,-0.0009999999999999966
2006-12-08,False,IVV,0.07199267677279542,IEF,0.0650427362843835,-0.00040000000000000034
2006-12-11,False,SPY,0.07880125443978359,IEF,0.065026224416592,-0.0007000000000000028
2006-12-12,False,IVV,0.06944324251797096,IEF,0.06361183127158698,-0.0008999999999999986
2006-12-13,False,SPY,0.062060135318756426,IEF,0.05735574724129311,-0.001199999999999992
2006-12-14,False,IVV,0.0691997611227202,IEF,0.0540146218897708,-0.0008999999999999986
2006-12-15,False,IVV,0.06910963504738987,IEF,0.05385739778483156,-0.0014999999999999946
2006-12-18,False,SPY,0.0685766811794517,IEF,0.05200912036357774,-0.0008999999999999986
2006-12-19,False,IVV,0.07422695887120856,IEF,0.05097364645831859,-0.0009999999999999966
2006-12-20,False,SPY,0.07177215209326548,IEF,0.051633793991565646,-0.0015000000000000035
2006-12-21,False,SPY,0.05550428131518492,IEF,0.05950455780433206,-0.0016000000000000014
2006-12-22,False,IVV,0.04655103800018168,IEF,0.04802048418852167,-0.001200000000000001
2006-12-26,False,SPY,0.05450281525202705,IEF,0.04657468141094534,-0.0008999999999999986
2006-12-27,False,IVV,0.06009634273595399,IEF,0.044441310427895564,-0.0012999999999999989
2006-12-28,False,IVV,0.05690398067019076,IEF,0.042040876788348225,-0.0009999999999999966
2006-12-29,False,SPY,0.054019942787477904,IEF,0.04256661801651007,-0.001100000000000003
2007-01-02,False,IVV,0.043698638714325,IEF,0.041506514830271124,-0.00040000000000000034
2007-01-03,False,IVV,0.040015358401654044,IEF,0.04314910038131248,-0.0004999999999999983
2007-01-04,False,IVV,0.04105629147662593,IEF,0.04372081323540855,-0.00030000000000000247
2007-01-05,False,SPY,0.036013599906544735,IEF,0.03903793143218004,-0.0004999999999999983
2007-01-08,False,IVV,0.03921005181540149,IEF,0.03954323029748208,-0.00040000000000000034
2007-01-09,False,SPY,0.03688024906611842,IEF,0.038396471458298276,-0.00019999999999999573
2007-01-10,False,IVV,0.03975185974253592,IEF,0.036384148985956655,-0.00020000000000000462
2007-01-11,False,SPY,0.039875250142397345,IEF,0.0285536246282323,0.00020000000000000462
2007-01-12,False,SPY,0.04465957111121832,IEF,0.027817909474397995,-0.00030000000000000247
2007-01-16,False,IVV,0.038695652999469754,IEF,0.029691590491358832,0.00010000000000000675
2007-01-17,False,SPY,0.036290832993803424,IEF,0.028196712143737424,0.0004999999999999983
2007-01-18,False,IVV,0.03887571056117456,IEF,0.02931940575740022,0.0007000000000000028
2007-01-19,False,SPY,0.042125623146149094,IEF,0.03098636672450361,0.0006999999999999939
2007-01-22,False,IVV,0.03898534060992631,IEF,0.034652491507120686,9.999999999999786e-05
2007-01-23,False,SPY,0.049212433113069,IEF,0.026694984894154228,0.00040000000000000034
2007-01-24,False,SPY,0.05828055041051017,IEF,0.02254945740431613,0.000599999999999996
2007-01-25,False,SPY,0.0476944985468144,IEF,0.018814102784421305,0.0004999999999999983
2007-01-26,False,SPY,0.03506288782681666,IEF,0.01595481632704021,0.00030000000000000247
2007-01-29,False,SPY,0.030524760716260424,IEF,0.013972220141163616,0.00029999999999999363
2007-01-30,False,SPY,0.033655926626354526,IEF,0.014593762708825953,0.00030000000000000247
2007-01-31,False,SPY,0.04610297600607183,IEF,0.01471660204754266,0.00030000000000000247
2007-02-01,False,IVV,0.051346414789595674,IEF,0.017583732453908762,0.00040000000000000034
2007-02-02,False,IVV,0.05023269787580076,IEF,0.017092102542991316,0.00029999999999999363
2007-02-05,False,SPY,0.04323620348919621,IEF,0.018334915846372368,0.0005000000000000071
2007-02-06,False,IVV,0.040471161505428066,IEF,0.020325606770634552,0.0006999999999999939
2007-02-07,False,IVV,0.04001029197714323,IEF,0.021072090680800404,0.0010000000000000052
2007-02-08,False,IVV,0.03785658930947755,IEF,0.020205486750330737,0.001100000000000003
2007-02-09,False,IVV,0.03012303481132328,IEF,0.015610082281030113,0.0013000000000000077
2007-02-12,False,SPY,0.025660049047835587,IEF,0.01758860677792895,0.0017999999999999971
2007-02-13,False,IVV,0.03183203796323242,IEF,0.017575910823357077,0.0020000000000000018
2007-02-14,False,IVV,0.04295440748863877,IEF,0.022678411935658005,0.001900000000000004
2007-02-15,False,SPY,0.059181642032049675,IEF,0.023293917066579573,0.002400000000000002
2007-02-16,False,SPY,0.054103867836962305,IEF,0.025784814025423097,0.002400000000000002
2007-02-20,False,SPY,0.04544205994672135,IEF,0.024651622551345787,0.0029000000000000002
2007-02-21,False,IVV,0.044257097476236185,IEF,0.023531100419541096,0.002699999999999996
2007-02-22,False,IVV,0.04578078837793442,IEF,0.0229218552860444,0.002400000000000002
2007-02-23,False,SPY,0.03410817224169782,IEF,0.02764053422270507,0.0021999999999999975
2007-02-26,False,SPY,0.028741463211573892,IEF,0.0323772786044485,0.0025
2007-02-27,False,SPY,-0.010602088598898551,IEF,0.03488586908461677,0.001999999999999993
2007-02-28,False,IVV,0.003920157740135322,IEF,0.031052983662024136,0.0023000000000000043
2007-03-01,False,SPY,-0.0009018791162954676,IEF,0.02500920683814445,0.0023000000000000043
2007-03-02,False,SPY,-0.016835585678546372,IEF,0.02512079000822709,0.001900000000000004
2007-03-05,False,SPY,-0.02543841925060375,IEF,0.022051670101638665,0.0021999999999999975
2007-03-06,False,SPY,-0.009812147987175335,IEF,0.024508608973559554,0.0025999999999999977
2007-03-07,False,SPY,-0.019444019681208458,IEF,0.025363692784764247,0.002400000000000002
2007-03-08,False,SPY,-0.01124062838950779,IEF,0.026226553700548827,0.002299999999999995
2007-03-09,False,IVV,-0.008792595514661383,IEF,0.02156382654083755,0.0020999999999999994
2007-03-12,False,SPY,-0.008648544447689255,IEF,0.02259757052131728,0.0020999999999999994
2007-03-13,False,IVV,-0.027371875739824914,IEF,0.02725862925669098,0.001899999999999995
2007-03-14,False,SPY,-0.01652306229780587,IEF,0.02086430002665063,0.0012999999999999989
2007-03-15,False,SPY,-0.009094131438720177,IEF,0.023695201046707304,0.0010999999999999942
2007-03-16,False,IVV,-0.018111346018325203,IEF,0.029149055388845824,0.0008999999999999986
2007-03-19,False,SPY,-0.012294452505519637,IEF,0.025187692129034378,0.0008499999999999996
2007-03-20,False,IVV,-0.004912280701745986,IEF,0.03428085701860173,0.000599999999999996
2007-03-21,False,IVV,0.014929577464782628,IEF,0.03702777233438259,0.00030000000000000247
2007-03-22,False,SPY,0.0159353503002575,IEF,0.03305447891361246,0.0
2007-03-23,False,SPY,0.018325062645551782,IEF,0.03307921917363821,0.00030000000000000247
2007-03-26,False,IVV,0.014514316901407698,IEF,0.03218561250276619,-0.00030000000000000247
2007-03-27,False,IVV,0.019296792726577694,IEF,0.030808598291362177,-9.999999999999786e-05
2007-03-28,False,IVV,0.008302932321141432,IEF,0.03093559537425472,-0.00030000000000000247
2007-03-29,False,IVV,0.010153421066198876,IEF,0.030327827023100884,-0.0004999999999999983
2007-03-30,False,SPY,0.007242374352889547,IEF,0.029339903468215356,-0.0004999999999999983
2007-04-02,False,IVV,0.0037647297325780205,IEF,0.03337251525369633,-0.0008000000000000007
2007-04-03,False,SPY,0.007133487984556153,IEF,0.031114632301602052,-0.0008000000000000007
2007-04-04,False,IVV,0.00951720672811196,IEF,0.02896966350258534,-0.0004999999999999983
2007-04-05,False,SPY,0.012543654741412169,IEF,0.02288411418122771,-0.0008000000000000007
2007-04-06,False,SPY,0.01665778802169937,IEF,0.017208942538790684,-0.0006000000000000049
2007-04-09,False,IVV,0.014989830379160685,IEF,0.014377164864906922,-0.0008000000000000007
2007-04-10,False,SPY,0.019704037258002627,IEF,0.015736559517326665,-0.0004999999999999983
2007-04-11,False,IVV,0.011133350720018864,IEF,0.007602340296613441,-0.00030000000000000247
2007-04-12,False,SPY,0.00893137154143675,IEF,0.011010324205750655,-0.00040000000000000034
2007-04-13,False,IVV,0.024397058665470928,IEF,0.017011882418089597,-0.0007000000000000028
2007-04-16,False,IVV,0.03591437754360727,IEF,0.017135875385149157,-0.0008000000000000007
2007-04-17,False,IVV,0.03904081646185076,IEF,0.01799838007070287,-0.0007000000000000028
2007-04-18,False,SPY,0.03547910539305521,IEF,0.018120288755987035,-0.0009999999999999966
2007-04-19,False,SPY,0.028284431316948133,IEF,0.018120347950126403,-0.0009999999999999966
2007-04-20,False,IVV,0.03129521887325093,IEF,0.014812907357853344,-0.0010999999999999942
2007-04-23,False,SPY,0.02651193969404142,IEF,0.0173844161822978,-0.0010999999999999942
2007-04-24,False,IVV,0.025900149422288354,IEF,0.017262649528487772,-0.0010999999999999942
2007-04-25,False,SPY,0.035784676292679674,IEF,0.01946854033382661,-0.001200000000000001
2007-04-26,False,SPY,0.03467741866351859,IEF,0.019104454396379422,-0.0012999999999999989
2007-04-27,False,SPY,0.03520230695583759,IEF,0.015424934161466286,-0.0013999999999999967
2007-04-30,False,IVV,0.03392477837582564,IEF,0.019220644477067506,-0.0016999999999999993
2007-05-01,False,IVV,0.03974480556585869,IEF,0.01780607555260283,-0.0016999999999999993
2007-05-02,False,SPY,0.03784786613123603,IEF,0.014994425996672778,-0.0013999999999999967
2007-05-03,False,IVV,0.036354265859788404,IEF,0.01279889055917538,-0.0013999999999999967
2007-05-04,False,SPY,0.03923573372567479,IEF,0.014396404785055994,-0.0014999999999999946
2007-05-07,False,IVV,0.03924633147595147,IEF,0.013432895119963817,-0.0015000000000000035
2007-05-08,False,IVV,0.0359708201956086,IEF,0.014644990437652439,-0.0013999999999999967
2007-05-09,False,SPY,0.03960500301174652,IEF,0.0060519482515735135,-0.0015000000000000035
2007-05-10,False,IVV,0.029285767222708703,IEF,0.006279801039505761,-0.0016000000000000014
2007-05-11,False,IVV,0.04191483585560474,IEF,0.004338147204617782,-0.0013999999999999967
2007-05-14,False,IVV,0.04098198442341294,IEF,0.00419905551149613,-0.0014000000000000056
2007-05-15,False,IVV,0.08215071065167878,IEF,0.005637314428021067,-0.0016000000000000014
2007-05-16,False,IVV,0.07953826326016866,IEF,0.005389635453246777,-0.0023000000000000043
2007-05-17,False,IVV,0.0810176251692667,IEF,0.007288438462819569,-0.0016000000000000014
2007-05-18,False,IVV,0.10204625745491525,IEF,0.0012294641053833821,-0.0008999999999999986
2007-05-21,False,SPY,0.11501279982862922,IEF,0.0007727004992381659,-0.0004999999999999983
2007-05-22,False,IVV,0.09427865912262101,IEF,0.003129636913928424,-0.00010000000000000675
2007-05-23,False,SPY,0.09663677295028483,IEF,0.0032221176263531603,-0.0004999999999999983
2007-05-24,False,SPY,0.07759787428366605,IEF,0.003844661779808689,0.0
2007-05-25,False,SPY,0.08178464520032547,IEF,0.0022608694621784053,-0.0008000000000000007
2007-05-29,False,IVV,0.08407661016359835,IEF,0.0022571330236100806,-0.000599999999999996
2007-05-30,False,IVV,0.11392687170468507,IEF,0.0016425930728927174,-0.001100000000000003
2007-05-31,False,IVV,0.1045281456433309,IEF,-0.002325394024582206,-0.0023999999999999933
2007-06-01,False,IVV,0.10840257751193172,IEF,-0.0020593656542446936,-0.0020000000000000018
2007-06-04,False,SPY,0.1123944785417923,IEF,-0.0011815308306372119,-0.001800000000000006
2007-06-05,False,SPY,0.09479321172881194,IEF,-0.0017274220989416111,-0.0013999999999999967
2007-06-06,False,SPY,0.07710856865213,IEF,0.0010663581106313824,-0.0020000000000000018
2007-06-07,False,SPY,0.04054723486516987,IEF,-0.008459735822304415,-0.0021999999999999975
2007-06-08,False,IVV,0.05430279990600084,IEF,-0.008049583504418867,-0.003000000000000007
2007-06-11,False,IVV,0.054581741460817845,IEF,-0.012077399903448027,-0.003199999999999994
2007-06-12,False,IVV,0.04462418072793395,IEF,-0.022295094043005226,-0.0032000000000000028
2007-06-13,False,SPY,0.06320872138311096,IEF,-0.01625490555700393,-0.003899999999999997
2007-06-14,False,IVV,0.07758377921712167,IEF,-0.016720615074775624,-0.004299999999999997
2007-06-15,False,IVV,0.08221972147981704,IEF,-0.012174267325568477,-0.005200000000000005
2007-06-18,False,IVV,0.08044119713362408,IEF,-0.010993582170136018,-0.0046
2007-06-19,False,IVV,0.08181179775280478,IEF,-0.003529282737029571,-0.0046
2007-06-20,False,SPY,0.056352777843996504,IEF,-0.0033279568446806795,-0.0034999999999999966
2007-06-21,False,IVV,0.06083333333333263,IEF,-0.007861257849742787,-0.004100000000000001
2007-06-22,False,IVV,0.04586965545869459,IEF,-0.0029561567788424226,-0.003899999999999997
2007-06-25,False,SPY,0.04248109592176097,IEF,-0.0010703315694047255,-0.0029999999999999983
2007-06-26,False,SPY,0.031051773066391286,IEF,0.0007574112266799382,-0.003199999999999994
2007-06-27,False,SPY,0.04449316969498951,IEF,-0.0011891997284508848,-0.0036000000000000034
2007-06-28,False,SPY,0.04863268647769847,IEF,0.001109735720456806,-0.0035999999999999943
2007-06-29,False,IVV,0.04259827586206333,IEF,0.006199367021323621,-0.003099999999999996
2007-07-02,False,SPY,0.0489960318425926,IEF,0.011671805112227318,-0.001899999999999995
2007-07-03,False,SPY,0.04289347297910884,IEF,0.008793878209430117,-0.0017999999999999971
2007-07-05,False,SPY,0.03903586388901936,IEF,0.0039022926075640285,-0.001899999999999995
2007-07-06,False,IVV,0.0428786451944112,IEF,0.0005449008711246872,-0.0017999999999999971
2007-07-09,False,IVV,0.043386672998274145,IEF,0.004416518212241982,-0.0015000000000000035
2007-07-10,False,IVV,0.019754954742793984,GBF,0.007217634320676902,-0.0017999999999999971
2007-07-11,False,SPY,0.030940033804740086,IEF,0.0029795437702775374,-0.001899999999999995
2007-07-12,False,SPY,0.046794880972949704,IEF,-0.0002378718982524175,-0.001800000000000006
2007-07-13,False,SPY,0.04036147919890398,IEF,-0.0008042498809635035,-0.0016999999999999993
2007-07-16,False,SPY,0.0390454146755459,IEF,0.000972450043037032,-0.0016999999999999993
2007-07-17,False,IVV,0.038411386139652004,IEF,-0.001374903695744667,-0.0020000000000000018
2007-07-18,False,SPY,0.04613665458134597,GBF,0.004826510591838584,-0.001900000000000004
2007-07-19,False,IVV,0.047414276177160986,GBF,0.004713215127608805,-0.001999999999999993
2007-07-20,False,SPY,0.030877684094032132,GBF,0.007775742708773237,-0.0020000000000000018
2007-07-23,False,SPY,0.028463249154257575,GBF,0.004549171518014594,-0.0014000000000000056
2007-07-24,False,SPY,0.006811715300014676,GBF,0.004606463006488815,-0.0015000000000000035
2007-07-25,False,IVV,0.008548360018756362,GBF,0.0038961352043636044,-0.0017999999999999971
2007-07-26,False,SPY,-0.013903981433628254,GBF,0.0077522004159022995,-0.0027000000000000045
2007-07-27,False,IVV,-0.03636010484321461,GBF,0.006941778997574977,-0.003300000000000001
2007-07-30,False,SPY,-0.010487814552147312,GBF,0.007730042141198323,-0.0023000000000000043
2007-07-31,False,IVV,-0.031335718468519236,GBF,0.005840571538829442,-0.0021999999999999975
2007-08-01,False,IVV,-0.024273768418247244,GBF,0.005342906647145984,-0.003000000000000007
2007-08-02,False,IVV,-0.015761282600481152,GBF,0.002054674317418792,-0.0025
2007-08-03,False,IVV,-0.048218964122019314,GBF,0.010111035602762941,-0.003100000000000005
2007-08-06,False,IVV,-0.029773575821220644,GBF,0.001475644736378623,-0.0027000000000000045
2007-08-07,False,IVV,-0.027975268225197247,GBF,0.0003998840561998396,-0.0017999999999999971
2007-08-08,True,IVV,-0.013908910867892255,IEF,-0.0031230071271461934,-0.0014999999999999946
2007-08-09,True,SPY,-0.04203708579280574,GBF,0.00027427256274181744,-0.003300000000000001
2007-08-10,True,IVV,-0.046699651804933184,GBF,-0.0002063576672970413,-0.005499999999999998
2007-08-13,True,IVV,-0.03452872266802509,GBF,0.0007896937440274865,-0.0035999999999999943
2007-08-14,False,SPY,-0.053184085973148165,GBF,0.006316818131960833,-0.0046
2007-08-15,False,IVV,-0.06978934715332863,GBF,0.003086041144497065,-0.008799999999999999
2007-08-16,False,SPY,-0.07018096741035917,GBF,0.008086916443620362,-0.012999999999999998
2007-08-17,False,SPY,-0.052114568083441615,GBF,0.006153101615378187,-0.012999999999999998
2007-08-20,False,SPY,-0.05724629201490716,GBF,0.007771746224851439,-0.019299999999999998
2007-08-21,False,IVV,-0.056553075598172575,GBF,0.008979627588567851,-0.014500000000000002
2007-08-22,False,IVV,-0.04050749172154544,GBF,0.00886724831448249,-0.013899999999999997
2007-08-23,False,IVV,-0.03142133743890341,GBF,0.007764592658455527,-0.011699999999999995
2007-08-24,False,SPY,-0.0009034572227735183,GBF,0.006490541497817581,-0.008099999999999996
2007-08-27,False,IVV,-0.023590781954169304,GBF,0.013218045304490555,-0.004299999999999997
2007-08-28,False,SPY,-0.0460307204789383,GBF,0.01544166588300655,-0.006799999999999997
2007-08-29,False,SPY,-0.01658783293668553,GBF,0.01476702929624274,-0.010799999999999997
2007-08-30,False,IVV,-0.03372968478751637,GBF,0.016961930125994673,-0.012400000000000001
2007-08-31,False,IVV,-0.03126912662633574,GBF,0.019287580836037543,-0.010499999999999999
2007-09-04,False,SPY,-0.026066536993096023,GBF,0.017305660915260868,-0.0058000000000000005
2007-09-05,False,SPY,-0.03335735517925886,GBF,0.019650623393824507,-0.006799999999999997
2007-09-06,False,SPY,-0.033535583387863444,GBF,0.02006891468115013,-0.0075
2007-09-07,False,IVV,-0.04352450270614949,GBF,0.02720491842965922,-0.009799999999999996
2007-09-10,False,SPY,-0.0407290641065714,GBF,0.026475203279464177,-0.011100000000000004
2007-09-11,False,SPY,-0.020325459575056826,GBF,0.025564098379552425,-0.009299999999999998
2007-09-12,False,IVV,-0.013756119166976943,GBF,0.026997222016779565,-0.010199999999999996
2007-09-13,False,IVV,0.003622248117040039,GBF,0.02373887808431041,-0.009399999999999995
2007-09-14,False,IVV,-0.01016740532315663,BND,0.02058050741941697,-0.010200000000000004
2007-09-17,False,SPY,-0.015161583483123797,BND,0.02411328554504011,-0.008899999999999996
2007-09-18,False,SPY,0.013494742368303614,BND,0.027094541370379588,-0.010200000000000004
2007-09-19,False,IVV,0.00934026179043701,GBF,0.022207098848381346,-0.010899999999999995
2007-09-20,False,SPY,-0.0003938361663006207,BND,0.018832811140687244,-0.012199999999999997
2007-09-21,False,IVV,0.002295081967208734,GBF,0.019548641159775393,-0.012699999999999996
2007-09-24,False,IVV,-0.00430668841761872,GBF,0.017937889599489054,-0.011600000000000001
2007-09-25,False,SPY,-0.0064926844943292705,GBF,0.0185506230566852,-0.012000000000000002
2007-09-26,False,SPY,0.013184233296292591,BND,0.019634038497889916,-0.012600000000000002
2007-09-27,False,SPY,0.0120008408009038,BND,0.020438967465304936,-0.012700000000000005
2007-09-28,False,IVV,-0.007630435417586678,BND,0.01922061967033528,-0.011600000000000006
2007-10-01,False,IVV,0.0007445504971232975,BND,0.019393346231743935,-0.010499999999999999
2007-10-02,False,SPY,-7.272358118237676e-05,BND,0.025220588803950728,-0.01
2007-10-03,False,SPY,-0.0015684709396459606,BND,0.024885351742310657,-0.009900000000000003
2007-10-04,False,IVV,0.0013196388299063777,BND,0.022637564074592165,-0.009500000000000001
2007-10-05,False,SPY,0.00978312278595328,GBF,0.01830099907024363,-0.009000000000000003
2007-10-08,False,IVV,0.014101791031018385,BND,0.02173315919794927,-0.008800000000000007
2007-10-09,False,IVV,0.02038028400126568,GBF,0.018398009810107085,-0.008400000000000008
2007-10-10,False,IVV,0.03704527573124805,BND,0.019299387785574496,-0.008400000000000008
2007-10-11,False,SPY,0.030309825936641666,GBF,0.01658547686593259,-0.007699999999999996
2007-10-12,False,IVV,0.06046817863085496,GBF,0.016279044098074236,-0.007000000000000002
2007-10-15,False,SPY,0.07327607425997962,GBF,0.01694603991294863,-0.0058000000000000005
2007-10-16,False,SPY,0.04835984448561237,GBF,0.016887959043609735,-0.006200000000000001
2007-10-17,False,SPY,0.06354310911245209,BND,0.02592940799252541,-0.008600000000000003
2007-10-18,False,SPY,0.0545439040919562,BND,0.027965102500314476,-0.010899999999999998
2007-10-19,False,SPY,0.018820015973333604,BND,0.03325093669968049,-0.009700000000000002
2007-10-22,False,SPY,0.05182160521447421,BND,0.03216198359836664,-0.0075
2007-10-23,False,SPY,0.04286789212170539,GBF,0.032052097444846606,-0.008299999999999997
2007-10-24,False,SPY,0.02995462186408293,GBF,0.03901095608908123,-0.009899999999999997
2007-10-25,False,SPY,0.018207963184003084,BND,0.037761373220049244,-0.009399999999999999
2007-10-26,False,SPY,0.06160340785517393,BND,0.037928186549236464,-0.009699999999999997
2007-10-29,False,SPY,0.07013290673479355,BND,0.03889613437096995,-0.009000000000000003
2007-10-30,False,IVV,0.058016282436901934,GBF,0.039072212754028834,-0.009500000000000001
2007-10-31,False,SPY,0.08650719578594424,BND,0.035358771943830414,-0.009399999999999999
2007-11-01,False,SPY,0.07589535542135573,BND,0.04266357018361999,-0.010900000000000003
2007-11-02,False,IVV,0.06714568218779693,BND,0.04291774031522233,-0.012399999999999998
2007-11-05,False,IVV,0.0400890949285424,GBF,0.04029551459374292,-0.010200000000000004
2007-11-06,False,SPY,0.05634126811506013,BND,0.041508121906125295,-0.010300000000000002
2007-11-07,False,SPY,0.02538832548715031,BND,0.041894347159469936,-0.013199999999999995
2007-11-08,False,IVV,0.00785152030057179,BND,0.044811112528618136,-0.014500000000000002
2007-11-09,False,SPY,-0.004733732469252017,BND,0.045198917251623616,-0.015299999999999998
2007-11-12,False,SPY,-0.026632486529537647,BND,0.05490224369238339,-0.014150000000000001
2007-11-13,False,SPY,0.01245544643278329,BND,0.05187183148092389,-0.012699999999999996
2007-11-14,False,IVV,0.03094248281643508,BND,0.05301269030031919,-0.013200000000000003
2007-11-15,False,IVV,-0.0041803893484143595,BND,0.061924810250105766,-0.014199999999999999
2007-11-16,False,SPY,0.002254475300792036,BND,0.05905557007749551,-0.012600000000000002
2007-11-19,False,SPY,-0.02134364871440353,BND,0.06354764334849583,-0.012500000000000004
2007-11-20,False,IVV,-0.027078722480378792,BND,0.05587291793330307,-0.013099999999999995
2007-11-21,False,IVV,-0.03756248595436085,BND,0.06350966885000564,-0.0154
2007-11-23,False,IVV,-0.023106799594505012,BND,0.05642503394407372,-0.014200000000000004
2007-11-26,False,IVV,-0.03179561030648348,BND,0.06987003255213842,-0.016100000000000003
2007-11-27,False,SPY,-0.01746156818474387,BND,0.0636295372008584,-0.0154
2007-11-28,False,SPY,0.0022769674690583663,BND,0.0609434749485982,-0.016800000000000006
2007-11-29,False,SPY,4.101139223644523e-05,BND,0.062341946156309946,-0.0183
2007-11-30,False,IVV,0.0020757129799300333,BND,0.06321234657381791,-0.016700000000000003
2007-12-03,False,IVV,-0.005060640388369175,BND,0.06750252798437528,-0.017099999999999994
2007-12-04,False,IVV,-0.0076194635570165925,BND,0.06838634766869367,-0.017100000000000004
2007-12-05,False,SPY,-0.01932463360204939,BND,0.06245523154618349,-0.017500000000000005
2007-12-06,False,SPY,-0.011125131841580038,BND,0.05420128228923837,-0.018600000000000002
2007-12-07,False,IVV,-0.006484796169120455,BND,0.05303732623994639,-0.0183
2007-12-10,False,SPY,0.0007238336466137696,BND,0.05538303401763223,-0.019000000000000003
2007-12-11,False,SPY,-0.024919229680012034,BND,0.06459668980599931,-0.020100000000000003
2007-12-12,False,IVV,-0.015670855242994386,BND,0.061366374017600256,-0.0209
2007-12-13,False,SPY,-0.020566423279238966,BND,0.05055573546676717,-0.0208
2007-12-14,False,IVV,-0.03964010953188701,BND,0.05076909421743281,-0.020700000000000003
2007-12-17,False,IVV,-0.05000980584428505,GBF,0.0550507241893301,-0.019
2007-12-18,False,SPY,-0.05456900736418269,GBF,0.05494320857492152,-0.019299999999999998
2007-12-19,False,IVV,-0.05407330656650411,BND,0.05893041117138176,-0.020700000000000003
2007-12-20,False,IVV,-0.04542504866969255,BND,0.06035393494973995,-0.0204
2007-12-21,False,IVV,-0.0336510406535665,BND,0.05162639269567815,-0.0196
2007-12-24,False,IVV,-0.03829896246957587,BND,0.052615197173482287,-0.016500000000000004
2007-12-26,False,SPY,-0.030235825534498773,BND,0.04647640579424661,-0.0165
2007-12-27,False,SPY,-0.05136117193908496,BND,0.05088778545589934,-0.018499999999999996
2007-12-28,False,SPY,-0.052163184770948834,GBF,0.054599752693593295,-0.018399999999999993
2007-12-31,False,SPY,-0.05463841563867666,GBF,0.05627796687631914,-0.016300000000000002
2008-01-02,False,IVV,-0.07025804516168976,BND,0.05936986378572873,-0.0166
2008-01-03,False,IVV,-0.0628048896650657,BND,0.06159183647525457,-0.016099999999999993
2008-01-04,False,IVV,-0.07901530920605437,BND,0.06382284600937504,-0.017599999999999998
2008-01-07,False,SPY,-0.0798762823090674,BND,0.061961320343479676,-0.0169
2008-01-08,False,SPY,-0.09143634182034599,BND,0.06357453124434231,-0.016399999999999998
2008-01-09,False,SPY,-0.057227327569293385,BND,0.06048854509702184,-0.016699999999999996
2008-01-10,False,SPY,-0.05653245332240464,BND,0.056533886778357356,-0.016099999999999993
2008-01-11,False,IVV,-0.07241869893582797,BND,0.06278943192215025,-0.0179
2008-01-14,False,SPY,-0.06245342416437105,BND,0.06429875606737445,-0.017500000000000005
2008-01-15,False,IVV,-0.08700889401564993,BND,0.07085490159768093,-0.017800000000000003
2008-01-16,False,SPY,-0.10365158188005619,BND,0.0663616282267856,-0.016699999999999996
2008-01-17,False,IVV,-0.1307052860243212,BND,0.07275875302301982,-0.015000000000000005
2008-01-18,False,SPY,-0.13268464174321015,BND,0.07122582210029504,-0.018800000000000004
2008-01-22,False,SPY,-0.15031179649851578,BND,0.07530147710596458,-0.022899999999999997
2008-01-23,False,IVV,-0.10917303170269288,BND,0.07338301894533883,-0.02
2008-01-24,False,SPY,-0.10253548757409181,GBF,0.06298288409609198,-0.014199999999999999
2008-01-25,False,SPY,-0.10872103121931986,BND,0.07036505391131676,-0.0146
2008-01-28,False,SPY,-0.10601739992656434,GBF,0.06845580627986614,-0.007800000000000002
2008-01-29,False,SPY,-0.07632044640434132,GBF,0.06342941237985089,-0.0131
2008-01-30,False,SPY,-0.07844381542362977,BND,0.06404454570886675,-0.0146
2008-01-31,False,IVV,-0.04876614513258193,BND,0.06486000966010619,-0.0193
2008-02-01,False,IVV,-0.024770862237352143,BND,0.06745691799131603,-0.021400000000000002
2008-02-04,False,SPY,-0.0644148716271421,BND,0.05977271536184148,-0.0236
2008-02-05,False,IVV,-0.08823271992893045,BND,0.05966999007925189,-0.022100000000000005
2008-02-06,False,IVV,-0.0822604143730643,BND,0.059888848457251065,-0.018799999999999997
2008-02-07,False,IVV,-0.07864781546009192,BND,0.0515589026584522,-0.0167
2008-02-08,False,SPY,-0.06951455408425722,BND,0.05397745325680159,-0.017799999999999996
2008-02-11,False,SPY,-0.07044983052298759,BND,0.05692157636233319,-0.021599999999999998
2008-02-12,False,SPY,-0.0422315196867421,BND,0.05110603388719981,-0.020500000000000004
2008-02-13,False,SPY,-0.04888752787539696,BND,0.04737945861694737,-0.020100000000000003
2008-02-14,False,IVV,-0.036507529149339746,BND,0.03604780509878913,-0.0176
2008-02-15,False,IVV,-0.04861659239104621,BND,0.034657971069660176,-0.0175
2008-02-19,False,IVV,-0.0770769777110929,BND,0.02757633985621255,-0.018300000000000004
2008-02-20,False,SPY,-0.07167074819585062,BND,0.030025286429899767,-0.017800000000000003
2008-02-21,False,IVV,-0.0889677144089277,BND,0.041235887899996326,-0.018799999999999997
2008-02-22,False,SPY,-0.07685586517494591,BND,0.03853443389297562,-0.018099999999999995
2008-02-25,False,SPY,-0.056785482860504,BND,0.03258980646702048,-0.019500000000000003
2008-02-26,False,IVV,-0.06597911910708154,BND,0.03362675288444894,-0.018699999999999998
2008-02-27,False,IVV,-0.07967030000106723,BND,0.037149521077507686,-0.019500000000000003
2008-02-28,False,SPY,-0.08828799254311581,BND,0.05232784148525149,-0.0189
2008-02-29,False,IVV,-0.11770585608394868,BND,0.054480587739414554,-0.0189
2008-03-03,False,IVV,-0.09414258948065979,BND,0.05263318345415313,-0.021399999999999995
2008-03-04,False,SPY,-0.10499988790074166,BND,0.046922801033619344,-0.0213
2008-03-05,False,IVV,-0.09763346562564479,BND,0.039872819587684294,-0.022000000000000002
2008-03-06,False,IVV,-0.10559502419779399,BND,0.0368627763903322,-0.023200000000000002
2008-03-07,False,SPY,-0.10119950156458912,BND,0.03928918512107815,-0.023700000000000002
2008-03-10,False,IVV,-0.11911803823876366,BND,0.043049292795298344,-0.025699999999999997
2008-03-11,False,IVV,-0.08725741211570526,BND,0.03339813800407043,-0.0248
2008-03-12,False,IVV,-0.1008932693819049,BND,0.04351480242489991,-0.0248
2008-03-13,False,SPY,-0.1112536990733245,BND,0.03788754692590013,-0.026099999999999998
2008-03-14,False,IVV,-0.13307505377912976,BND,0.046701971348868554,-0.028200000000000003
2008-03-17,False,IVV,-0.14481755037942934,BND,0.047161521066643175,-0.02919999999999999
2008-03-18,False,IVV,-0.09795449942618195,BND,0.051584115399420094,-0.0314
2008-03-19,False,IVV,-0.11544715447154053,BND,0.0512791313991261,-0.034499999999999996
2008-03-20,False,SPY,-0.09225124378798555,BND,0.05313905899203619,-0.0349
2008-03-24,False,SPY,-0.06592983676990327,BND,0.0490019873071168,-0.0296
2008-03-25,False,SPY,-0.06457670752543343,BND,0.051867805586612636,-0.0301
2008-03-26,False,SPY,-0.05281018739396115,BND,0.05058245868116895,-0.0296
2008-03-27,False,IVV,-0.059256921904172866,BND,0.0454521297212509,-0.0271
2008-03-28,False,IVV,-0.049710222147300365,BND,0.044880362602033985,-0.0243
2008-03-31,False,IVV,-0.05776005399204798,BND,0.043555579271423284,-0.0248
2008-04-01,False,IVV,-0.029866736350010914,BND,0.03343311310674468,-0.026000000000000002
2008-04-02,False,IVV,-0.01998073122883426,BND,0.03241223743963184,-0.025700000000000004
2008-04-03,False,IVV,-0.028520135864505525,BND,0.027913905644692427,-0.0245
2008-04-04,False,SPY,-0.004448656896851699,BND,0.038218474310629746,-0.0259
2008-04-07,False,IVV,0.004211133199486072,BND,0.035695274389694776,-0.025099999999999997
2008-04-08,False,IVV,0.02963294713266662,BND,0.03609543712858043,-0.025999999999999995
2008-04-09,False,IVV,0.026736572292140437,BND,0.0398415544026709,-0.0265
2008-04-10,False,IVV,0.04300697297936962,BND,0.040576162854626396,-0.026699999999999998
2008-04-11,False,IVV,0.0010406493155024066,BND,0.04068208464426393,-0.0262
2008-04-14,False,IVV,-0.011412046551349087,BND,0.03598455170486825,-0.0253
2008-04-15,False,SPY,0.006371016393069251,BND,0.035498060958674804,-0.026099999999999998
2008-04-16,False,IVV,0.011540155777040928,BND,0.031649057629675514,-0.026399999999999996
2008-04-17,False,IVV,0.0077444547349652115,BND,0.02920608614401221,-0.022600000000000002
2008-04-18,False,SPY,0.03145095130775144,BND,0.02880758610905776,-0.0203
2008-04-21,False,SPY,0.013492060057112232,BND,0.02918073722266712,-0.019299999999999998
2008-04-22,False,IVV,-0.007717237583771297,BND,0.029159521119810572,-0.02115
2008-04-23,False,IVV,0.0036357047348076765,BND,0.031328650991804485,-0.022400000000000003
2008-04-24,False,SPY,0.03625050465255386,BND,0.026917836388030025,-0.021500000000000005
2008-04-25,False,SPY,0.054329217599624835,BND,0.021960668665375493,-0.019599999999999996
2008-04-28,False,SPY,0.047626802826111536,BND,0.025960398249112115,-0.0197
2008-04-29,False,IVV,0.04917205545269954,BND,0.022353320291602863,-0.0194
2008-04-30,False,IVV,0.038349954943538433,GBF,0.03211013020316811,-0.0182
2008-05-01,False,IVV,0.04924443467615136,BND,0.026740188342381677,-0.016399999999999998
2008-05-02,False,IVV,0.03952464290185298,BND,0.026214973070604497,-0.0173
2008-05-05,False,SPY,0.04693705572713669,GBF,0.01991160083704302,-0.016
2008-05-06,False,IVV,0.05560365667955547,BND,0.021957789012209128,-0.015300000000000003
2008-05-07,False,SPY,0.03451970625642109,BND,0.02448233209682993,-0.0138
2008-05-08,False,SPY,0.028813766004314845,GBF,0.02389570073204972,-0.013300000000000003
2008-05-09,False,SPY,0.03550039718447895,BND,0.024317054101921975,-0.0146
2008-05-12,False,IVV,0.04021407591592485,BND,0.01832107444203035,-0.0129
2008-05-13,False,IVV,0.02707712010156449,BND,0.013582246584619373,-0.012399999999999998
2008-05-14,False,SPY,0.0223633210278098,BND,0.016470433835551912,-0.012499999999999997
2008-05-15,False,SPY,0.03619402552559281,GBF,0.024697577909268853,-0.012599999999999998
2008-05-16,False,IVV,0.04648254795370743,BND,0.028568727838317542,-0.0128
2008-05-19,False,SPY,0.07416875733647954,GBF,0.032077775274581555,-0.012299999999999998
2008-05-20,False,IVV,0.06680783695967185,GBF,0.025687325181890097,-0.010799999999999999
2008-05-21,False,IVV,0.053475390093536745,BND,0.02774442982595504,-0.010199999999999997
2008-05-22,False,IVV,0.04665894810516025,BND,0.02885703994139277,-0.0101
2008-05-23,False,SPY,0.05531034968696846,BND,0.03554118068898182,-0.010199999999999997
2008-05-27,False,SPY,0.0741957238638471,BND,0.02550723585571224,-0.0118
2008-05-28,False,SPY,0.09357065981624713,BND,0.017783443804793908,-0.011500000000000002
2008-05-29,False,SPY,0.06093844113551472,BND,0.011831252205597886,-0.010100000000000003
2008-05-30,False,IVV,0.07262996749234696,BND,0.012362834671370226,-0.0103
2008-06-02,False,IVV,0.05742016062604094,GBF,0.02238564923231623,-0.0115
2008-06-03,False,SPY,0.07060531883730348,BND,0.02752665429284651,-0.0148
2008-06-04,False,SPY,0.08098847248008356,BND,0.02567515345906113,-0.014799999999999997
2008-06-05,False,SPY,0.058626269591090185,BND,0.016971499078768604,-0.013199999999999998
2008-06-06,False,SPY,0.05089316691934931,BND,0.017115593301564314,-0.013300000000000001
2008-06-09,False,IVV,0.03132071241915302,BND,0.0001419791323225006,-0.0147
2008-06-10,False,SPY,0.009055826833017866,BND,-0.00526483172483172,-0.012399999999999998
2008-06-11,False,IVV,-0.010271947975169726,BND,-0.000759375709704635,-0.012800000000000002
2008-06-12,False,IVV,0.008467590857999419,BND,-0.01282774288402011,-0.012000000000000002
2008-06-13,False,SPY,0.02538029089757665,BND,-0.012162492906857336,-0.0128
2008-06-16,False,SPY,0.03589081575130515,BND,-0.012261399728451972,-0.011800000000000001
2008-06-17,False,IVV,0.02556152159116687,BND,-0.007895610989768431,-0.012300000000000002
2008-06-18,False,IVV,-0.018891320204230566,BND,-0.004158069797869923,-0.013100000000000002
2008-06-19,False,SPY,-0.016678851865666422,IEF,-0.010637969851397644,-0.0118
2008-06-20,False,SPY,-0.0349589261873362,BND,-0.009032344275627935,-0.013199999999999998
2008-06-23,True,SPY,-0.03485603947948501,BND,-0.015972481683546924,-0.012999999999999998
2008-06-24,True,IVV,-0.03750751238705896,BND,-0.009898618602781184,-0.0131
2008-06-25,True,SPY,-0.03171772409834894,GBF,-0.015607537051546383,-0.012599999999999998
2008-06-26,True,SPY,-0.05115088075424978,BND,-0.013050762763655688,-0.011199999999999998
2008-06-27,True,SPY,-0.05764875173623463,BND,-0.016601076156788408,-0.006700000000000001
2008-06-30,True,IVV,-0.0367299090264962,BND,-0.011735204249604614,-0.0031000000000000003
2008-07-01,True,SPY,-0.029316508612861614,BND,-0.0059913793852026664,-0.005
2008-07-02,True,IVV,-0.05124550397070815,BND,-0.015945860690006253,-0.004799999999999998
2008-07-03,True,SPY,-0.07232437684328319,BND,-0.011646665076694873,-0.0049999999999999975
2008-07-07,True,SPY,-0.0831386365626593,BND,-0.009734482595471161,-0.004099999999999997
2008-07-08,True,IVV,-0.07965106057315297,BND,-0.004494046058603596,-0.0034999999999999988
2008-07-09,True,IVV,-0.09838179453418228,BND,-0.005125803859519218,-0.0013999999999999991
2008-07-10,True,SPY,-0.08701405753978775,BND,-0.005738654451552527,-0.004300000000000002
2008-07-11,True,SPY,-0.09621079593421411,BND,-0.00839013960531021,-0.006499999999999999
2008-07-14,False,IVV,-0.10993561135559593,BND,-0.005710227752025232,-0.006699999999999999
2008-07-15,False,SPY,-0.1289014922471916,GBF,-0.0027792267911784796,-0.007100000000000002
2008-07-16,False,SPY,-0.10770995512937831,BND,-0.004865697114895151,-0.007999999999999998
2008-07-17,True,SPY,-0.09522025966541225,GBF,-0.013663755777276743,-0.008
2008-07-18,True,IVV,-0.08616630123146263,BND,-0.016084770058749975,-0.0083
2008-07-21,True,SPY,-0.10224559423801272,BND,-0.012373984012549522,-0.0083
2008-07-22,True,SPY,-0.09456310646449162,GBF,-0.014314241795745586,-0.0072999999999999975
2008-07-23,True,SPY,-0.08526682678634134,GBF,-0.010632062219958827,-0.0072
2008-07-24,False,SPY,-0.11194405402155105,GBF,-0.004090945252752665,-0.005600000000000001
2008-07-25,False,SPY,-0.09605651807066085,GBF,-0.002607880837315668,-0.005299999999999998
2008-07-28,False,IVV,-0.11153694648568424,GBF,-0.0008622432197430419,-0.0052
2008-07-29,True,IVV,-0.08656161719670286,GBF,-0.0064950163940578065,-0.004800000000000002
2008-07-30,True,IVV,-0.08097676916336716,GBF,-0.0022318904163235453,-0.005000000000000002
2008-07-31,True,SPY,-0.09257497877750598,GBF,0.004321828291571128,-0.005200000000000002
2008-08-01,True,IVV,-0.10082360529997336,GBF,0.005566807779057825,-0.004800000000000002
2008-08-04,False,IVV,-0.11939167475486634,GBF,0.00225440615331185,-0.0023
2008-08-05,True,SPY,-0.09566213124220191,GBF,-0.0074496761295049785,-0.0014999999999999992
2008-08-06,True,SPY,-0.09412280843185838,IEF,-0.01536459846087157,-0.002100000000000002
2008-08-07,True,SPY,-0.10031728989399524,GBF,-0.009097543785528628,-0.00040000000000000034
2008-08-08,True,SPY,-0.0678330333749042,GBF,-0.010503859655562331,0.00040000000000000034
2008-08-11,True,IVV,-0.05889739119733339,GBF,-0.005097579522911122,0.0034000000000000007
2008-08-12,True,IVV,-0.05734365174905609,GBF,-0.0032569634697122707,0.004700000000000002
2008-08-13,True,SPY,-0.06805196636648869,IEF,-0.007486055487535781,0.004000000000000001
2008-08-14,True,IVV,-0.06634951588399163,IEF,-0.011549043747789645,0.0053999999999999986
2008-08-15,True,IVV,-0.06674622186318246,IEF,0.0030522757810009793,0.003700000000000001
2008-08-18,True,SPY,-0.08056295669055069,IEF,-0.005960808085915925,0.0034000000000000007
2008-08-19,True,SPY,-0.08109518639511482,IEF,-0.0021607746365231995,0.0045
2008-08-20,True,SPY,-0.0714108075210459,IEF,-0.009506222459382818,0.0053
2008-08-21,True,SPY,-0.06933781999440991,IEF,-0.01654490218527882,0.006099999999999999
2008-08-22,True,SPY,-0.07437562974390222,IEF,-0.01266509925990944,0.007799999999999999
2008-08-25,True,SPY,-0.06327660702029037,IEF,-0.01461425542339323,0.0113
2008-08-26,True,SPY,-0.0628172068527042,IEF,-0.01641439808660239,0.0108
2008-08-27,True,IVV,-0.05106906420683832,IEF,0.0026775084814532057,0.004299999999999999
2008-08-28,True,SPY,-0.023053975939286264,IEF,-0.002289237611854289,0.0045
2008-08-29,True,IVV,-0.03729866998357778,IEF,-0.004279702764213744,0.004299999999999999
2008-09-02,True,IVV,-0.056012981726258015,IEF,0.002444436394985372,0.004199999999999999
2008-09-03,True,SPY,-0.056519104214005744,IEF,0.0009553023226218649,0.003699999999999999
2008-09-04,True,SPY,-0.08046903435712072,BND,0.002855487184890926,0.0031000000000000003
2008-09-05,False,SPY,-0.06850799258087625,GBF,0.008918914006278644,0.0028000000000000004
2008-09-08,False,IVV,-0.050676565522103534,GBF,0.006566512147362369,0.0030000000000000005
2008-09-09,False,IVV,-0.06617026011729021,GBF,0.015207482826006702,0.0026
2008-09-10,False,IVV,-0.06117512343604348,GBF,0.005301464506064724,0.0029999999999999983
2008-09-11,False,IVV,-0.04411988437547554,GBF,0.009704806839098357,0.0016000000000000014
2008-09-12,True,IVV,-0.047489413188142815,GBF,0.0003274046373529238,0.0008000000000000007
2008-09-15,True,SPY,-0.06347968692130357,GBF,0.003249884002617609,-0.0029000000000000002
2008-09-16,True,IVV,-0.047009214430736024,GBF,-0.003533599104454166,-0.004300000000000001
2008-09-17,True,IVV,-0.08984374999999989,GBF,-0.00681413254568175,-0.0116
2008-09-18,True,SPY,-0.06472974510321883,GBF,-0.01754940907822944,-0.0085
2008-09-19,True,SPY,-0.010850190204469312,GBF,-0.004172828230195602,-0.001100000000000001
2008-09-22,True,IVV,-0.03736246338953553,GBF,-0.012726759945309918,0.0015999999999999992
2008-09-23,True,IVV,-0.04685130497246415,GBF,-0.018035293844738787,-0.004299999999999999
2008-09-24,True,IVV,-0.06345595732998677,GBF,-0.011081832878075959,-0.008600000000000002
2008-09-25,True,SPY,-0.026665731152569094,GBF,-0.023862983666952498,-0.0058000000000000005
2008-09-26,True,SPY,-0.030145950124139675,GBF,-0.02323490934673822,-0.004
2008-09-29,True,SPY,-0.09560721287162888,GBF,-0.021345671226653762,-0.0032000000000000006
2008-09-30,True,SPY,-0.04957903370662231,GBF,-0.0261511465875206,-0.0034
2008-10-01,True,IVV,-0.041691198657170525,GBF,-0.023714562760828395,-0.004900000000000001
2008-10-02,True,IVV,-0.09928920109905803,GBF,-0.020787980650421867,-0.008
2008-10-03,True,IVV,-0.12121232407746341,GBF,-0.023353104487611853,-0.0095
2008-10-06,True,SPY,-0.16412980280252176,GBF,-0.0331349210600248,-0.008899999999999998
2008-10-07,True,SPY,-0.20200858045536818,GBF,-0.03355973418765812,-0.0063
2008-10-08,True,SPY,-0.23083782683633802,GBF,-0.04741346471753949,-0.008199999999999999
2008-10-09,True,SPY,-0.2884069256193733,GBF,-0.0590638508520942,-0.009300000000000001
2008-10-10,True,SPY,-0.29095181170922824,GBF,-0.07581956892144781,-0.0138
2008-10-13,True,IVV,-0.19393509570799394,GBF,-0.07370198398619732,-0.01375
2008-10-14,True,IVV,-0.18851823950316238,GBF,-0.065523210864467,-0.013199999999999998
2008-10-15,True,SPY,-0.2831715363943801,GBF,-0.06290548469995205,-0.0147
2008-10-16,True,SPY,-0.26638159995889243,GBF,-0.057200527425513514,-0.0131
2008-10-17,True,SPY,-0.2609882875527135,GBF,-0.05437098528025486,-0.01
2008-10-20,True,IVV,-0.21387424063956384,GBF,-0.04977134889736956,-0.0058000000000000005
2008-10-21,True,IVV,-0.2320154638750127,GBF,-0.042188358493297606,-0.0073
2008-10-22,True,IVV,-0.2938493948526386,GBF,-0.046207136854992004,-0.0079
2008-10-23,True,IVV,-0.2916528688141262,GBF,-0.04942213138507423,-0.008400000000000001
2008-10-24,True,SPY,-0.31088487522878716,GBF,-0.05156445456990999,-0.0097
2008-10-27,True,SPY,-0.34747381942233146,GBF,-0.05582058740165474,-0.0102
2008-10-28,True,SPY,-0.2786939290270706,GBF,-0.05240494019974318,-0.0109
2008-10-29,True,IVV,-0.2834527226073881,GBF,-0.05767441879822455,-0.012400000000000001
2008-10-30,True,IVV,-0.25450487980052927,GBF,-0.061734876805427774,-0.0148
2008-10-31,True,SPY,-0.2483478759374288,GBF,-0.04413017237483763,-0.0143
2008-11-03,True,IVV,-0.25133472462315987,GBF,-0.031836917245990026,-0.0141
2008-11-04,True,SPY,-0.21357627595442807,GBF,-0.03214144764714144,-0.0141
2008-11-05,True,IVV,-0.2424580743201813,GBF,-0.02622478489651292,-0.014500000000000002
2008-11-06,True,IVV,-0.2856407185515182,GBF,-0.028178036069719803,-0.015300000000000001
2008-11-07,True,IVV,-0.26873711376565734,GBF,-0.028025263219073282,-0.015300000000000001
2008-11-10,True,IVV,-0.2832726059210706,GBF,-0.029547662302241928,-0.015600000000000001
2008-11-11,True,SPY,-0.28932681339775634,GBF,-0.026131127968568202,-0.01615
2008-11-12,True,IVV,-0.3239510440993445,GBF,-0.024636311532555855,-0.0171
2008-11-13,True,SPY,-0.28727748861179236,GBF,-0.027470323817191278,-0.018000000000000002
2008-11-14,True,SPY,-0.3309610868871402,GBF,-0.02382139120760607,-0.0181
2008-11-17,False,IVV,-0.3334187735880756,GBF,-0.007607508045847089,-0.018799999999999997
2008-11-18,False,IVV,-0.32424343950271384,GBF,-0.006813188491059163,-0.0187
2008-11-19,False,IVV,-0.3619517969657565,GBF,-0.005015875987769203,-0.019999999999999997
2008-11-20,False,SPY,-0.3882932059236459,GBF,0.0022093220966743488,-0.0196
2008-11-21,False,SPY,-0.3573167481530042,GBF,-0.009078939519870377,-0.0191
2008-11-24,False,IVV,-0.33025472344734386,BND,0.0008897898311985841,-0.017799999999999996
2008-11-25,False,SPY,-0.30095086953151906,GBF,0.004329838743201142,-0.0177
2008-11-26,False,SPY,-0.2768731321480503,GBF,0.009007927393362536,-0.0182
2008-11-28,False,IVV,-0.27880755651858524,GBF,0.01079702903480273,-0.0182
2008-12-01,False,SPY,-0.3451735037570054,BND,0.024034090283455267,-0.0174
2008-12-02,False,IVV,-0.28676535533803926,GBF,0.026045275050511796,-0.0168
2008-12-03,False,SPY,-0.28086754757032717,BND,0.022685966345754593,-0.0166
2008-12-04,False,IVV,-0.2656932043835982,BND,0.023762445354616357,-0.018799999999999997
2008-12-05,False,IVV,-0.2655709670755444,BND,0.016968611706120518,-0.018500000000000003
2008-12-08,False,IVV,-0.27094500332960847,BND,0.01601633757033394,-0.0179
2008-12-09,False,SPY,-0.26222074457539735,BND,0.020598204524655328,-0.0181
2008-12-10,False,SPY,-0.23989878768708228,GBF,0.017030133594932106,-0.018500000000000003
2008-12-11,False,SPY,-0.260573429748592,BND,0.023402365856637797,-0.018500000000000003
2008-12-12,False,IVV,-0.2680973999174576,BND,0.017914805704958736,-0.018000000000000002
2008-12-15,False,IVV,-0.27719182597231373,BND,0.025793513758299413,-0.016399999999999998
2008-12-16,False,IVV,-0.18068535825545162,BND,0.04087550796878636,-0.0158
2008-12-17,False,IVV,-0.21982537236774546,BND,0.035550972554315496,-0.0147
2008-12-18,False,SPY,-0.23065653507938244,BND,0.041943851867887405,-0.01355
2008-12-19,False,SPY,-0.20510197952797415,BND,0.04387838257566368,-0.013500000000000002
2008-12-22,False,SPY,-0.20454844960708363,BND,0.05778153004904718,-0.014199999999999999
2008-12-23,False,IVV,-0.18406980016887142,BND,0.0633661770812779,-0.0146
2008-12-24,False,IVV,-0.12836897410358505,BND,0.06024752544502321,-0.01455
2008-12-26,False,IVV,-0.10483893338052286,BND,0.06430573127734496,-0.0152
2008-12-29,False,IVV,-0.0432603895248328,BND,0.07054513160792197,-0.015300000000000001
2008-12-30,False,IVV,-0.018369358551110437,BND,0.06494292694462533,-0.015499999999999998
2008-12-31,False,SPY,-0.10235756278388208,GBF,0.06477081865711831,-0.016399999999999998
2009-01-02,False,SPY,-0.06140963099908581,BND,0.0620971764357332,-0.0165
2009-01-05,False,IVV,0.032368844765227056,BND,0.05931932527931605,-0.0158
2009-01-06,False,IVV,-0.004083381576228784,BND,0.052281100668357894,-0.015600000000000001
2009-01-07,False,IVV,-0.02821028276409543,BND,0.05191269420851263,-0.0157
2009-01-08,False,SPY,-0.07112043857567385,BND,0.048312993897063006,-0.0157
2009-01-09,False,SPY,-0.06304322918490302,BND,0.05399790393402504,-0.0168
2009-01-12,False,SPY,-0.03288588250503088,BND,0.05416784207840486,-0.0163
2009-01-13,False,SPY,-0.0422016595837289,GBF,0.05800978649699595,-0.015299999999999998
2009-01-14,False,IVV,-0.028141030163524094,BND,0.05843426785460948,-0.0154
2009-01-15,False,IVV,0.00666870771082384,BND,0.054310780944984094,-0.015899999999999997
2009-01-16,False,IVV,-0.08823217556619911,BND,0.060372595401736895,-0.0175
2009-01-20,False,SPY,-0.12734009312848305,GBF,0.0488860785762848,-0.0173
2009-01-21,False,SPY,-0.12008752230788056,GBF,0.04366739957345489,-0.0174
2009-01-22,False,IVV,-0.14105583476579853,GBF,0.04308099134725829,-0.0179
2009-01-23,False,SPY,-0.137185623953748,GBF,0.040490019216100404,-0.0174
2009-01-26,False,IVV,-0.1600667915886973,BND,0.03602114566765224,-0.016800000000000002
2009-01-27,False,SPY,-0.11405048699150999,BND,0.04286888616931117,-0.0167
2009-01-28,False,SPY,-0.030345447497957423,GBF,0.03562151862560747,-0.0152
2009-01-29,False,SPY,-0.09184262000006904,BND,0.034390959153033585,-0.0149
2009-01-30,False,SPY,-0.09850345724524079,BND,0.03765121333352339,-0.0146
2009-02-02,False,IVV,-0.07583671807033421,BND,0.03771648135820671,-0.0147
2009-02-03,False,SPY,-0.016277783482190666,BND,0.025631058221805336,-0.0139
2009-02-04,False,IVV,-0.08164374426477461,BND,0.02723880225863451,-0.013699999999999999
2009-02-05,False,IVV,-0.026029049617864564,BND,0.02857411010568911,-0.014499999999999999
2009-02-06,False,SPY,0.025967852659528834,BND,0.029788088790066114,-0.0144
2009-02-09,False,SPY,0.008388207855407837,BND,0.02671447535778415,-0.013999999999999999
2009-02-10,False,SPY,0.02807245301430683,BND,0.030977270808917767,-0.0139
2009-02-11,False,IVV,0.11104670719558696,BND,0.03187549779414378,-0.0139
2009-02-12,False,IVV,0.05094452606051836,BND,0.03069396904461197,-0.0139
2009-02-13,False,SPY,-0.018757473096065347,BND,0.018700494621393116,-0.014199999999999999
2009-02-17,False,IVV,-0.07309751186015512,BND,0.023458038218999056,-0.013399999999999999
2009-02-18,False,IVV,-0.10520405419217549,BND,0.019494219325820294,-0.013399999999999999
2009-02-19,False,SPY,-0.12512271232234717,BND,0.015765984310579073,-0.0131
2009-02-20,False,SPY,-0.04942772764313508,BND,0.02095432568316724,-0.012199999999999999
2009-02-23,False,SPY,-0.11740468117713243,BND,0.01501718265189611,-0.0073
2009-02-24,False,IVV,-0.10696890127899472,GBF,0.0214486632704729,-0.0052
2009-02-25,False,SPY,-0.0914770649448935,BND,0.017703078183808785,0.0027
2009-02-26,False,IVV,-0.13436790666174014,BND,0.03040809463157168,0.0004000000000000001
2009-02-27,False,IVV,-0.18117121865300034,GBF,0.01805033141094392,-0.0073
2009-03-02,False,SPY,-0.2047389777366685,BND,0.023256530016335875,-0.01
2009-03-03,False,IVV,-0.21913938094649643,BND,0.016622927882839367,-0.0053
2009-03-04,False,IVV,-0.17811785278849546,BND,0.01662210949099352,-0.0023
2009-03-05,False,SPY,-0.22057325520012516,BND,0.017972841077336987,-0.005600000000000001
2009-03-06,False,SPY,-0.2081805330491754,BND,0.023970117234359156,-0.0066
2009-03-09,False,IVV,-0.25356246796486426,BND,0.015272515369879835,-0.0070999999999999995
2009-03-10,False,SPY,-0.20036631364207813,BND,0.028035259286978587,-0.0068000000000000005
2009-03-11,False,IVV,-0.18102055176974796,BND,0.035695785173841754,-0.0062
2009-03-12,False,IVV,-0.14550522462666082,BND,0.018173931146586053,-0.0041
2009-03-13,False,IVV,-0.12697391286265713,BND,0.022996652392878625,-0.0031
2009-03-16,False,SPY,-0.11954506176671098,BND,0.030599012501395517,-0.0030000000000000005
2009-03-17,False,SPY,-0.09785372269311232,BND,0.02530797066433732,-0.0058
2009-03-18,False,IVV,-0.08501144164759722,BND,0.05920056407998775,-0.004700000000000001
2009-03-19,False,IVV,-0.09363896848137598,BND,0.09254844733505752,-0.004
2009-03-20,False,IVV,-0.1317029391967699,GBF,0.11133959035824126,-0.0003
2009-03-23,False,SPY,-0.08220567611628726,BND,0.07449016327861058,-0.0007499999999999998
2009-03-24,False,SPY,-0.12661468110493956,BND,0.06036866962587051,-0.0013000000000000004
2009-03-25,False,IVV,-0.1171077725220383,BND,0.06329005971688773,-0.0003
2009-03-26,False,SPY,-0.10433004338947127,BND,0.0670483849976613,-0.0031000000000000003
2009-03-27,False,IVV,-0.09357027818928054,BND,0.06385756227185979,-0.0069
2009-03-30,False,IVV,-0.128544498813836,BND,0.06639357639385213,-0.0106
2009-03-31,False,IVV,-0.10191207519107992,BND,0.048878854845654685,-0.008900000000000002
2009-04-01,False,IVV,-0.06186768082807592,BND,0.046275836591184394,-0.0083
2009-04-02,False,IVV,-0.03528079201036027,BND,0.04911414376093215,-0.0076
2009-04-03,False,IVV,0.00599015814724746,BND,0.05563025165354807,-0.0068000000000000005
2009-04-06,False,IVV,-0.004468579040405096,BND,0.06246994211833634,-0.0063999999999999994
2009-04-07,False,IVV,-0.033694655359356784,BND,0.07284933367269697,-0.0057
2009-04-08,False,IVV,0.03126512432853845,BND,0.07012925144114712,-0.0044
2009-04-09,False,IVV,0.02773727467879117,BND,0.07603742570366423,-0.0023
2009-04-13,False,IVV,0.04417667782830992,BND,0.07834873669954301,-0.0028000000000000004
2009-04-14,False,SPY,0.0223480097016151,BND,0.0727419534352376,-0.0031999999999999997
2009-04-15,False,IVV,0.025784468453793563,BND,0.0635202432507993,-0.0032999999999999995
2009-04-16,False,SPY,0.030794779489849322,BND,0.05352756820542326,-0.0027
2009-04-17,False,IVV,0.0036043870763080577,BND,0.04709499015024554,-0.0018
2009-04-20,False,SPY,-0.006024721619370399,BND,0.054530118190941446,-0.0017
2009-04-21,False,SPY,0.03443846954905827,BND,0.052481691387929796,-0.0013999999999999998
2009-04-22,False,SPY,0.031227121000090285,BND,0.0517149258957601,-0.0009499999999999998
2009-04-23,False,IVV,0.026857330933100387,BND,0.055920648739716805,-0.0007999999999999999
2009-04-24,False,IVV,0.04695717363857921,BND,0.05537403522930506,-0.0012
2009-04-27,False,IVV,0.02225699839014439,BND,0.05402114669763458,-0.0001999999999999999
2009-04-28,False,SPY,-0.009010437300514651,BND,0.05288222626696726,0.00010000000000000009
2009-04-29,False,IVV,0.009358935884412611,IEF,0.047857185030903526,-9.999999999999995e-05
2009-04-30,False,SPY,0.05955735723217459,IEF,0.03491531832755035,0.0007000000000000001
2009-05-01,False,IVV,0.05885347065276192,IEF,0.01124752157525366,0.0013
2009-05-04,False,IVV,0.0934351134877589,IEF,0.021651467107748124,0.0017000000000000001
2009-05-05,False,IVV,0.10120997648967678,IEF,0.031033952946924348,0.0006
2009-05-06,False,SPY,0.17160259896283359,IEF,0.014064968347397677,0.0009
2009-05-07,False,IVV,0.15690090159343018,IEF,-0.0005084884987041072,0.0013
2009-05-08,False,IVV,0.1971203038985705,IEF,-0.001333811702909582,0.0018
2009-05-11,False,IVV,0.18554403348235193,IEF,-0.005357336961610004,0.0012
2009-05-12,False,IVV,0.22614286220613988,IEF,-0.01118312164380364,0.0013
2009-05-13,False,SPY,0.15293021867304146,IEF,-0.008180455621767613,0.0015000000000000002
2009-05-14,False,SPY,0.17203847581948173,IEF,-0.0142376248652063,0.0014000000000000002
2009-05-15,False,IVV,0.18166967536638223,IEF,-0.006158011170689148,0.0015000000000000002
2009-05-18,False,IVV,0.24058736072928832,IEF,-0.008264492811267399,0.0016
2009-05-19,False,IVV,0.2989580081641521,IEF,-0.018006861218227366,0.0015
2009-05-20,False,SPY,0.3011621569307812,IEF,-0.014015027392004331,0.0016
2009-05-21,False,IVV,0.25100857604875904,IEF,-0.0306733739297419,0.0018
2009-05-22,False,IVV,0.30262237128473846,IEF,-0.03904322096980184,0.0016
2009-05-26,False,SPY,0.33441987687670216,IEF,-0.04750981253080189,0.0015
2009-05-27,False,SPY,0.32618233938439234,IEF,-0.07301358723262463,0.0013
2009-05-28,False,IVV,0.26781639622362796,IEF,-0.07446538129910585,0.001
2009-05-29,False,SPY,0.283138968905321,IEF,-0.07030631399959353,0.0010500000000000002
2009-06-01,False,IVV,0.2643245472406788,IEF,-0.08239896938067981,0.0011
2009-06-02,False,SPY,0.2556735076420391,IEF,-0.07691813898201261,0.0013
2009-06-03,False,IVV,0.24301548272015405,IEF,-0.0708083968696176,0.0012000000000000001
2009-06-04,False,SPY,0.2179822351603573,IEF,-0.0806576471029391,0.0011500000000000002
2009-06-05,False,SPY,0.19156764107818214,IEF,-0.0946422177641949,0.0017000000000000001
2009-06-08,False,SPY,0.20153465668765347,IEF,-0.10121605668404532,0.0013
2009-06-09,False,SPY,0.2337374557911287,IEF,-0.09860996344440875,0.0009
2009-06-10,False,IVV,0.14771148087461428,IEF,-0.09400331465804446,0.0006999999999999999
2009-06-11,False,IVV,0.17516360739779602,IEF,-0.07458301213149887,0.0011
2009-06-12,False,SPY,0.16734199511388415,IEF,-0.06804260596621947,0.0004999999999999999
2009-06-15,False,SPY,0.11779570307068177,IEF,-0.06327761046954683,0.0003
2009-06-16,False,SPY,0.12290157918267841,IEF,-0.058237168154536945,0.0006000000000000002
2009-06-17,False,IVV,0.16179263197873106,IEF,-0.06326254757512173,0.0008000000000000001
2009-06-18,False,IVV,0.15938206480783812,IEF,-0.07890725098553575,0.0010999999999999998
2009-06-19,False,SPY,0.1418479309609657,IEF,-0.08039314666524033,0.0007000000000000001
2009-06-22,False,SPY,0.07614347410968825,IEF,-0.07609464122980525,0.0009000000000000001
2009-06-23,False,SPY,0.06637836470722536,IEF,-0.07825923196375972,0.0008000000000000001
2009-06-24,False,SPY,0.08405963492065194,IEF,-0.08100459252955017,0.0008
2009-06-25,False,SPY,0.13408958897164092,IEF,-0.06084904238767519,0.0006
2009-06-26,False,IVV,0.11852938031448601,IEF,-0.05816148190613779,0.0007000000000000001
2009-06-29,False,SPY,0.08637577187519874,IEF,-0.04770984083316987,0.0009000000000000001
2009-06-30,False,SPY,0.0773351755577465,IEF,-0.04390518470168914,0.0009
2009-07-01,False,SPY,0.10076854679636416,IEF,-0.044719750193628394,0.0006000000000000002
2009-07-02,False,IVV,0.05933549473592303,IEF,-0.03915154014383704,0.0003
2009-07-06,False,IVV,0.04393406282345835,IEF,-0.04478553891812875,0.0006
2009-07-07,False,SPY,0.016947385644196178,IEF,-0.03483095086235377,0.0
2009-07-08,False,IVV,0.06061025985888824,IEF,-0.010791999936047514,-0.0005000000000000001
2009-07-09,False,SPY,0.04239832784291009,IEF,-0.016174648860260987,-0.0004999999999999999
2009-07-10,False,SPY,0.04631201005323393,IEF,-0.017997639164402113,-0.0009000000000000002
2009-07-13,False,SPY,0.06134780951167573,IEF,-0.013012561267134348,-0.0014000000000000002
2009-07-14,False,SPY,0.05146706461623518,IEF,-0.014557043240503331,-0.0012
2009-07-15,False,SPY,0.09255667566876236,IEF,-0.029578115427884244,-0.0010999999999999998
2009-07-16,False,SPY,0.09424114941844497,IEF,-0.017809930862309087,-0.0009000000000000002
2009-07-17,False,SPY,0.08318977994665055,IEF,-0.02243894451649653,-0.0015
2009-07-20,False,IVV,0.0929427107716223,IEF,-0.03181639970530481,-0.0012
2009-07-21,False,IVV,0.09285755718060629,IEF,-0.028483436420172703,-0.0010999999999999998
2009-07-22,False,IVV,0.05708036760683166,IEF,-0.033924918898362244,-0.0009999999999999998
2009-07-23,False,SPY,0.08435282002469058,IEF,-0.035702743697608064,-0.0009999999999999998
2009-07-24,False,SPY,0.07024182729470274,IEF,-0.049644476672696,-0.0014000000000000002
2009-07-27,False,SPY,0.08852864322330456,IEF,-0.04713842061817386,-0.0012
2009-07-28,False,SPY,0.0587343688671087,IEF,-0.03989434454316121,-0.0010999999999999998
2009-07-29,False,SPY,0.07627990739166113,IEF,-0.041978227713495686,-0.0008000000000000001
2009-07-30,False,IVV,0.09030598722890981,IEF,-0.039050434174138116,-0.0010999999999999998
2009-07-31,False,IVV,0.11972928545193051,IEF,-0.02568084808548554,-0.0014000000000000002
2009-08-03,False,IVV,0.12893165236891058,IEF,-0.027191752577740314,-0.0010999999999999998
2009-08-04,False,IVV,0.1414479599757239,IEF,-0.02752262519649462,-0.0009000000000000002
2009-08-05,False,SPY,0.10682133300339602,IEF,-0.03222777771841945,-0.0008000000000000001
2009-08-06,False,SPY,0.10241859741024295,IEF,-0.04181069296638129,-0.0011
2009-08-07,False,IVV,0.12420791934817355,IEF,-0.04693949175711565,-0.0008000000000000001
2009-08-10,False,SPY,0.1384214785225597,IEF,-0.03589979713287772,-0.0007000000000000001
2009-08-11,False,SPY,0.1266174845517305,IEF,-0.04044408397699173,-0.00020000000000000017
2009-08-12,False,IVV,0.10983767196880789,IEF,-0.038558792802380615,-0.0003999999999999998
2009-08-13,False,SPY,0.13908605630601434,IEF,-0.03145087556364934,-0.0006
2009-08-14,False,IVV,0.11478937952695878,IEF,-0.021300410998602803,-0.0006
2009-08-17,False,IVV,0.06774576827224177,IEF,-0.021581973449278147,-0.0005000000000000001
2009-08-18,False,SPY,0.05147077151015367,IEF,-0.027795759645027784,-0.0004000000000000001
2009-08-19,False,SPY,0.05980792964195225,IEF,-0.023380399586821032,-0.0003
2009-08-20,False,IVV,0.08422554303866447,IEF,-0.015247148734518823,-0.0006999999999999998
2009-08-21,False,IVV,0.09505051377555396,IEF,-0.023402352994314035,-0.0006999999999999998
2009-08-24,False,IVV,0.09448277674969985,IEF,-0.04990858792028141,-0.0003999999999999998
2009-08-25,False,IVV,0.10133220806596399,IEF,-0.044157985009802614,-0.0003
2009-08-26,False,IVV,0.09580333926660489,IEF,-0.04290098729145897,-0.0007000000000000001
2009-08-27,False,SPY,0.10150577524472015,IEF,-0.04225705915637856,-0.0007000000000000001
2009-08-28,False,SPY,0.09641462544896884,IEF,-0.038655675261919376,-0.0006
2009-08-31,False,IVV,0.08344817127124027,IEF,-0.029977405709173843,-0.0004000000000000001
2009-09-01,False,IVV,0.08432939366394465,IEF,-0.02999316212183256,-9.999999999999982e-05
2009-09-02,False,IVV,0.0946892089021738,IEF,-0.024087707895192656,0.0
2009-09-03,False,SPY,0.10558887412450901,IEF,-0.03172015266578743,-0.0003
2009-09-04,False,SPY,0.11293214057016221,IEF,-0.039218527746816334,-0.0006999999999999998
2009-09-08,False,IVV,0.11829638305123291,IEF,-0.04376964307400366,-0.0007999999999999999
2009-09-09,False,SPY,0.1618503714364965,IEF,-0.0366428912285347,-0.0007999999999999999
2009-09-10,False,IVV,0.17235609103078953,IEF,-0.01819042789845593,-0.0006999999999999998
2009-09-11,False,SPY,0.16256099103769417,IEF,-0.013011181763336821,-0.0006
2009-09-14,False,SPY,0.14335358072646454,IEF,-0.021286112946556912,-0.0006
2009-09-15,False,SPY,0.1511324543176149,IEF,-0.028135144457216765,-0.0004999999999999999
2009-09-16,False,SPY,0.15771309032512737,IEF,-0.023140759011631484,-0.0007999999999999999
2009-09-17,False,IVV,0.16437466161342607,IEF,-0.024089699774269335,-0.0007999999999999999
2009-09-18,False,SPY,0.16135955461151164,IEF,-0.03427112079779826,-0.0009000000000000001
2009-09-21,False,SPY,0.1909258024114544,IEF,-0.0358124210714853,-0.00039999999999999996
2009-09-22,False,SPY,0.19799547361095837,IEF,-0.029426597425218692,-0.00020000000000000004
2009-09-23,False,SPY,0.21151215408206392,IEF,-0.019396263876898745,-0.00030000000000000014
2009-09-24,False,IVV,0.198769501076,IEF,-0.023521348943565168,-0.0004000000000000001
2009-09-25,False,SPY,0.19028603707616365,IEF,-0.015768830585116134,-0.0004999999999999999
2009-09-28,False,IVV,0.21411224522749572,IEF,-0.01166841926366502,-0.00030000000000000014
2009-09-29,False,IVV,0.18203662462661852,IEF,-0.011888084007941169,0.0003
2009-09-30,False,SPY,0.17087458778725106,IEF,-0.007263280416669904,0.0004000000000000001
2009-10-01,False,IVV,0.1092894951923089,IEF,-0.003926092530262104,-0.0003
2009-10-02,False,IVV,0.09442163344451515,IEF,0.0004993552354197739,-0.0003
2009-10-05,False,IVV,0.10991295446126248,IEF,0.00582899775236112,-0.0003
2009-10-06,False,SPY,0.11439682388832462,IEF,0.004288517614404963,-0.0006000000000000002
2009-10-07,False,SPY,0.11231503447554192,IEF,0.013940722069355704,-0.0007000000000000001
2009-10-08,False,SPY,0.12106543886413212,IEF,0.009205921300696529,-0.0013
2009-10-09,False,IVV,0.10331110593609738,IEF,-0.0002140552793321593,-0.0012
2009-10-12,False,SPY,0.10333372313201816,IEF,0.002295496671884667,-0.0012
2009-10-13,False,SPY,0.09783281110983366,IEF,0.013059504154789847,-0.0010999999999999998
2009-10-14,False,IVV,0.12022109668732828,IEF,0.004948688225302034,-0.0012
2009-10-15,False,SPY,0.12885376084590772,IEF,-0.007670351776154716,-0.0012
2009-10-16,False,SPY,0.10883417845363907,IEF,-0.0024681025022565972,-0.0012
2009-10-19,False,IVV,0.11639886873550509,IEF,-0.005527993652374774,-0.0009000000000000001
2009-10-20,False,SPY,0.0924949263066348,IEF,-0.003362560040702234,-0.0008
2009-10-21,False,SPY,0.0798959528335379,IEF,-0.003189310152678426,-0.001
2009-10-22,False,SPY,0.09402212910761532,IEF,-0.00023915746693914386,-0.0013
2009-10-23,False,SPY,0.08714393801697606,IEF,-0.0037548305211133615,-0.0010999999999999998
2009-10-26,False,IVV,0.061371373411172936,IEF,-0.012519167948025323,-0.001
2009-10-27,False,IVV,0.0587774774274723,IEF,0.007000507957822588,-0.0011
2009-10-28,False,SPY,0.05191343607688248,IEF,0.01603768830555352,-0.0010999999999999998
2009-10-29,False,IVV,0.0629692098496839,IEF,0.017944021855488712,-0.0012
2009-10-30,False,SPY,0.02444893422885941,IEF,0.03726659215976902,-0.0012000000000000001
2009-11-02,False,SPY,0.039953351432230555,IEF,0.02918235033195682,-0.0009
2009-11-03,False,SPY,0.06956027007285104,IEF,0.015354162974420715,-0.0008000000000000001
2009-11-04,False,IVV,0.061276872739148835,IEF,0.029303511191769216,-0.0008
2009-11-05,False,IVV,0.07366333748753706,IEF,0.02609878020119205,-0.001
2009-11-06,False,SPY,0.06585090520822856,IEF,0.022906924406487672,-0.0008000000000000001
2009-11-09,False,SPY,0.06916485534243155,IEF,0.03536470621068499,-0.0007000000000000001
2009-11-10,False,IVV,0.06935116744940495,IEF,0.04657085947063533,-0.0013
2009-11-11,False,IVV,0.07270342512077321,IEF,0.054921647178657995,-0.0012
2009-11-12,False,SPY,0.06183321721481505,IEF,0.05073917503752079,-0.0012
2009-11-13,False,SPY,0.06520448080480978,IEF,0.05787874723154274,-0.0012
2009-11-16,False,IVV,0.08069103381374787,IEF,0.056355122895074494,-0.0012
2009-11-17,False,IVV,0.09144527298151717,IEF,0.05307103405925262,-0.0013
2009-11-18,False,SPY,0.11576848917420013,IEF,0.0457412308173728,-0.0013
2009-11-19,False,SPY,0.10542071686682264,IEF,0.04117653811898747,-0.0015000000000000002
2009-11-20,False,SPY,0.09241170695390011,IEF,0.04384770398760285,-0.0015000000000000002
2009-11-23,False,SPY,0.0910039111286498,IEF,0.055188086123163504,-0.0013
2009-11-24,False,IVV,0.08297471494625874,IEF,0.0557126195908999,-0.0014000000000000002
2009-11-25,False,IVV,0.07880905186911491,IEF,0.053583905987474534,-0.0015000000000000002
2009-11-27,False,SPY,0.05059552585752636,GBF,0.05175965086584888,-0.0017000000000000001
2009-11-30,False,IVV,0.054250683612325545,BND,0.05786723873936084,-0.0013
2009-12-01,False,IVV,0.06073435696717344,IEF,0.04179201024239809,-0.0012
2009-12-02,False,SPY,0.05732034951770704,IEF,0.038273208979767936,-0.0015000000000000002
2009-12-03,False,SPY,0.03341188367915371,IEF,0.031268466009542806,-0.0014000000000000002
2009-12-04,False,IVV,0.04072485817911309,IEF,0.026332267517302776,-0.0013
2009-12-07,False,IVV,0.03846009003252804,IEF,0.029814078866367444,-0.0013
2009-12-08,False,SPY,0.029685298262095428,IEF,0.0300042305164423,-0.0014000000000000002
2009-12-09,False,IVV,0.02736856992310499,IEF,0.027300544441432262,-0.0016
2009-12-10,False,IVV,0.04166666666666652,IEF,0.0197706988345836,-0.0017000000000000001
2009-12-11,False,SPY,0.05808970574230976,IEF,0.0031696503052121017,-0.0015
2009-12-14,False,IVV,0.07028418844173201,IEF,0.009084178213987437,-0.0015
2009-12-15,False,SPY,0.0473100075244548,IEF,-0.00036440753567346107,-0.0013
2009-12-16,False,SPY,0.05207547169811311,IEF,0.003227879794318822,-0.0013999999999999998
2009-12-17,False,IVV,0.04216583341194169,IEF,0.018876064812014315,-0.0013999999999999998
2009-12-18,False,SPY,0.07604341070214682,IEF,0.027134376553943795,-0.0013
2009-12-21,False,IVV,0.09100631988332508,IEF,0.01054547184034682,-0.0011
2009-12-22,False,IVV,0.07954000958313334,IEF,0.012865173101909821,-0.0009000000000000001
2009-12-23,False,SPY,0.06671886971780094,IEF,0.008712145099077695,-0.0012
2009-12-24,False,SPY,0.06883124922707262,IEF,-0.0060177052875816095,-0.0014000000000000002
2009-12-28,False,SPY,0.06297374919678433,IEF,-0.002799539484421354,-0.0008
2009-12-29,False,SPY,0.055032393990669615,IEF,0.009618876592912828,-0.0009
2009-12-30,False,IVV,0.05052023713957565,IEF,0.009303218155369608,-0.0013
2009-12-31,False,IVV,0.042399917548653576,IEF,0.009133560157485565,-0.0013
2010-01-04,False,IVV,0.04149248015142559,IEF,0.009612427439404492,-0.0011
2010-01-05,False,IVV,0.04100547172306901,IEF,0.013368755286394807,-0.0012
2010-01-06,False,IVV,0.04964712843601515,IEF,0.005253896328656138,-0.0012
2010-01-07,False,IVV,0.04544427751912017,IEF,-0.004779898183344011,-0.0013
2010-01-08,False,IVV,0.054170034907833564,IEF,0.007124665177555833,-0.0014000000000000002
2010-01-11,False,SPY,0.06573404078023515,IEF,0.010725753193596477,-0.0013999999999999998
2010-01-12,False,SPY,0.04517209579845316,IEF,0.023814578033867884,-0.0013
2010-01-13,False,IVV,0.0655417750963101,IEF,0.018904470198104484,-0.0011
2010-01-14,False,SPY,0.08077323226716082,IEF,0.03051889512182493,-0.0014000000000000002
2010-01-15,False,IVV,0.07336871933561939,IEF,0.028498614306674108,-0.0013
2010-01-19,False,IVV,0.10749373303100418,IEF,0.019580443034650008,-0.0012
2010-01-20,False,SPY,0.07360428425586352,IEF,0.025953802125457504,-0.0012000000000000001
2010-01-21,False,IVV,0.0832273531714518,IEF,0.02171798656726498,-0.0011
2010-01-22,False,SPY,0.052481162383178015,IEF,0.019456953538215194,-0.0012
2010-01-25,False,SPY,0.054542128412018664,IEF,0.010285452452086341,-0.0012
2010-01-26,False,SPY,0.047420609739152075,IEF,0.01586442630430729,-0.0010999999999999998
2010-01-27,False,SPY,0.03339405752671043,IEF,0.009728591697036437,-0.0009000000000000001
2010-01-28,False,IVV,0.018105014338769987,IEF,0.006742364490061048,-0.0009000000000000001
2010-01-29,False,IVV,-0.01537472028472564,IEF,0.0210336543472307,-0.0009000000000000001
2010-02-01,False,IVV,0.000446004853053239,IEF,0.011277188561554796,-0.0007000000000000001
2010-02-02,False,SPY,0.007454383784219587,IEF,0.010296740659922587,-0.0007000000000000001
2010-02-03,False,IVV,0.012647892977871722,IEF,0.004162063147165274,-0.0004999999999999999
2010-02-04,False,IVV,-0.024127818238951937,IEF,0.01521372846021607,-0.0006
2010-02-05,False,SPY,-0.03577754471417638,IEF,0.01612329138444024,-0.0004999999999999999
2010-02-08,False,SPY,-0.0438561541728717,IEF,0.012235937262203622,-0.0003
2010-02-09,False,SPY,-0.03123772687300197,IEF,0.004167444936969744,-0.00020000000000000017
2010-02-10,True,SPY,-0.02036920823709787,IEF,-0.004051155281182606,-0.00030000000000000014
2010-02-11,True,IVV,-0.00806181139158113,IEF,-0.0016903735363892336,-0.00039999999999999996
2010-02-12,True,IVV,-0.02046138291651156,IEF,0.0066759168416254955,-0.0004000000000000001
2010-02-16,True,SPY,-0.00596744675995875,IEF,0.011238505379180364,-0.0004000000000000001
2010-02-17,False,IVV,-0.0047844976813794515,IEF,0.0049807448343353045,-0.0004000000000000001
2010-02-18,False,IVV,0.017361370789475083,IEF,-0.006020712256451732,-0.0004000000000000001
2010-02-19,False,SPY,0.016328636350499304,IEF,-0.008383648689476608,-0.00030000000000000014
2010-02-22,False,SPY,0.004090542526303365,IEF,-0.0033097414558270755,-0.00030000000000000014
2010-02-23,False,IVV,-0.008835378037797215,IEF,0.00635302894626899,-0.00010000000000000009
2010-02-24,False,IVV,0.008743551498055169,IEF,0.007683676930811734,0.0001999999999999999
2010-02-25,False,SPY,0.0022759513961438937,IEF,0.0064043764660834945,0.0003
2010-02-26,False,IVV,0.004028772864898,IEF,0.013376977216411179,0.0005
2010-03-01,False,IVV,0.025396781247423172,IEF,0.015090053959741612,0.00020000000000000004
2010-03-02,False,IVV,0.024972263624618796,IEF,0.012982483715387794,0.00030000000000000014
2010-03-03,False,SPY,0.020439101979307983,IEF,0.00976568938915201,0.00030000000000000014
2010-03-04,False,IVV,0.019002697342043406,IEF,0.0087962455705759,0.0004000000000000001
2010-03-05,False,IVV,0.026702849341050605,IEF,-1.79329011791296e-05,0.0004999999999999999
2010-03-08,False,SPY,0.03171919056272077,IEF,-0.0044055472479571645,0.0005
2010-03-09,False,IVV,0.031257916481197245,IEF,-0.0014286874747113654,0.0003
2010-03-10,False,SPY,0.049062265994642695,IEF,-0.003844211759168714,9.999999999999982e-05
2010-03-11,False,IVV,0.04724963335040777,IEF,-0.012144147254808502,0.0006
2010-03-12,False,SPY,0.03709691906943369,IEF,-0.010180882393449164,0.0004999999999999999
2010-03-15,False,SPY,0.033652555267161155,IEF,-0.010074174855974838,0.0009000000000000001
2010-03-16,False,SPY,0.03983921393479162,IEF,-0.0030060117017547405,0.0008
2010-03-17,False,IVV,0.040290445408660336,IEF,-0.008123363375571069,0.0006
2010-03-18,False,IVV,0.03800936975161329,IEF,-0.007122928486091196,0.001
2010-03-19,False,IVV,0.0339883165161976,IEF,0.0011695647040947943,0.0009
2010-03-22,False,IVV,0.04039330321551926,IEF,0.0015528190187956703,0.0007999999999999999
2010-03-23,False,SPY,0.05793561450621487,IEF,-0.0028229002060951025,0.0007000000000000001
2010-03-24,False,SPY,0.03524206990216716,IEF,-0.005971230565674723,0.0007000000000000001
2010-03-25,False,SPY,0.030829857864641985,IEF,-0.006386706200039227,0.0007000000000000001
2010-03-26,False,SPY,0.02948647251505676,IEF,-0.008602533771433163,0.0007000000000000001
2010-03-29,False,SPY,0.03166627616723683,IEF,-0.011552892775822166,0.0006999999999999999
2010-03-30,False,IVV,0.02879697158888983,IEF,-0.012810663459821736,0.0008
2010-03-31,False,IVV,0.023615987113827952,IEF,-0.008228519096816989,0.0009
2010-04-01,False,SPY,0.04071758199068287,IEF,-0.007363702539186612,0.001
2010-04-02,False,SPY,0.03620614781526044,IEF,-0.00694663989375377,0.0009
2010-04-05,False,SPY,0.03760495045775114,IEF,-0.0057586180910450535,0.001
2010-04-06,False,IVV,0.05173144335391955,IEF,-0.011332995978988292,0.0009000000000000001
2010-04-07,False,SPY,0.032941769901262186,IEF,-0.008226058021718496,0.001
2010-04-08,False,IVV,0.04687351968377995,IEF,-0.004565790559461935,0.0011
2010-04-09,False,SPY,0.07471091634617655,IEF,-0.010813575644011864,0.0011
2010-04-12,False,IVV,0.10063433445900327,IEF,-0.0055527269625104125,0.001
2010-04-13,False,IVV,0.09614194697620859,IEF,-0.0013547416367122311,0.001
2010-04-14,False,SPY,0.1132741989943784,GBF,-0.003303315762822834,0.0011
2010-04-15,False,IVV,0.1088667568239543,IEF,0.00017513021325776812,0.0012
2010-04-16,False,SPY,0.10393683635455941,IEF,0.0032254064780525837,0.001
2010-04-19,False,SPY,0.12027457256907903,IEF,0.00033054313416092107,0.0009
2010-04-20,False,SPY,0.1129719290834501,IEF,6.066190247455694e-06,0.0009
2010-04-21,False,SPY,0.09766087411344948,IEF,0.00037654991816871153,0.0007999999999999999
2010-04-22,False,IVV,0.10634291696115139,IEF,-0.0022848928124649115,0.0009
2010-04-23,False,IVV,0.14849317896578462,IEF,-0.0058245580923242946,0.001
2010-04-26,False,IVV,0.14208433704856804,IEF,-0.010470558148080622,0.0009
2010-04-27,False,SPY,0.12353175104561598,IEF,-0.0033698764966276773,0.001
2010-04-28,False,IVV,0.11794903300984405,IEF,-0.005950806906483086,0.0012
2010-04-29,False,SPY,0.13410555780093114,IEF,-0.005486888100767029,0.0015000000000000002
2010-04-30,False,SPY,0.10332141006212958,IEF,0.0006881818845583254,0.0014000000000000002
2010-05-03,False,SPY,0.11855352812299325,IEF,-0.000507766654637698,0.0012000000000000001
2010-05-04,False,SPY,0.07533078668827997,IEF,0.001120208633481612,0.0011
2010-05-05,False,SPY,0.06388446341782239,IEF,0.0016099028255573966,0.001
2010-05-06,False,IVV,0.021485113061638028,GBF,0.0078044526343461484,0.0008
2010-05-07,False,IVV,0.0037095011407504153,IEF,0.003664126974719961,0.0007000000000000001
2010-05-10,False,IVV,0.04909123192096887,IEF,0.001532888236662533,0.001
2010-05-11,False,SPY,0.05919133121806297,IEF,0.0048081190318194356,0.0011
2010-05-12,False,IVV,0.06415781765213868,IEF,0.00697653002161025,0.001
2010-05-13,False,IVV,0.052359748969532216,IEF,0.017281906449333917,0.001
2010-05-14,False,SPY,0.03270511162538625,GBF,0.01982161838308527,0.0012
2010-05-17,False,SPY,0.022629480722903716,IEF,0.015268402502665701,0.0013
2010-05-18,False,SPY,0.005932193109748907,GBF,0.023837445839560267,0.0014000000000000002
2010-05-19,False,SPY,-0.0006861887009643741,GBF,0.02633248056114912,0.0015000000000000002
2010-05-20,False,SPY,-0.041322260342850026,GBF,0.0273182532310956,0.0014000000000000002
2010-05-21,False,IVV,-0.04148552640606795,GBF,0.027384501572087494,0.0013
2010-05-24,False,SPY,-0.05350341487467236,GBF,0.03199714063400738,0.0012000000000000001
2010-05-25,False,SPY,-0.05410955414231544,GBF,0.029056521980241,0.0013
2010-05-26,False,IVV,-0.06403569526121833,GBF,0.026191296415380094,0.0013
2010-05-27,False,SPY,-0.036649642869586496,GBF,0.021540349409010284,0.0012000000000000001
2010-05-28,False,SPY,-0.0488217481028721,GBF,0.028604572704459708,0.0008
2010-06-01,False,IVV,-0.06542717239117357,GBF,0.03199780402920216,0.0008
2010-06-02,False,IVV,-0.048704984411491736,GBF,0.031025814299043608,0.0009
2010-06-03,False,IVV,-0.05080099891063383,GBF,0.027302607790600675,0.0009000000000000001
2010-06-04,False,IVV,-0.08370650049430883,GBF,0.0380254580647601,0.00030000000000000014
2010-06-07,False,SPY,-0.09036819867207002,GBF,0.035828398252612415,0.0001999999999999999
2010-06-08,False,IVV,-0.08629940866959296,GBF,0.03565152462098542,0.0006999999999999999
2010-06-09,False,IVV,-0.09744852446666374,GBF,0.03794245736362534,0.0004000000000000001
2010-06-10,False,SPY,-0.06581650119821991,GBF,0.03074495622060769,0.00020000000000000004
2010-06-11,False,IVV,-0.059994872233142815,BND,0.03393536961994226,9.999999999999995e-05
2010-06-14,False,IVV,-0.06133606697420091,GBF,0.03180731624809319,0.00010000000000000009
2010-06-15,False,IVV,-0.0457905020813858,GBF,0.029972035019055543,0.00039999999999999996
2010-06-16,False,IVV,-0.046361552177973886,GBF,0.028875365148887777,0.0005
2010-06-17,False,SPY,-0.041538461538461746,GBF,0.031304293902357117,0.0005
2010-06-18,False,IVV,-0.047373318670163145,GBF,0.02737154553115495,0.0006
2010-06-21,False,IVV,-0.05405063824409051,GBF,0.03292420474835378,0.0006
2010-06-22,False,IVV,-0.07301107754279956,GBF,0.031305888114787184,0.0008
2010-06-23,False,SPY,-0.07804609867393475,GBF,0.031077151057656405,0.0007000000000000001
2010-06-24,False,SPY,-0.08811434774006699,GBF,0.03247860747324882,0.0007000000000000001
2010-06-25,False,SPY,-0.0874553711628201,GBF,0.033350123759407824,0.0008
2010-06-28,False,SPY,-0.09626675988894962,GBF,0.031443469378444,0.0011
2010-06-29,False,SPY,-0.12555936077438368,GBF,0.033216167535085495,0.0009
2010-06-30,False,IVV,-0.13565581189479559,GBF,0.03960633478385467,0.0012
2010-07-01,False,SPY,-0.14804334234746153,GBF,0.03802044550011807,0.001
2010-07-02,False,SPY,-0.15338474299930283,GBF,0.03860725069900095,0.0009000000000000001
2010-07-06,False,IVV,-0.1341698494624829,BND,0.04171321893290503,0.0009000000000000001
2010-07-07,False,SPY,-0.11013641009643826,GBF,0.036108732142843936,0.0008
2010-07-08,False,IVV,-0.10935698313249576,GBF,0.03795488423173787,0.0004999999999999999
2010-07-09,False,IVV,-0.1012661570806368,GBF,0.03435581494420559,0.0006
2010-07-12,False,SPY,-0.10309298981569037,BND,0.03826243927758499,0.0006
2010-07-13,False,SPY,-0.09546476415177874,GBF,0.03440087807370151,0.0006
2010-07-14,False,SPY,-0.09211875131168346,GBF,0.03500042776336376,0.0004999999999999999
2010-07-15,False,SPY,-0.06987228072787866,BND,0.03639221822043015,0.0003
2010-07-16,False,SPY,-0.10230212786649706,BND,0.04192997648718899,0.0003
2010-07-19,False,SPY,-0.10805752401947588,BND,0.0431438599912457,0.0006000000000000002
2010-07-20,False,IVV,-0.08291503771161524,BND,0.044729540235205256,0.0005
2010-07-21,False,SPY,-0.10611448658557965,BND,0.0469940927605228,0.0006
2010-07-22,False,IVV,-0.06461808257565482,BND,0.04452281408477421,0.0006
2010-07-23,False,IVV,-0.05073863492375463,BND,0.045102960313204266,0.0006
2010-07-26,False,SPY,-0.007521961579722736,BND,0.04707107834485602,0.0006
2010-07-27,False,SPY,0.007373935770245588,BND,0.04655743052619221,0.00039999999999999996
2010-07-28,False,SPY,-0.04134813645843882,BND,0.04875325707309375,0.00039999999999999996
2010-07-29,False,SPY,-0.04330110722282332,BND,0.04593798977955088,0.0003
2010-07-30,False,SPY,-0.056668048959631956,BND,0.04615461705298429,0.0003
2010-08-02,False,IVV,-0.023437681969841417,GBF,0.04443783548351954,0.0003
2010-08-03,False,IVV,-0.010412451262505895,GBF,0.04375297817314361,0.0003
2010-08-04,False,SPY,-0.003886123363509686,BND,0.042975385183501746,0.0003
2010-08-05,False,IVV,0.0086271803090201,GBF,0.043570448051510224,9.999999999999982e-05
2010-08-06,False,IVV,0.010263699016426875,BND,0.04677893188719473,9.999999999999982e-05
2010-08-09,False,IVV,0.05534823430506264,BND,0.04471467259485418,9.999999999999982e-05
2010-08-10,False,SPY,0.0348672969700099,BND,0.04846319134017296,0.0
2010-08-11,False,SPY,0.019587088165137656,BND,0.05094860615707142,-0.00010000000000000009
2010-08-12,False,SPY,0.012303277621776187,BND,0.04832034431895549,0.0
2010-08-13,False,SPY,0.015442920426923523,BND,0.05210453222530642,0.0
2010-08-16,False,SPY,-0.017923618360143334,BND,0.056203533674263895,0.0
2010-08-17,False,SPY,0.006776119834138283,BND,0.054269427821620475,0.00020000000000000017
2010-08-18,False,SPY,0.025872363369769946,BND,0.05217134743346641,-0.00010000000000000009
2010-08-19,False,SPY,-0.017556665301039276,BND,0.05274323898587041,0.0
2010-08-20,False,SPY,-0.024105240219707835,BND,0.0510766816879511,0.0
2010-08-23,False,SPY,0.007576851630296755,BND,0.053566547893518335,0.0
2010-08-24,False,SPY,0.00513602034657179,BND,0.056472007090180965,0.0
2010-08-25,False,SPY,-0.001653082437743536,BND,0.054008377501534977,0.00010000000000000009
2010-08-26,False,SPY,-0.003013934219495029,BND,0.054900632749147915,0.0001999999999999999
2010-08-27,False,IVV,-0.016834499572617623,BND,0.055358940508245746,9.999999999999982e-05
2010-08-30,False,SPY,-0.03527760139698055,BND,0.0634549780090019,0.0
2010-08-31,False,SPY,-0.033779995627986725,BND,0.06296591280011143,0.0
2010-09-01,False,SPY,-0.027002401452480562,BND,0.06186117064389385,-0.0001999999999999999
2010-09-02,False,SPY,-0.017590803660907373,BND,0.057656401617949715,-0.0001999999999999999
2010-09-03,False,SPY,-0.006444749678480299,BND,0.05479421809868468,-0.0001999999999999999
2010-09-07,False,SPY,-0.01870580864584226,BND,0.05962951718205045,-0.0001999999999999999
2010-09-08,False,SPY,-0.008975854950183604,BND,0.05976203538085767,-0.0001999999999999999
2010-09-09,False,IVV,0.012169706560201776,BND,0.05886103409278731,-0.0003999999999999998
2010-09-10,False,SPY,0.020598736610821344,BND,0.05676013992185136,-0.0003
2010-09-13,False,IVV,0.04933234421365018,BND,0.0554411018416725,-0.00020000000000000017
2010-09-14,False,SPY,0.04431259849819291,BND,0.05752207040000923,-0.00020000000000000017
2010-09-15,False,SPY,0.051613503208407296,BND,0.054484452508972714,-0.00010000000000000009
2010-09-16,False,IVV,0.08452859055268602,BND,0.051747856956475546,0.0
2010-09-17,False,SPY,0.09564163921720548,BND,0.0506475991722557,0.0
2010-09-20,False,IVV,0.1167522526886926,BND,0.052213698644818285,0.00010000000000000009
2010-09-21,False,IVV,0.12066276803118914,BND,0.05446116239743026,0.00010000000000000009
2010-09-22,False,SPY,0.10845832653342358,BND,0.05309808082623246,0.0
2010-09-23,False,SPY,0.06589561330152294,BND,0.05468174139264592,0.0
2010-09-24,False,IVV,0.07659682879196494,BND,0.05119096802083822,-0.00010000000000000009
2010-09-27,False,IVV,0.06392367612284233,BND,0.05486634866416362,0.00010000000000000009
2010-09-28,False,SPY,0.06714615364783683,BND,0.05783053154060869,0.0
2010-09-29,False,IVV,0.04882603872772173,BND,0.057479679894706814,0.0
2010-09-30,False,IVV,0.04610069485131141,BND,0.05750135157587288,0.0
2010-10-01,False,IVV,0.05018796806541426,BND,0.05279583593077919,0.0
2010-10-04,False,IVV,0.07203191192380731,BND,0.05614339933666135,-0.0003
2010-10-05,False,IVV,0.08646604805213709,BND,0.0560008955582767,-0.0005000000000000001
2010-10-06,False,IVV,0.07517331299161212,BND,0.05537934066097083,-0.0003
2010-10-07,False,IVV,0.08784787758047807,BND,0.05774033670330447,-0.0004000000000000001
2010-10-08,False,IVV,0.07024892274973293,BND,0.0534312262870158,-0.0004000000000000001
2010-10-11,False,SPY,0.062171881248604954,BND,0.052508578171677645,-0.00024999999999999995
2010-10-12,False,IVV,0.05419546062531988,BND,0.047423525931134636,0.00020000000000000004
2010-10-13,False,IVV,0.06248138302213402,BND,0.05169426542002342,0.0
2010-10-14,False,SPY,0.06549429874633228,BND,0.04881359148869424,-0.0001999999999999999
2010-10-15,False,SPY,0.07289888283840629,BND,0.044958781139818216,-0.0001999999999999999
2010-10-18,False,IVV,0.07783547489853726,BND,0.05178823573516822,-0.00010000000000000009
2010-10-19,False,SPY,0.04074871965285376,BND,0.051336656724773055,-0.0001999999999999999
2010-10-20,False,IVV,0.05581110989477844,BND,0.04741393692746021,-0.0001999999999999999
2010-10-21,False,IVV,0.050929067823627605,BND,0.046397196181077405,-0.0003
2010-10-22,False,SPY,0.054350882329204486,BND,0.04186366996453872,-0.0004000000000000001
2010-10-25,False,IVV,0.06133827486838128,BND,0.04223501963939924,-0.0003
2010-10-26,False,SPY,0.05633664559308871,BND,0.037529848593841564,-0.0003
2010-10-27,False,IVV,0.05846664782538724,BND,0.03397903955459314,-0.0003
2010-10-28,False,SPY,0.08905548680671571,BND,0.03762669077468739,-0.0004000000000000001
2010-10-29,False,SPY,0.09660541705602488,BND,0.039254550152826306,-0.0005000000000000001
2010-11-01,False,IVV,0.10007381849244368,BND,0.040519755996569984,-0.0004000000000000001
2010-11-02,False,IVV,0.10916797459113292,BND,0.04630989842206734,-0.0004000000000000001
2010-11-03,False,SPY,0.10039293237335811,BND,0.045366884714464595,-0.0003
2010-11-04,False,IVV,0.11925570811445563,BND,0.04781860313691544,-0.0003
2010-11-05,False,IVV,0.14330598371872405,BND,0.04430854346009183,-0.0003
2010-11-08,False,SPY,0.14522140262866157,BND,0.04573474354913598,-0.00010000000000000009
2010-11-09,False,IVV,0.14096489930802125,BND,0.03757033391186981,-0.00010000000000000009
2010-11-10,False,IVV,0.1625184193960829,BND,0.03397420961838393,0.00010000000000000009
2010-11-11,False,SPY,0.15434309603137564,BND,0.03473684988182191,0.00010000000000000009
2010-11-12,False,IVV,0.1482591280674126,BND,0.03007984179939638,0.0003
2010-11-15,False,SPY,0.12925781095071653,BND,0.029387811317666213,0.0004000000000000001
2010-11-16,False,IVV,0.12718562664114663,GBF,0.029007201489311907,0.0006999999999999999
2010-11-17,False,IVV,0.12747372617130526,BND,0.031125095101340428,0.0007000000000000001
2010-11-18,False,SPY,0.11195016583275752,BND,0.03292416680266319,0.0006
2010-11-19,False,IVV,0.10419111565034256,BND,0.03073622437484058,0.0004000000000000001
2010-11-22,False,IVV,0.08928026506480413,BND,0.03094193568680792,0.0006
2010-11-23,False,IVV,0.0852623640419079,BND,0.03157710860039309,0.00039999999999999996
2010-11-24,False,SPY,0.09449687206242974,BND,0.02641739263418663,0.0004000000000000001
2010-11-26,False,SPY,0.07677520559827244,BND,0.026388131549383465,0.0003
2010-11-29,False,IVV,0.07406914920490815,BND,0.024605588298221015,0.0004999999999999999
2010-11-30,False,VOO,0.05526660976855302,BND,0.026374318995783463,0.0004000000000000001
2010-12-01,False,VOO,0.07929854470258735,BND,0.018845949636103754,0.0003
2010-12-02,False,IVV,0.08924971249472669,BND,0.01608634908295814,-0.00010000000000000009
2010-12-03,False,IVV,0.09284734036722209,BND,0.015338023569567039,-9.999999999999982e-05
2010-12-06,False,SPY,0.09129700417814934,BND,0.018461710605589765,-0.0003
2010-12-07,False,VOO,0.07423253742038471,IEF,0.0073633609075769435,-0.0003
2010-12-08,False,IVV,0.08143039891796211,IEF,0.0005485340783457637,-0.00020000000000000017
2010-12-09,False,SPY,0.09116557926291713,IEF,0.0002589861865069931,-0.0003
2010-12-10,False,IVV,0.10640115133945716,IEF,-0.0051003700496423665,-0.0003
2010-12-13,False,SPY,0.08482842710329264,IEF,0.0005108878046378162,0.0
2010-12-14,False,SPY,0.09101251422070611,IEF,-0.007435512498033425,-0.00010000000000000009
2010-12-15,False,VOO,0.07998476480670358,IEF,-0.013167895654306871,-0.0001999999999999999
2010-12-16,False,IVV,0.09022032569885918,IEF,-0.002350054666975687,-0.0001999999999999999
2010-12-17,False,VOO,0.09467228823303842,IEF,0.0012469857660204475,-0.00039999999999999996
2010-12-20,False,IVV,0.09260869565217411,IEF,-0.004006771537801823,-9.999999999999982e-05
2010-12-21,False,IVV,0.10767478535132202,IEF,-0.007608947248352371,-9.999999999999982e-05
2010-12-22,False,VOO,0.08937389272117269,IEF,-0.00776731418136456,-0.0003
2010-12-23,False,SPY,0.08816329341407458,IEF,-0.012294893258253836,-0.0001999999999999999
2010-12-27,False,SPY,0.08991154982528049,IEF,-0.014765979568875043,0.00010000000000000009
2010-12-28,False,VOO,0.08386544561423515,IEF,-0.019690080110405406,-0.00010000000000000009
2010-12-29,False,SPY,0.08513731171112071,IEF,-0.005449607542996171,-0.0003
2010-12-30,False,VOO,0.078661155604423,IEF,-0.007157801869605129,-0.0004000000000000001
2010-12-31,False,SPY,0.07200114194441332,IEF,0.0013027867574788576,-0.0003
2011-01-03,False,IVV,0.08614449010830016,IEF,-0.0060764189238704525,0.0
2011-01-04,False,IVV,0.08417656533369677,IEF,-0.00581992400264042,-9.999999999999982e-05
2011-01-05,False,VOO,0.08246309292242171,IEF,-0.02225018439679327,-9.999999999999982e-05
2011-01-06,False,IVV,0.09695133202477146,IEF,-0.014151721332903877,-0.00010000000000000009
2011-01-07,False,VOO,0.08424337475559862,IEF,-0.012237620372301028,-0.0001999999999999999
2011-01-10,False,SPY,0.08056238033299779,IEF,-0.004730526879416552,-0.00010000000000000009
2011-01-11,False,IVV,0.08221318548393719,IEF,-0.01337934161842158,0.0
2011-01-12,False,SPY,0.08892364254483853,IEF,-0.022617013185840196,0.0
2011-01-13,False,SPY,0.0869620414211778,IEF,-0.01582967329353202,0.0
2011-01-14,False,IVV,0.09744911863840233,IEF,-0.023487537508479428,0.0
2011-01-18,False,IVV,0.09940808417001445,IEF,-0.03135226191412177,0.00010000000000000009
2011-01-19,False,SPY,0.08805387272277843,IEF,-0.02638388930894131,0.0
2011-01-20,False,SPY,0.08624492217923763,IEF,-0.03809024908303904,0.00010000000000000009
2011-01-21,False,SPY,0.08013839087237096,IEF,-0.04182664688371496,0.0
2011-01-24,False,IVV,0.08175700177310663,IEF,-0.036848913245227655,-0.00010000000000000009
2011-01-25,False,IVV,0.06192159546637921,IEF,-0.031020950075622222,0.0
2011-01-26,False,SPY,0.06218188145662995,IEF,-0.041196116893770784,0.0
2011-01-27,False,VOO,0.06627328028823753,IEF,-0.034469853081733226,0.0
2011-01-28,False,IVV,0.05554846747786568,IEF,-0.03132187528545116,-0.00010000000000000009
2011-01-31,False,SPY,0.05942474626458516,IEF,-0.04271380551699222,-0.00010000000000000009
2011-02-01,False,VOO,0.07991781179335478,IEF,-0.04280797994794161,-0.00010000000000000009
2011-02-02,False,SPY,0.09130837531440461,IEF,-0.04940055135444188,0.0
2011-02-03,False,IVV,0.09508103164714243,IEF,-0.04383612781624335,-9.999999999999982e-05
2011-02-04,False,SPY,0.11576449471134365,IEF,-0.0569479022561421,9.999999999999982e-05
2011-02-07,False,IVV,0.12203889419807079,IEF,-0.061537316057831526,0.0001999999999999999
2011-02-08,False,SPY,0.11092188903407685,IEF,-0.06123827323698239,0.0001999999999999999
2011-02-09,False,SPY,0.10536714907330369,IEF,-0.051927841407824804,0.0
2011-02-10,False,SPY,0.10670502484769662,IEF,-0.049593853676808686,-0.00020000000000000017
2011-02-11,False,SPY,0.12966674218850893,IEF,-0.052718807769939424,-0.00020000000000000017
2011-02-14,False,IVV,0.11569987333665832,IEF,-0.04979392521655868,-0.00010000000000000009
2011-02-15,False,VOO,0.12073096255727078,IEF,-0.040065035399439064,-0.00010000000000000009
2011-02-16,False,IVV,0.12876571842384998,IEF,-0.038647848747834335,-0.00020000000000000017
2011-02-17,False,SPY,0.13895697787940064,IEF,-0.03965533697864243,-0.0006
2011-02-18,False,SPY,0.11756452132604167,IEF,-0.044677531907637014,-0.0004999999999999999
2011-02-22,False,VOO,0.08077393248473119,IEF,-0.03208953852800711,-0.0003
2011-02-23,False,SPY,0.07175563513393146,IEF,-0.031098173630489834,-0.0004000000000000001
2011-02-24,False,SPY,0.0721536116622572,IEF,-0.030791354420452444,-0.0003
2011-02-25,False,IVV,0.0828521198000336,IEF,-0.03065821114610645,-0.0004000000000000001
2011-02-28,False,VOO,0.08551116254468294,IEF,-0.040026625838604835,-0.00020000000000000017
2011-03-01,False,VOO,0.06300912857853902,IEF,-0.04039360285397242,-0.0001999999999999999
2011-03-02,False,IVV,0.0589411244728022,IEF,-0.04678853053190457,-0.0003
2011-03-03,False,IVV,0.07685533011006629,IEF,-0.048541573819400385,-0.0001999999999999999
2011-03-04,False,IVV,0.06802492449818898,IEF,-0.04907973866212201,-0.0004000000000000001
2011-03-07,False,VOO,0.06409456442080841,IEF,-0.05458665040657329,-0.0005
2011-03-08,False,SPY,0.06774749498006316,IEF,-0.05455003500648126,-0.0005
2011-03-09,False,IVV,0.06474862941181625,IEF,-0.04786910197432026,-0.0006
2011-03-10,False,SPY,0.04285714285714737,IEF,-0.04028869484805786,-0.0008
2011-03-11,False,SPY,0.043464391099766964,IEF,-0.04592130768931657,-0.0005
2011-03-14,False,IVV,0.03387522793548392,IEF,-0.04397032681686841,-0.0003
2011-03-15,False,SPY,0.023566878980892714,IEF,-0.04665080463385585,-0.0003
2011-03-16,False,VOO,0.004000695773178631,IEF,-0.039500096684712105,-0.0003
2011-03-17,False,VOO,0.015464813205907202,IEF,-0.0428211262878645,-0.00039999999999999996
2011-03-18,False,IVV,0.018667932289195388,IEF,-0.044384536937038255,-0.0005499999999999999
2011-03-21,False,IVV,0.035884030418254165,IEF,-0.046578967514209424,-0.0003
2011-03-22,False,VOO,0.03126628452318925,IEF,-0.046071666762646735,-0.0003
2011-03-23,False,IVV,0.02470200752823537,IEF,-0.04181604643258119,-0.0005000000000000001
2011-03-24,False,IVV,0.03531073446327948,IEF,-0.04256477508072909,-0.0005000000000000001
2011-03-25,False,VOO,0.03303066643823893,IEF,-0.04964831594012831,-0.0006
2011-03-28,False,VOO,0.03256254716872453,IEF,-0.05258752725921667,-0.00030000000000000014
2011-03-29,False,VOO,0.04141092775653443,IEF,-0.054762757100755954,-0.0004000000000000001
2011-03-30,False,VOO,0.04941465010466639,IEF,-0.04623794497443867,-0.0003
2011-03-31,False,IVV,0.04451727445313347,IEF,-0.04898088441336945,-0.0004000000000000001
2011-04-01,False,IVV,0.03971939953668957,IEF,-0.04666493376276104,-0.0007000000000000001
2011-04-04,False,VOO,0.042091230904214516,IEF,-0.038097987495979146,-0.0008000000000000001
2011-04-05,False,VOO,0.03469176654276396,IEF,-0.037370163766849984,-0.0007000000000000001
2011-04-06,False,IVV,0.03583173882426638,IEF,-0.04708000693226255,-0.0007000000000000001
2011-04-07,False,IVV,0.04395362455267304,IEF,-0.05122228748460245,-0.0007999999999999999
2011-04-08,False,IVV,0.04150243492376915,IEF,-0.05241107129417888,-0.0009
2011-04-11,False,VOO,0.03600790204352888,IEF,-0.05434798402576513,-0.0008
2011-04-12,False,VOO,0.022146272835146474,IEF,-0.052085552722608064,-0.0008
2011-04-13,False,SPY,0.02213628901523723,IEF,-0.05603003657579919,-0.0007000000000000001
2011-04-14,False,VOO,0.017661036417954135,IEF,-0.05519993449680105,-0.0006
2011-04-15,False,VOO,0.019839752117212672,IEF,-0.04855875976141877,-0.0006
2011-04-18,False,SPY,0.026663377798294086,IEF,-0.038089694204982316,-0.0006
2011-04-19,False,IVV,0.02453569911754716,IEF,-0.04045808298104103,-0.0007000000000000001
2011-04-20,False,SPY,0.022460204850983656,IEF,-0.04318110935480246,-0.0007000000000000001
2011-04-21,False,IVV,0.029318253354231327,IEF,-0.03445434603149422,-0.0007000000000000001
2011-04-25,False,VOO,0.025789573729795734,IEF,-0.018428739556033746,-0.0007000000000000001
2011-04-26,False,VOO,0.03198756379285106,IEF,-0.0215226750841383,-0.0007999999999999999
2011-04-27,False,VOO,0.03210425974798148,IEF,-0.021517235661452916,-0.0008000000000000001
2011-04-28,False,VOO,0.030636166085823202,IEF,-0.015437175696571104,-0.0010999999999999998
2011-04-29,False,SPY,0.035917964686662085,IEF,-0.01548336201824796,-0.001
2011-05-02,False,VOO,0.03351438917240568,IEF,-0.02101983647425343,-0.001
2011-05-03,False,VOO,0.02376519628727891,IEF,-0.020426961013863876,-0.0012
2011-05-04,False,VOO,0.014321482225247983,IEF,-0.007290805210027451,-0.0013
2011-05-05,False,SPY,0.008861408601205545,IEF,-0.0066711013557092524,-0.0014000000000000002
2011-05-06,False,IVV,0.006789689398417176,IEF,-0.008290216668183192,-0.0016
2011-05-09,False,IVV,0.0076767167137206105,IEF,-0.008560990663176504,-0.0014000000000000002
2011-05-10,False,IVV,0.014216436498494689,IEF,-0.0002328089023256874,-0.0013
2011-05-11,False,IVV,0.02412828009151924,IEF,0.005860704245721715,-0.0013
2011-05-12,False,IVV,0.03509777941978798,IEF,0.003537937734220842,-0.0012000000000000001
2011-05-13,False,IVV,0.027932312343592614,IEF,0.0011817205798836383,-0.0012
2011-05-16,False,VOO,0.010604395472839867,IEF,0.020516199953623637,-0.001
2011-05-17,False,VOO,0.004464434449442889,GBF,0.02711123432147433,-0.0010999999999999998
2011-05-18,False,IVV,0.03045437675305962,GBF,0.023995868510332974,-0.0009000000000000001
2011-05-19,False,VOO,0.029902387471153924,GBF,0.028581083637566174,-0.0008
2011-05-20,False,SPY,0.005384400674651957,GBF,0.027687370001091338,-0.001
2011-05-23,False,IVV,0.0008438249376747642,GBF,0.03551739221579986,-0.0009
2011-05-24,False,IVV,0.00804764829393756,GBF,0.036648323314388165,-0.0008000000000000001
2011-05-25,False,IVV,0.002809234581052422,GBF,0.03540421885403178,-0.0007000000000000001
2011-05-26,False,VOO,0.008279276257951329,GBF,0.030699394276300307,-0.0006
2011-05-27,False,VOO,0.03159933574003526,GBF,0.032333983747930395,-0.0009000000000000001
2011-05-31,False,IVV,0.0342802108578486,GBF,0.031261129094078965,-0.0008000000000000001
2011-06-01,False,VOO,0.017969838610107258,BND,0.038641159723192375,-0.0009000000000000001
2011-06-02,False,VOO,0.028210759647340433,BND,0.035612084780888065,-0.001
2011-06-03,False,IVV,0.03793295166674371,BND,0.03452319667862924,-0.0013
2011-06-06,False,SPY,0.013679026939688699,BND,0.04065069004163435,-0.001
2011-06-07,False,VOO,0.008743120914126878,GBF,0.032640792933235074,-0.0008
2011-06-08,False,VOO,-0.010371562568274317,BND,0.03770188225441662,-0.0007999999999999999
2011-06-09,False,VOO,0.0007186297368411143,BND,0.031811563201396,-0.0006999999999999999
2011-06-10,False,VOO,-0.016447853977645255,GBF,0.03362357365649804,-0.001
2011-06-13,False,VOO,-0.024866433651453468,GBF,0.03254553413664918,-0.0009000000000000001
2011-06-14,False,VOO,-0.015325670498084643,BND,0.03343447227705987,-0.0009000000000000001
2011-06-15,False,VOO,-0.030383973288814703,BND,0.036716557399064875,-0.001
2011-06-16,False,IVV,-0.03513942416685423,BND,0.033438443019007114,-0.0009000000000000001
2011-06-17,False,VOO,-0.03871499176276838,BND,0.032037029360699076,-0.0010999999999999998
2011-06-20,False,SPY,-0.03212285267224213,BND,0.032831474638083114,-0.0012
2011-06-21,False,VOO,-0.02331691297208538,GBF,0.032092635748580456,-0.0012
2011-06-22,False,IVV,-0.030568011958149066,BND,0.03076742810208266,-0.0013
2011-06-23,False,VOO,-0.0327917282127026,BND,0.03470367781918782,-0.0013999999999999998
2011-06-24,False,SPY,-0.046562663375559143,BND,0.03674612994157167,-0.0014000000000000002
2011-06-27,False,VOO,-0.03643593838326664,BND,0.03242692649101264,-0.0014000000000000002
2011-06-28,False,VOO,-0.02038681745189641,BND,0.03249645844588067,-0.0013
2011-06-29,False,SPY,-0.008260987484559057,GBF,0.027674673555201812,-0.0014000000000000002
2011-06-30,False,VOO,0.008591122352994862,BND,0.026139917741387464,-0.0013
2011-07-01,False,VOO,0.023461420478652517,GBF,0.019719594006312846,-0.0014000000000000002
2011-07-05,False,VOO,0.021620589331269535,GBF,0.030097271196941167,-0.0014000000000000002
2011-07-06,False,IVV,0.018797825697390858,BND,0.029512024348552046,-0.0013999999999999998
2011-07-07,False,SPY,0.04188626640738624,GBF,0.02366312839170659,-0.0012
2011-07-08,False,IVV,0.02857471139427381,BND,0.031906574857275105,-0.0012
2011-07-11,False,VOO,-0.003834635121664043,BND,0.036942104790403274,-0.0012
2011-07-12,False,SPY,-0.012938340855656039,BND,0.039125954589162015,-0.0013
2011-07-13,False,IVV,-0.008634585401786854,BND,0.04405152666182022,-0.0013
2011-07-14,False,SPY,-0.02383866024018777,BND,0.04364353659456355,-0.0013999999999999998
2011-07-15,False,SPY,-0.02454086132268063,BND,0.04542857240091891,-0.0014000000000000002
2011-07-18,False,IVV,-0.03612903191947403,BND,0.04732319389359807,-0.0013
2011-07-19,False,IVV,-0.022665750092234038,GBF,0.045292651763453096,-0.0011
2011-07-20,False,IVV,-0.021679052526026532,GBF,0.04808653384470829,-0.001
2011-07-21,False,IVV,-0.004373463259567445,BND,0.04339917653593073,-0.0006999999999999999
2011-07-22,False,IVV,0.0029923202448101094,BND,0.04502554172802564,-0.0008
2011-07-25,False,IVV,0.006273493888769632,BND,0.0401366998811552,-0.0008
2011-07-26,False,VOO,-0.002452409973543679,BND,0.04229367377771398,-0.0004999999999999999
2011-07-27,False,VOO,-0.026223260224806033,BND,0.03855969712241514,-9.999999999999995e-05
2011-07-28,False,IVV,-0.03700850854929938,BND,0.04161428446689319,-0.0003
2011-07-29,False,VOO,-0.034145305376259816,GBF,0.04238187539418781,-0.0001999999999999999
2011-08-01,False,VOO,-0.04271476422093068,BND,0.046469175986092015,-0.0001999999999999999
2011-08-02,False,SPY,-0.05916208828744651,BND,0.049868874059784574,-0.0007000000000000001
2011-08-03,False,SPY,-0.04802708275031631,BND,0.04775043577227289,-0.0011
2011-08-04,False,IVV,-0.09260378679521375,BND,0.05264126323038365,-0.0013
2011-08-05,False,IVV,-0.10260268539008932,BND,0.046311160124540285,-0.0013
2011-08-08,False,SPY,-0.16235106760561047,GBF,0.050262684396203516,-0.0008
2011-08-09,False,VOO,-0.1176414813068073,BND,0.06127728022216905,-0.001
2011-08-10,False,IVV,-0.14600079189646298,GBF,0.0657821295040193,-0.001
2011-08-11,False,VOO,-0.1076498728680404,GBF,0.051766941649125986,-0.0008
2011-08-12,False,VOO,-0.10342105868618123,BND,0.06027504237848347,-0.0009
2011-08-15,False,IVV,-0.08887381820435625,GBF,0.05534634750593681,-0.0008
2011-08-16,False,VOO,-0.10035724693667258,BND,0.05493111769280845,-0.0005
2011-08-17,False,SPY,-0.10851621047730708,BND,0.0566499204361004,-0.0007000000000000001
2011-08-18,False,IVV,-0.1280144245564364,GBF,0.05762067065279464,-0.0008
2011-08-19,False,VOO,-0.14157704374609958,BND,0.05826148168394263,-0.0008
2011-08-22,False,VOO,-0.13255639217273185,GBF,0.049466304903321934,-0.0009000000000000001
2011-08-23,False,IVV,-0.09359723422933286,BND,0.04932543261036515,-0.0007000000000000001
2011-08-24,False,SPY,-0.07984407029920138,BND,0.04342754961096884,-0.0005
2011-08-25,False,IVV,-0.09035033694903749,BND,0.0493067575906867,-0.0009000000000000001
2011-08-26,False,VOO,-0.08442796092646632,GBF,0.04981081925609154,-0.0009000000000000001
2011-08-29,False,VOO,-0.04436695875313312,GBF,0.048012432096596,-0.0006999999999999999
2011-08-30,False,VOO,-0.043300028361418996,GBF,0.05318041846465449,-0.0008
2011-08-31,False,VOO,-0.0506786295568169,BND,0.05449720942479308,-0.0006999999999999999
2011-09-01,False,VOO,-0.04318641944523549,BND,0.059886629664194446,-0.0009
2011-09-02,False,IVV,-0.06973925558069916,BND,0.06466528591445608,-0.0008
2011-09-06,False,IVV,-0.07922718056584899,BND,0.06432714104057013,-0.0008
2011-09-07,False,IVV,-0.05856623145287254,BND,0.06311093528251388,-0.0006999999999999999
2011-09-08,False,SPY,-0.08041714947856404,BND,0.06320843418030875,-0.0005
2011-09-09,False,IVV,-0.0994797711171983,BND,0.06276616296746185,-0.0005
2011-09-12,False,IVV,-0.09079611650485642,BND,0.06198841606460359,-0.0006000000000000001
2011-09-13,False,IVV,-0.07290439154686135,BND,0.062418998263831016,-0.0005
2011-09-14,False,IVV,-0.06770021813649363,BND,0.06499948093875196,-0.0003
2011-09-15,False,SPY,-0.063112414165577,BND,0.06363164929683007,-0.0003
2011-09-16,False,IVV,-0.06607224508459475,BND,0.06311625681596977,-0.0004
2011-09-19,False,SPY,-0.08366498705751313,BND,0.0626886774557982,-0.0004
2011-09-20,False,VOO,-0.09812244897959155,BND,0.06209011949711818,-0.0005
2011-09-21,False,IVV,-0.1253909158600175,BND,0.06553405730340423,-0.0006000000000000001
2011-09-22,False,SPY,-0.15324014546581077,BND,0.06474064005405955,-0.0006000000000000001
2011-09-23,False,IVV,-0.15813097866078007,BND,0.06001688527538618,-0.0006000000000000001
2011-09-26,False,VOO,-0.1316141061780598,BND,0.055031087284046265,-0.00039999999999999996
2011-09-27,False,IVV,-0.10523780141231764,GBF,0.053388262304043144,-0.0005
2011-09-28,False,IVV,-0.1196435094768653,BND,0.05127715527077403,-0.00039999999999999996
2011-09-29,False,VOO,-0.11566427135102164,BND,0.050498193246305556,-0.0005
2011-09-30,False,SPY,-0.1313533252325969,BND,0.05113671337085157,-0.0005
2011-10-03,False,VOO,-0.16236663135962304,BND,0.057606232531491,-0.00039999999999999996
2011-10-04,False,VOO,-0.13669103579047825,BND,0.05149689570720639,-0.0003
2011-10-05,False,VOO,-0.13358844354735333,BND,0.04555018957604284,-0.0003
2011-10-06,False,SPY,-0.11730805791265975,BND,0.04463155206959435,-0.0004
2011-10-07,False,IVV,-0.13532081693823073,BND,0.04121281935201515,-0.00019999999999999998
2011-10-10,False,SPY,-0.10688826418795139,BND,0.03842451691485116,-0.00015
2011-10-11,False,VOO,-0.10186641400387353,BND,0.03562102852384319,0.0
2011-10-12,False,IVV,-0.09025323971127641,BND,0.03460609365784473,0.0
2011-10-13,False,IVV,-0.07290939908905414,BND,0.03496179232555896,-9.999999999999999e-05
2011-10-14,False,VOO,-0.05468073096742376,BND,0.03576811220152054,-9.999999999999999e-05
2011-10-17,False,SPY,-0.06558168844741685,BND,0.03811278305344512,0.00010000000000000002
2011-10-18,False,SPY,-0.04324890635000289,BND,0.0379995127051862,0.0002
2011-10-19,False,VOO,-0.030849698275741244,BND,0.03922375656078225,0.0
2011-10-20,False,VOO,-0.031346768163936445,BND,0.036299412571295875,-0.00010000000000000002
2011-10-21,False,VOO,0.03575647581472352,BND,0.03303056980333041,-0.0002
2011-10-24,False,SPY,0.050427809975583715,BND,0.03670174267773185,-0.00030000000000000003
2011-10-25,False,VOO,0.10151415264950181,BND,0.04244703502907088,-0.0004
2011-10-26,False,IVV,0.05905597244249883,BND,0.03893305392884727,-0.00030000000000000003
2011-10-27,False,IVV,0.14871287496665775,BND,0.03692487151493151,-0.00039999999999999996
2011-10-28,False,IVV,0.1016066466267147,BND,0.03603919792570531,-0.0005
2011-10-31,False,IVV,0.06661892184427698,BND,0.040260522359736095,-0.0005
2011-11-01,False,SPY,0.016642538629959347,BND,0.046560635015827856,-0.0004
2011-11-02,False,IVV,0.04209694033631095,BND,0.045553321535941604,-0.0004
2011-11-03,False,IVV,0.060054259193875525,BND,0.04166211256542418,-0.0005
2011-11-04,False,VOO,0.10045933664042228,BND,0.03814807241960261,-0.0004
2011-11-07,False,IVV,0.12565650750529533,BND,0.04259857402435063,-0.0003
2011-11-08,False,SPY,0.1402258736936126,BND,0.037586320864807954,-0.0003
2011-11-09,False,VOO,0.0629811486209324,BND,0.03946309096682232,-0.0004
2011-11-10,False,VOO,0.058108496227709194,BND,0.03695147852458236,-0.0004
2011-11-11,False,SPY,0.09486918224445895,BND,0.034182867967989194,-0.0003
2011-11-14,False,IVV,0.0687392668129041,BND,0.03666264400538588,-0.0004
2011-11-15,False,SPY,0.044235379702411315,BND,0.03482543300336971,-0.0004
2011-11-16,False,SPY,0.0249681135566846,BND,0.03782225456907251,-0.0004
2011-11-17,False,SPY,0.004238166575165181,BND,0.04166075159107119,-0.00030000000000000003
2011-11-18,False,IVV,0.013271093810926171,BND,0.0368333418252631,-0.0004
2011-11-21,False,SPY,0.020580304034876207,BND,0.035951357739294254,-0.00030000000000000003
2011-11-22,False,VOO,0.023638441790699627,BND,0.0360527421349397,-0.0002
2011-11-23,False,SPY,-0.026025055160912136,BND,0.03843592661956463,-9.999999999999999e-05
2011-11-25,False,IVV,-0.018248789118408104,BND,0.03671964702374164,-9.999999999999999e-05
2011-11-28,False,SPY,0.038005917624981844,BND,0.03644129987767242,9.999999999999999e-05
2011-11-29,False,VOO,0.034230451079067414,BND,0.03242944857115293,0.0001
2011-11-30,False,SPY,0.06703584182173494,BND,0.029200452308926428,-0.0001
2011-12-01,False,VOO,0.05220742205348072,BND,0.031890251646894185,-0.0001
2011-12-02,False,SPY,0.03353480565419775,BND,0.03905199205534071,-9.999999999999999e-05
2011-12-05,False,SPY,0.03867676102699091,BND,0.041476489902059877,-0.0001
2011-12-06,False,SPY,0.049455573102817674,BND,0.04228163330944312,-0.00019999999999999998
2011-12-07,False,IVV,0.054171715783323915,BND,0.043179361885863354,0.0
2011-12-08,False,SPY,0.0627625825259357,BND,0.04208116290106956,-0.0001
2011-12-09,False,IVV,0.11656483356226888,BND,0.03894879266176643,0.0
2011-12-12,False,SPY,0.09397569138629547,BND,0.04224932555702332,-0.00019999999999999998
2011-12-13,False,SPY,0.05858568479008919,BND,0.03948955618476058,-0.00019999999999999998
2011-12-14,False,SPY,0.03573251659009702,BND,0.038420582231511125,-0.00019999999999999998
2011-12-15,False,SPY,0.06114295640090406,BND,0.036911052794105226,-0.0003
2011-12-16,False,IVV,0.054177041298188344,BND,0.03836117566370101,-0.0001
2011-12-19,False,IVV,0.06851965872108368,BND,0.041930519585693604,0.0
2011-12-20,False,SPY,0.13449423410079353,BND,0.03791605400391007,-0.0001
2011-12-21,False,SPY,0.1123061355984607,BND,0.03646249235030119,-0.0001
2011-12-22,False,SPY,0.10176051811401376,BND,0.03565722401795646,-0.00019999999999999998
2011-12-23,False,VOO,0.09086303939962459,BND,0.03861709673279057,-0.0001
2011-12-27,False,IVV,0.09982528154231396,BND,0.038408124485022954,-0.00030000000000000003
2011-12-28,False,SPY,0.050515567810801354,BND,0.039605119111764564,-0.0004
2011-12-29,False,IVV,0.06024849311243452,BND,0.043921607642553484,-0.00030000000000000003
2011-12-30,False,SPY,0.04592045766267816,BND,0.04211676352067273,-0.0005
2012-01-03,False,SPY,0.0647046960116,BND,0.041037722342259775,-0.0006
2012-01-04,False,SPY,0.04845255512537072,BND,0.038483377585328604,-0.0005
2012-01-05,False,SPY,0.07170409367734565,BND,0.03280912366572042,-0.0008
2012-01-06,False,SPY,0.04844911910577321,BND,0.030162904003511848,-0.0008
2012-01-09,False,IVV,0.06342036913028104,BND,0.02666205111248221,-0.0005
2012-01-10,False,IVV,0.06792784189606293,BND,0.025425295907035572,0.0
2012-01-11,False,SPY,0.04878866194974174,BND,0.021708781689095735,0.0
2012-01-12,False,IVV,0.03847415729486614,BND,0.026905900863946286,0.00019999999999999998
2012-01-13,False,SPY,0.053685902025707666,BND,0.02514613170323754,-0.00020000000000000004
2012-01-17,False,IVV,0.04644721192783097,BND,0.020724969097941415,0.0
2012-01-18,False,SPY,0.023076067246976084,BND,0.012463754604517652,9.999999999999999e-05
2012-01-19,False,VOO,0.028333947971605378,BND,0.021342493081417002,0.00020000000000000004
2012-01-20,False,IVV,0.054988176035213776,BND,0.016088729177798244,0.00030000000000000003
2012-01-23,False,IVV,0.0847480577201527,BND,0.016575008694726945,0.0002
2012-01-24,False,VOO,0.0668085414870836,BND,0.013777717450580207,0.00010000000000000002
2012-01-25,False,IVV,0.056562817051242886,BND,0.014918740571979283,0.0003
2012-01-26,False,VOO,0.057319308474512054,BND,0.015367692459069549,0.0004
2012-01-27,False,VOO,0.04984477615339822,BND,0.016217397299079117,0.00039999999999999996
2012-01-30,False,IVV,0.03349008528488806,BND,0.019735440919917968,0.0004
2012-01-31,False,VOO,0.07221051409062107,BND,0.023639036194454066,0.0005
2012-02-01,False,IVV,0.07151920002884493,BND,0.02850302537045546,0.00039999999999999996
2012-02-02,False,SPY,0.05416368339772881,BND,0.027254725261325774,0.0007000000000000001
2012-02-03,False,SPY,0.07916589396616702,BND,0.024677962295974742,0.0007000000000000001
2012-02-06,False,IVV,0.07201479504657238,BND,0.02763141263708979,0.0006
2012-02-07,False,IVV,0.093009612520357,BND,0.02247343997870721,0.0007000000000000001
2012-02-08,False,VOO,0.11350057360239085,BND,0.02259925998582757,0.0006999999999999999
2012-02-09,False,VOO,0.11636147842413203,BND,0.018410205665889023,0.0006999999999999999
2012-02-10,False,VOO,0.12903488647675054,BND,0.016281892968973866,0.0006999999999999999
2012-02-13,False,IVV,0.14285730840093946,IEF,0.014308013320964763,0.0009
2012-02-14,False,VOO,0.16677806769700476,BND,0.018407878093249286,0.001
2012-02-15,False,SPY,0.16393570339978392,BND,0.015736167653497724,0.0009
2012-02-16,False,VOO,0.1435748767688212,IEF,0.008141887326831299,0.0009000000000000001
2012-02-17,False,IVV,0.142921505017515,IEF,0.01016012200487637,0.0008
2012-02-21,False,VOO,0.09869494773360987,IEF,0.009485625702954303,0.0007000000000000001
2012-02-22,False,SPY,0.09539561861982127,IEF,0.01286479349112657,0.0008
2012-02-23,False,IVV,0.10084194192178719,BND,0.019870698235046502,0.0008
2012-02-24,False,VOO,0.09136021540841832,IEF,0.020746950356983707,0.0009000000000000001
2012-02-27,False,VOO,0.0923313800386465,IEF,0.015841559968925445,0.0011
2012-02-28,False,SPY,0.09233236971447445,IEF,0.01496769154602684,0.0009000000000000001
2012-02-29,False,IVV,0.11052673342372965,IEF,0.00661371263472188,0.0007000000000000001
2012-03-01,False,VOO,0.09928635093647764,IEF,-0.0058864207192041995,0.0007000000000000001
2012-03-02,False,VOO,0.11233455311436935,IEF,0.006427916013356905,0.0006000000000000001
2012-03-05,False,VOO,0.11818136209707797,IEF,0.008621010315724487,0.0006
2012-03-06,False,VOO,0.11312545351103953,IEF,0.019646693753422317,0.0007000000000000001
2012-03-07,False,IVV,0.11757558494255416,IEF,0.017514362117801996,0.0006
2012-03-08,False,IVV,0.12682679611457148,IEF,0.014511987738812682,0.0006
2012-03-09,False,IVV,0.14335775223293168,IEF,0.0073693643754584315,0.0006999999999999999
2012-03-12,False,SPY,0.11014282256111874,IEF,-0.0021446857796747487,0.0006999999999999999
2012-03-13,False,VOO,0.12773766903704753,IEF,-0.004215733044933945,0.0007000000000000001
2012-03-14,False,IVV,0.11589825119236896,IEF,-0.011490952768706264,0.0008
2012-03-15,False,VOO,0.11332179930796005,IEF,-0.004851157272842022,0.0007000000000000001
2012-03-16,False,VOO,0.11372277912201811,IEF,4.461679187239831e-05,0.0008
2012-03-19,False,VOO,0.1322834645669324,IEF,0.0044767622291159714,0.0008500000000000001
2012-03-20,False,SPY,0.11841502202136023,IEF,0.0016462464580180303,0.0008
2012-03-21,False,VOO,0.12149695387293713,IEF,0.010188029004713162,0.0006999999999999999
2012-03-22,False,IVV,0.0961568504921122,IEF,0.007437706625369911,0.0006
2012-03-23,False,SPY,0.09836371097062657,IEF,0.016202020600166067,0.0006
2012-03-26,False,IVV,0.11001421236872555,IEF,0.008419781457999376,0.0005
2012-03-27,False,VOO,0.10935877961943641,IEF,0.015085528762267764,0.0005
2012-03-28,False,SPY,0.10205150635765081,IEF,0.011748280757426954,0.0006
2012-03-29,False,IVV,0.09064216358913701,IEF,0.018030956777792984,0.0004000000000000001
2012-03-30,False,VOO,0.09359410796269696,IEF,0.014902740859058294,0.0005
2012-04-02,False,IVV,0.09964218686794823,IEF,0.017828588465556683,0.0006
2012-04-03,False,IVV,0.09969946474625857,IEF,0.0017559568170948392,0.0007000000000000001
2012-04-04,False,IVV,0.08589101721734638,BND,0.014271215679855231,0.0006
2012-04-05,False,VOO,0.0735772532751664,BND,0.01757076531248103,0.0006
2012-04-06,False,VOO,0.061935965812117244,BND,0.01959162550435134,0.0006000000000000001
2012-04-09,False,SPY,0.05210146912492464,GBF,0.015111625188300115,0.0008
2012-04-10,False,VOO,0.036601756241805505,BND,0.012269966905406493,0.0008
2012-04-11,False,IVV,0.045798784655728175,BND,0.011418941748084777,0.0008
2012-04-12,False,SPY,0.051578778786165236,GBF,0.010051752126352342,0.0008
2012-04-13,False,IVV,0.04437716667049907,BND,0.015172020641421868,0.0008
2012-04-16,False,IVV,0.044173465721107474,GBF,0.014455971658129396,0.0007000000000000001
2012-04-17,False,SPY,0.0633215484972749,GBF,0.013251017937375709,0.0007000000000000001
2012-04-18,False,SPY,0.06013170359781417,IEF,0.013926671266924595,0.0006000000000000001
2012-04-19,False,SPY,0.04418057729930225,BND,0.018449509376845086,0.0006000000000000001
2012-04-20,False,IVV,0.04389904541411993,BND,0.01905883371358308,0.0007000000000000001
2012-04-23,False,VOO,0.020550886756392606,BND,0.02020268197839603,0.0007000000000000001
2012-04-24,False,SPY,0.025740476744958052,IEF,0.019275124653278075,0.0008
2012-04-25,False,VOO,0.03697426718733454,IEF,0.014317355672556653,0.0008
2012-04-26,False,SPY,0.04129948533667549,IEF,0.01565444469401389,0.0006999999999999999
2012-04-27,False,SPY,0.041698314123187474,GBF,0.01910803615278245,0.0008
2012-04-30,False,IVV,0.04466491692773822,IEF,0.018552032025707543,0.0008
2012-05-01,False,SPY,0.044295325377143424,IEF,0.013605902617639831,0.0006999999999999999
2012-05-02,False,SPY,0.04248818337930271,IEF,0.012060938911433672,0.0006
2012-05-03,False,SPY,0.039382399450003325,IEF,0.018440839237218176,0.0006999999999999999
2012-05-04,False,SPY,0.011388832613898447,GBF,0.020579653102217765,0.0004000000000000001
2012-05-07,False,SPY,0.009455965342424655,GBF,0.023433001272466614,0.0008
2012-05-08,False,IVV,0.004744503758573604,BND,0.027374425887829235,0.0008
2012-05-09,False,IVV,0.002096196543219353,GBF,0.026343241027683373,0.0008
2012-05-10,False,VOO,-0.00041948816293213564,GBF,0.02114275564930934,0.0008
2012-05-11,False,IVV,-0.005346970164490705,BND,0.023764770744178154,0.0009000000000000001
2012-05-14,False,SPY,-0.017958549644800814,BND,0.026948336778753967,0.0009000000000000001
2012-05-15,False,SPY,-0.026436201254856795,BND,0.025837909648603663,0.0006999999999999999
2012-05-16,False,SPY,-0.026337727166372615,BND,0.02289809890539063,0.0009000000000000001
2012-05-17,False,VOO,-0.04613803592262533,BND,0.026204839735129548,0.0009000000000000001
2012-05-18,False,IVV,-0.05114526177156842,BND,0.024489455726558917,0.0007000000000000001
2012-05-21,False,IVV,-0.03103538276603124,BND,0.02204057889689537,0.0008
2012-05-22,False,SPY,-0.014631183483048482,BND,0.018392455554875786,0.0008
2012-05-23,False,VOO,-0.02116629116163482,GBF,0.017277644914160062,0.0009
2012-05-24,False,IVV,-0.029661205616641984,BND,0.015727256842974713,0.001
2012-05-25,False,SPY,-0.035560002395722545,GBF,0.014683737441945954,0.0008
2012-05-29,False,VOO,-0.02416407883190419,GBF,0.018612293530580803,0.0008
2012-05-30,False,IVV,-0.05536145145439464,BND,0.026059451449024662,0.0006000000000000001
2012-05-31,False,VOO,-0.05678569216421514,BND,0.026042492851824584,0.0006000000000000001
2012-06-01,False,SPY,-0.0852702473421465,BND,0.028334087471087344,0.0006000000000000001
2012-06-04,False,SPY,-0.08695652173913548,BND,0.028251175181309707,0.0006
2012-06-05,False,IVV,-0.08510695005003166,BND,0.02224338812180382,0.0007000000000000001
2012-06-06,False,IVV,-0.06082826310370437,BND,0.01944625748602391,0.0006999999999999999
2012-06-07,False,VOO,-0.058890575759285024,BND,0.019077552283226495,0.0006999999999999999
2012-06-08,False,IVV,-0.044293348667223675,BND,0.022866802222460292,0.0006999999999999999
2012-06-11,False,SPY,-0.05900465449338321,BND,0.023226107644869876,0.0006999999999999999
2012-06-12,False,SPY,-0.06136572275969199,GBF,0.020374353836082104,0.0008
2012-06-13,False,SPY,-0.0644612878090246,GBF,0.023354146211632898,0.0008
2012-06-14,False,IVV,-0.05021276595744362,GBF,0.021952745305668486,0.001
2012-06-15,False,VOO,-0.039276807980053285,GBF,0.023343671559307166,0.0006999999999999999
2012-06-18,False,SPY,-0.04062499796830754,BND,0.02258745452139821,0.0008
2012-06-19,False,SPY,-0.038379411897276006,GBF,0.02094866736258627,0.0006
2012-06-20,False,IVV,-0.03633778167836321,GBF,0.01701615055959249,0.0006
2012-06-21,False,SPY,-0.048194355381174,BND,0.02028041718108864,0.0006
2012-06-22,False,IVV,-0.04070915832111488,BND,0.018466477051537922,0.0006
2012-06-25,False,IVV,-0.05087438903973318,GBF,0.020983126488319792,0.0005
2012-06-26,False,IVV,-0.04043934326874121,GBF,0.019682993115087255,0.0005
2012-06-27,False,IVV,-0.015122198289599598,GBF,0.023470645774659404,0.0005
2012-06-28,False,SPY,-0.025756691429257406,GBF,0.022670666873320533,0.0005
2012-06-29,False,SPY,-0.014350338066918766,GBF,0.019690958267275294,0.0005
2012-07-02,False,SPY,0.00051349170172732,BND,0.021927708019781056,0.0005
2012-07-03,False,SPY,0.007771164313622458,BND,0.018649766248393984,0.0003
2012-07-05,False,SPY,-0.011418917844274512,BND,0.02033542506039554,0.0003
2012-07-06,False,IVV,-0.018130676125637013,BND,0.02045116146089576,0.00020000000000000004
2012-07-09,False,IVV,-0.013036407628775004,BND,0.02342638563170052,0.0003
2012-07-10,False,SPY,-0.022629503443275745,BND,0.02280560981465518,9.999999999999995e-05
2012-07-11,False,IVV,-0.014629257949428709,BND,0.022699099314585247,0.00020000000000000004
2012-07-12,False,IVV,-0.022797107251865567,BND,0.024142375777785663,0.00020000000000000004
2012-07-13,False,IVV,-0.019970773977601053,BND,0.0256086982159911,0.00020000000000000004
2012-07-16,False,SPY,-0.028789391614376325,BND,0.027440079919913707,0.00010000000000000009
2012-07-17,False,IVV,-0.023899660816793733,BND,0.02695427229143843,0.00010000000000000009
2012-07-18,False,SPY,-0.012834540409948025,BND,0.027972143667752025,0.0
2012-07-19,False,SPY,-0.01636578115856513,BND,0.02779172579091327,-0.00020000000000000004
2012-07-20,False,IVV,-0.022629828987683953,BND,0.02837472307981992,-0.0003
2012-07-23,False,IVV,-0.02491932214175141,BND,0.03021005926336251,-9.999999999999995e-05
2012-07-24,False,SPY,-0.017392828399136473,BND,0.031295997896121364,0.0
2012-07-25,False,VOO,-0.017915525897442608,BND,0.03436944225120531,0.00010000000000000009
2012-07-26,False,SPY,0.00233376597036572,BND,0.03426162262048238,0.0003
2012-07-27,False,SPY,0.026901092694485262,BND,0.026936356563298736,0.00020000000000000004
2012-07-30,False,SPY,0.02478719542971164,BND,0.028378643605370346,0.00020000000000000004
2012-07-31,False,SPY,0.020695946770760143,BND,0.028728988656930854,9.999999999999995e-05
2012-08-01,False,IVV,0.031111353312412326,BND,0.025653567980121306,-0.0001999999999999999
2012-08-02,False,IVV,0.029991080590321184,BND,0.027707934508656384,-0.00010000000000000009
2012-08-03,False,IVV,0.05397309872627565,BND,0.024940593946369383,9.999999999999995e-05
2012-08-06,False,IVV,0.07238508965649637,BND,0.027556009273919768,0.00020000000000000004
2012-08-07,False,SPY,0.08709703261507995,BND,0.022811751763247345,0.00039999999999999996
2012-08-08,False,SPY,0.07002228738229777,GBF,0.024338328186111813,0.0003
2012-08-09,False,SPY,0.06907304822089433,BND,0.022332205787199744,0.0003
2012-08-10,False,IVV,0.07008676944426839,BND,0.023296435971410734,0.00020000000000000004
2012-08-13,False,SPY,0.06762452214656456,BND,0.02500871707691532,0.0003
2012-08-14,False,VOO,0.071172938232541,BND,0.023446447665312675,0.00020000000000000004
2012-08-15,False,SPY,0.059635014835640154,BND,0.019079952102033504,0.0
2012-08-16,False,VOO,0.08305678154474405,GBF,0.020032260273074254,9.999999999999995e-05
2012-08-17,False,SPY,0.08701234122137125,BND,0.028793978940219622,0.0
2012-08-20,False,IVV,0.11447748364921084,BND,0.02805721168756814,0.0003
2012-08-21,False,VOO,0.11215178897293798,BND,0.030013192716854764,0.00020000000000000004
2012-08-22,False,SPY,0.1044213633957618,BND,0.03691892271434338,9.999999999999995e-05
2012-08-23,False,SPY,0.07131706842618013,BND,0.037157691940254756,9.999999999999995e-05
2012-08-24,False,SPY,0.07713801432796963,BND,0.034154701880347416,0.00010000000000000009
2012-08-27,False,SPY,0.0688672330521991,BND,0.03424430029554926,0.0003
2012-08-28,False,IVV,0.07609807592793438,BND,0.032743793395448195,0.00020000000000000004
2012-08-29,False,IVV,0.06965382353089389,BND,0.032016196182292234,0.0003
2012-08-30,False,IVV,0.06918541340374862,BND,0.031131874880123922,0.00010000000000000009
2012-08-31,False,SPY,0.06304247377093053,BND,0.03502484413455531,0.0
2012-09-04,False,IVV,0.04987314054980874,BND,0.03211042816063037,0.0003
2012-09-05,False,SPY,0.048437499999991696,BND,0.03421728182042072,0.00039999999999999996
2012-09-06,False,IVV,0.05929404858003107,BND,0.03230532860277302,0.0003
2012-09-07,False,SPY,0.06532329495128608,BND,0.03617538123146935,0.0003
2012-09-10,False,IVV,0.08329574500074743,BND,0.033545157331339004,0.00020000000000000004
2012-09-11,False,SPY,0.07830061441630098,BND,0.030215966544903772,0.00020000000000000004
2012-09-12,False,VOO,0.09936750998668487,BND,0.02696316574640356,0.0003
2012-09-13,False,SPY,0.1106985906955611,GBF,0.027135349321596447,0.00010000000000000009
2012-09-14,False,SPY,0.10565442667267622,BND,0.019211007304029692,0.00020000000000000004
2012-09-17,False,SPY,0.1050530913472314,BND,0.022129181362990913,0.00020000000000000004
2012-09-18,False,IVV,0.0770018281535596,BND,0.023217679178657136,0.00010000000000000009
2012-09-19,False,SPY,0.07464654604058563,BND,0.021979430853924065,0.00020000000000000004
2012-09-20,False,SPY,0.06768066370715142,BND,0.02222100500138935,0.0003
2012-09-21,False,IVV,0.07157419542740584,BND,0.023490748448230736,0.0003
2012-09-24,False,SPY,0.08073123064115495,BND,0.023783666136884873,0.00039999999999999996
2012-09-25,False,SPY,0.07057339699963694,BND,0.026080825610731218,0.00039999999999999996
2012-09-26,False,SPY,0.07392026153439102,BND,0.02789398709940305,0.0003
2012-09-27,False,SPY,0.08387654702223002,BND,0.02606475140310338,9.999999999999995e-05
2012-09-28,False,IVV,0.08339349741756963,BND,0.02825626176590923,0.00010000000000000009
2012-10-01,False,SPY,0.0690337233599716,BND,0.029280792044343196,0.0
2012-10-02,False,SPY,0.07267318514798182,BND,0.027930029850059324,0.0
2012-10-03,False,SPY,0.06970726095576607,BND,0.02695480633745939,0.0
2012-10-04,False,SPY,0.06945358738218932,BND,0.024652692641562668,0.0
2012-10-05,False,IVV,0.06666484568722186,BND,0.025043929014297195,0.00020000000000000004
2012-10-08,False,SPY,0.07289676122961186,GBF,0.024241623916738897,0.00024999999999999995
2012-10-09,False,SPY,0.07314032443290297,BND,0.021614310948719462,0.00010000000000000009
2012-10-10,False,VOO,0.07531223407903309,BND,0.022084524296742902,0.0003
2012-10-11,False,SPY,0.07588860797386521,BND,0.02329325337405619,0.0
2012-10-12,False,SPY,0.05495723360228055,BND,0.023040718727074028,0.00020000000000000004
2012-10-15,False,IVV,0.04354768941490317,BND,0.023288818540051714,0.00020000000000000004
2012-10-16,False,SPY,0.055074175507312084,BND,0.021850197262129667,-0.00010000000000000009
2012-10-17,False,IVV,0.06601316523651501,IEF,0.012354089047371009,9.999999999999995e-05
2012-10-18,False,SPY,0.06547847101661297,IEF,0.006113486739651508,0.0
2012-10-19,False,IVV,0.054325206339316034,IEF,0.01006969041585637,0.00010000000000000009
2012-10-22,False,SPY,0.03463441045571303,IEF,0.005926414057963569,0.0
2012-10-23,False,VOO,0.017568689360226708,IEF,0.006962756485293875,9.999999999999995e-05
2012-10-24,False,SPY,0.010358710347519118,IEF,0.005461324345565011,0.0003
2012-10-25,False,IVV,0.011999647939957336,IEF,0.004421854732346242,0.00020000000000000004
2012-10-26,False,VOO,0.010611804434260685,IEF,0.012994889040449653,0.0003
2012-10-29,False,IVV,0.0078266588571263,IEF,0.012415679963250437,0.0005000000000000001
2012-10-31,False,IVV,0.006653637890314368,IEF,0.016667240436386566,9.999999999999995e-05
2012-11-01,False,SPY,0.01991054685866822,IEF,0.011709737610048565,0.0
2012-11-02,False,IVV,0.009350886816311688,IEF,0.013407322490330387,0.0
2012-11-05,False,SPY,0.004352203006273037,IEF,0.006272963871823967,0.00039999999999999996
2012-11-06,False,VOO,0.0105496317761673,IEF,-0.002173383812694052,0.0003
2012-11-07,False,IVV,-0.012647844313825374,IEF,-0.002364849173124184,0.0003
2012-11-08,False,VOO,-0.02135612424231259,IEF,0.007865970835807756,0.00020000000000000004
2012-11-09,False,IVV,-0.021317357458759068,IEF,0.011308567491856714,9.999999999999995e-05
2012-11-12,False,SPY,-0.011738662515407006,IEF,0.018636151590873284,0.00010000000000000009
2012-11-13,False,IVV,-0.021714397983507272,IEF,0.01739455303943349,0.00020000000000000004
2012-11-14,False,SPY,-0.03450377248575032,IEF,0.016920439066331783,0.00010000000000000009
2012-11-15,False,VOO,-0.03571427677370442,IEF,0.013730689170353916,-9.999999999999995e-05
2012-11-16,False,IVV,-0.03170512648954338,IEF,0.01984675866408292,-0.0004000000000000001
2012-11-19,False,VOO,-0.004396060262047641,IEF,0.012428670346159132,-0.00010000000000000009
2012-11-20,False,IVV,-0.009296790249364806,IEF,0.010950440789899929,-0.0003
2012-11-21,False,SPY,-0.005919697870980456,IEF,0.004803259446193975,0.00010000000000000009
2012-11-23,False,IVV,0.00800270307212081,IEF,0.0045239694922198925,0.0
2012-11-26,False,SPY,-0.013676743829319604,IEF,0.009641885391824756,0.00010000000000000009
2012-11-27,False,IVV,-0.02270856041105218,IEF,0.014036981124001535,0.00010000000000000009
2012-11-28,False,IVV,-0.009068597025027159,IEF,0.013183265050826787,0.00010000000000000009
2012-11-29,False,SPY,-0.007161336681839603,IEF,0.018639387542731978,0.0
2012-11-30,False,VOO,-0.010834850440968546,IEF,0.012897149591223345,-0.00020000000000000004
2012-12-03,False,IVV,-0.030588606359640114,IEF,0.014746343291084818,0.0
2012-12-04,False,IVV,-0.035825960411808966,IEF,0.015110565121584374,0.00010000000000000009
2012-12-05,False,IVV,-0.031044017573859328,IEF,0.012670818966822983,0.00010000000000000009
2012-12-06,False,IVV,-0.027118973232807986,IEF,0.017922680583655204,0.00010000000000000009
2012-12-07,False,IVV,-0.02443398311985545,IEF,0.010344919183641332,-0.00010000000000000009
2012-12-10,False,SPY,-0.023711524450326982,IEF,0.01380301413827878,0.0
2012-12-11,False,VOO,-0.016723264645240765,IEF,0.00913560957059123,0.0
2012-12-12,False,VOO,-0.01469706058788256,IEF,0.0013450076061594096,-9.999999999999995e-05
2012-12-13,True,VOO,-0.01060606060605529,IEF,-0.0033520087177522084,-0.0003
2012-12-14,True,SPY,-0.008304836345871647,IEF,-0.0015926773561024676,-0.0005
2012-12-17,True,IVV,-0.006675383662517409,IEF,-0.005944877972951512,-0.0005
2012-12-18,True,VOO,0.009405339805826474,IEF,-0.01209468573677186,-0.0004000000000000001
2012-12-19,False,SPY,-0.00041565639071483584,IEF,-0.009895078396601753,-0.0005
2012-12-20,False,SPY,0.004290657439444567,IEF,-0.011424061129311935,-0.0004000000000000001
2012-12-21,False,SPY,-0.00880949755324345,IEF,-0.00620784202663871,-0.0004000000000000001
2012-12-24,False,IVV,-0.019253213254328272,IEF,-0.008224025049913264,-0.0003
2012-12-26,True,VOO,-0.023205790824735728,IEF,-0.00473034996911359,0.0
2012-12-27,True,VOO,-0.02118260603265798,IEF,-0.006614442900829465,-9.999999999999995e-05
2012-12-28,True,IVV,-0.022729805703622707,IEF,-0.00594614258687276,-0.0009000000000000001
2012-12-31,True,IVV,0.0009306756957156992,IEF,-0.013080620062003279,-0.0005
2013-01-02,False,IVV,0.0246943459202702,IEF,-0.018116054553526384,-0.00020000000000000004
2013-01-03,False,SPY,0.02717383406677265,IEF,-0.02013085151198868,-0.0003
2013-01-04,False,SPY,0.023163861054806167,IEF,-0.012548474739476734,-0.00039999999999999996
2013-01-07,False,IVV,0.009896932567341032,IEF,-0.015162048910492554,-0.00039999999999999996
2013-01-08,False,SPY,0.002678392876799718,IEF,-0.014475572807200132,-0.00039999999999999996
2013-01-09,False,SPY,0.007846857925844164,IEF,-0.010319457967327916,-0.0004000000000000001
2013-01-10,False,SPY,0.03307434258938691,IEF,-0.015544266759314418,-0.0003
2013-01-11,False,SPY,0.03286004059799774,IEF,-0.00721086538641369,-0.0001999999999999999
2013-01-14,False,SPY,0.04668181873015054,IEF,-0.008222701463527105,-0.00020000000000000004
2013-01-15,False,SPY,0.05036490158955398,IEF,-0.0005583528525525683,-0.00020000000000000004
2013-01-16,False,IVV,0.04699087889818143,IEF,0.002140763989039396,-0.0003
2013-01-17,False,SPY,0.05453918403552516,IEF,-0.0016957960230631342,-0.00039999999999999996
2013-01-18,False,SPY,0.05689052140533857,IEF,-0.0017648650717354553,-0.00020000000000000004
2013-01-22,False,SPY,0.06259073321093012,IEF,-0.00027782726183023243,-0.0003
2013-01-23,False,VOO,0.053112134190856475,IEF,0.005124804960248808,-0.0003
2013-01-24,False,SPY,0.06300652633454873,IEF,0.00850859600075804,-9.999999999999995e-05
2013-01-25,False,IVV,0.06659764871504303,IEF,0.004262814328140241,-9.999999999999995e-05
2013-01-28,False,SPY,0.05724627128121784,IEF,0.0009641615349902377,-0.0001999999999999999
2013-01-29,False,VOO,0.08574176798864164,IEF,-0.0011067581370539648,-0.00039999999999999996
2013-01-30,False,SPY,0.09492847683543926,IEF,-0.0013827690328570563,-0.00039999999999999996
2013-01-31,False,SPY,0.09128024868416729,IEF,-0.0082374360774502,-0.00039999999999999996
2013-02-01,False,VOO,0.10123411207503397,IEF,-0.013342450821152596,-0.0005
2013-02-04,False,SPY,0.09304110726800952,IEF,-0.007182902367107502,-0.0003
2013-02-05,False,VOO,0.1179377144506375,IEF,-0.013296935269973442,-0.00039999999999999996
2013-02-06,False,SPY,0.12189924223559179,IEF,-0.010679432509571374,-0.0003
2013-02-07,False,SPY,0.11491014106248554,IEF,-0.009572437130445643,-0.0004999999999999999
2013-02-08,False,IVV,0.09871684997194241,IEF,-0.010656943615674042,-0.0003
2013-02-11,False,IVV,0.09796387345918789,IEF,-0.018028501182797085,0.0
2013-02-12,False,VOO,0.09741349039907532,IEF,-0.016797692917868257,-0.00010000000000000009
2013-02-13,False,SPY,0.0841090327770635,IEF,-0.019866643988911803,-9.999999999999995e-05
2013-02-14,False,IVV,0.08695423825072135,IEF,-0.008937287742910915,0.0
2013-02-15,False,VOO,0.091340867753128,IEF,-0.011155114354314932,-9.999999999999995e-05
2013-02-19,False,VOO,0.09071739342691187,IEF,-0.013197464070584086,0.0001999999999999999
2013-02-20,False,VOO,0.07238690709367512,IEF,-0.009218879710178762,0.0001999999999999999
2013-02-21,False,SPY,0.06575048612770629,IEF,-0.0023529175583894,0.0003
2013-02-22,False,VOO,0.0813870478886154,IEF,-0.004011267731993118,0.0003
2013-02-25,False,SPY,0.06241606964122415,BND,0.007927893181022716,9.999999999999995e-05
2013-02-26,False,SPY,0.06779907514976857,BND,0.006975993919650092,0.00030000000000000014
2013-02-27,False,SPY,0.07759610016496454,BND,0.0055440042847043625,9.999999999999995e-05
2013-02-28,False,SPY,0.07222068288322947,GBF,0.0043300625891082856,0.0
2013-03-01,False,IVV,0.0750144814289937,BND,0.005029277992925296,0.0
2013-03-04,False,SPY,0.07371947878246332,IEF,0.002693525655838469,0.0
2013-03-05,False,IVV,0.08234392847106609,IEF,-0.000566020085184582,-0.0003
2013-03-06,False,SPY,0.0909740502736558,IEF,-0.007425230572383756,-9.999999999999995e-05
2013-03-07,False,SPY,0.09702767430742054,IEF,-0.015336493411152174,-9.999999999999995e-05
2013-03-08,False,VOO,0.08840541680817893,IEF,-0.018266271898634168,0.00010000000000000009
2013-03-11,False,IVV,0.08067274886315912,IEF,-0.017801655841794495,0.0
2013-03-12,False,IVV,0.08623203499271415,IEF,-0.016931252014411147,0.00010000000000000009
2013-03-13,False,IVV,0.08175101843540511,IEF,-0.017132020268546988,0.0
2013-03-14,False,SPY,0.09762588416556062,IEF,-0.017849774824526432,0.00010000000000000009
2013-03-15,False,VOO,0.09941699907947488,IEF,-0.010499895395783998,-0.00010000000000000009
2013-03-18,False,SPY,0.09812974584862832,IEF,-0.002722654392330659,-0.00039999999999999996
2013-03-19,False,SPY,0.09704922884479639,IEF,-0.0028790632825617113,-0.0003499999999999999
2013-03-20,False,SPY,0.11678280905226024,GBF,-0.004903256658674304,-0.0003
2013-03-21,False,SPY,0.08873798112265385,IEF,-0.004459497957064573,-0.0003
2013-03-22,False,SPY,0.07005816850537783,GBF,-0.005489500173936235,-0.0003
2013-03-25,False,SPY,0.0680011146541899,GBF,-0.004942812313105893,-0.0003
2013-03-26,False,SPY,0.07184069576261343,GBF,-0.006099451064743633,-0.00039999999999999996
2013-03-27,False,VOO,0.07445189494251436,GBF,-0.004422226581882516,0.0
2013-03-28,False,VOO,0.08008879911003497,GBF,0.0006769549170617672,-0.00039999999999999996
2013-04-01,False,VOO,0.07385063478865384,GBF,0.0015247741839314877,-0.00020000000000000004
2013-04-02,False,SPY,0.0709690458024621,GBF,-0.001083974985291447,-0.0003
2013-04-03,False,VOO,0.06004209195292187,GBF,0.003954808484646355,-0.0004000000000000001
2013-04-04,False,VOO,0.0651672052709531,GBF,0.0019730312195347377,-0.00039999999999999996
2013-04-05,False,SPY,0.0597044761757779,GBF,0.006498711854401762,-0.00039999999999999996
2013-04-08,False,SPY,0.06702082063421133,GBF,0.0076118425580753435,-0.00039999999999999996
2013-04-09,False,SPY,0.06383659211094628,GBF,0.004942371967162407,-0.0006
2013-04-10,False,VOO,0.07435782082659381,GBF,0.000742174880576707,-0.0007000000000000001
2013-04-11,False,SPY,0.07221000443828562,GBF,0.0013016197124842144,-0.00039999999999999996
2013-04-12,False,SPY,0.06786464330105235,GBF,0.005845080556137194,-0.0003
2013-04-15,False,SPY,0.04283889458668533,BND,0.006959686576255786,-0.0003
2013-04-16,False,SPY,0.05231782897506476,BND,0.005166765349562619,-0.0005
2013-04-17,False,IVV,0.037388344818448216,GBF,0.008803939643442282,-0.0004000000000000001
2013-04-18,False,VOO,0.025676527830238216,GBF,0.005344915589030386,-0.0005
2013-04-19,False,IVV,0.0401320238926115,GBF,0.0024481299482308483,-0.0005
2013-04-22,False,VOO,0.04778965537192814,GBF,0.004292419107638112,-0.00039999999999999996
2013-04-23,False,SPY,0.047886808780885914,GBF,0.0005880849790134146,-0.0005
2013-04-24,False,IVV,0.059691767063990264,GBF,0.0011867219107331017,-0.0005
2013-04-25,False,SPY,0.054125754869608134,GBF,0.001028611068059293,-0.0005
2013-04-26,False,IVV,0.051314853264290416,GBF,0.0037722528619297258,-0.0003
2013-04-29,False,VOO,0.05964261295245632,IEF,0.004867474706578667,-9.999999999999995e-05
2013-04-30,False,SPY,0.05659327622741617,GBF,0.004683558005125654,-0.00039999999999999996
2013-05-01,False,SPY,0.04753658066288091,GBF,0.010079306388185882,-0.00020000000000000004
2013-05-02,False,IVV,0.055385663763218185,GBF,0.01069863829244544,-0.0005
2013-05-03,False,VOO,0.0648582345435822,GBF,0.0062499550140042714,-0.0005
2013-05-06,False,VOO,0.06664456417049003,IEF,0.004611353184932776,-0.0006000000000000001
2013-05-07,False,IVV,0.07334899083732305,IEF,0.0009057344233265319,-0.0006000000000000001
2013-05-08,False,SPY,0.07058501028068331,IEF,0.0008218773333195095,-0.0006000000000000001
2013-05-09,False,SPY,0.08104337920778115,IEF,-0.0003750156881249245,-0.0005
2013-05-10,False,VOO,0.09098157791904304,IEF,-0.005841467976390513,-0.0004
2013-05-13,False,VOO,0.08142397073005725,IEF,-0.007207098299262693,-0.0005
2013-05-14,False,VOO,0.11382002698333338,IEF,-0.012918234053341138,-0.0005
2013-05-15,False,SPY,0.11224855858060478,IEF,-0.011146107201743027,-0.0006000000000000001
2013-05-16,False,SPY,0.09325295486968432,IEF,-0.0069795565386957525,-0.0007000000000000001
2013-05-17,False,VOO,0.10550892492801722,IEF,-0.00951925050656599,-0.0005
2013-05-20,False,SPY,0.10231500029913199,IEF,-0.011170456379529847,-0.00039999999999999996
2013-05-21,False,VOO,0.09794653892716321,IEF,-0.0066608177464503315,-0.0004
2013-05-22,False,SPY,0.08022997550802113,IEF,-0.010348780050788431,-0.0003000000000000001
2013-05-23,False,VOO,0.07554762084392075,IEF,-0.007395757604087061,-9.999999999999995e-05
2013-05-24,False,VOO,0.07215845635281704,IEF,-0.009226899369948471,0.0
2013-05-28,False,SPY,0.07462898917684924,IEF,-0.015674668953429727,0.0
2013-05-29,False,VOO,0.06349168990385445,IEF,-0.007774980108045004,-9.999999999999995e-05
2013-05-30,False,SPY,0.0699398621768681,IEF,-0.009068619359623997,-0.00010000000000000002
2013-05-31,False,SPY,0.05309584682935542,IEF,-0.012434114423774512,-0.00019999999999999998
2013-06-03,False,SPY,0.05328685712771741,IEF,-0.01367768857416074,-9.999999999999995e-05
2013-06-04,False,SPY,0.04960533915164578,IEF,-0.01519951414806242,-0.00019999999999999998
2013-06-05,False,SPY,0.04065302961863071,IEF,-0.012445005981946422,-0.00039999999999999996
2013-06-06,False,VOO,0.051761554478037874,IEF,-0.013246633444097378,-0.0003
2013-06-07,False,SPY,0.05851371314792542,IEF,-0.02316684663366908,0.0003
2013-06-10,False,VOO,0.06738486547886136,IEF,-0.020421311109994122,0.0
2013-06-11,False,SPY,0.04820051413881865,IEF,-0.013489807918076857,-0.0003
2013-06-12,False,IVV,0.04351174432037297,IEF,-0.01283646275792294,-0.0003
2013-06-13,False,VOO,0.05089485458613563,GBF,-0.009983114707948104,-0.00020000000000000004
2013-06-14,False,SPY,0.0447531852231271,GBF,-0.010686376569282285,-0.00020000000000000004
2013-06-17,False,SPY,0.04959468947469192,GBF,-0.012140861076312626,-0.00020000000000000004
2013-06-18,False,IVV,0.062037745473096706,GBF,-0.016325582449160936,-9.999999999999995e-05
2013-06-19,False,SPY,0.04227777069251748,IEF,-0.02169213996628616,-9.999999999999995e-05
2013-06-20,False,IVV,0.026717508331193462,IEF,-0.029227980259599606,-0.00020000000000000004
2013-06-21,False,IVV,0.025919305413692806,IEF,-0.03912973762591154,-0.0003
2013-06-24,False,VOO,0.017011397214015123,IEF,-0.043810397023597125,-0.0003
2013-06-25,False,SPY,0.02046272593982512,IEF,-0.04618422638393893,-0.00020000000000000004
2013-06-26,False,VOO,0.026698954716102508,IEF,-0.037942845255591884,-0.00010000000000000009
2013-06-27,False,IVV,0.020336219643157794,IEF,-0.035468704853074406,-0.00020000000000000004
2013-06-28,False,IVV,0.010550293498787777,IEF,-0.037405645672618504,-0.0004
2013-07-01,False,VOO,0.021162659153719954,IEF,-0.0374858202558459,-0.0004
2013-07-02,False,VOO,0.043458502106099806,IEF,-0.03549062824096616,-0.0005
2013-07-03,False,IVV,0.029925885392816376,IEF,-0.030945931077844047,-0.0003
2013-07-05,False,SPY,0.056540241695701265,IEF,-0.04527312497423541,-0.0003000000000000001
2013-07-08,False,IVV,0.06918271397023523,IEF,-0.038219136172379486,-0.00020000000000000004
2013-07-09,False,SPY,0.06766842990084365,IEF,-0.03714732641787166,-0.0003000000000000001
2013-07-10,False,IVV,0.06301951837130848,IEF,-0.041383631308463786,-0.0003000000000000001
2013-07-11,False,SPY,0.0668226207689302,IEF,-0.02849419310149226,-0.00019999999999999998
2013-07-12,False,SPY,0.06659261696386065,IEF,-0.03483198935399079,-0.0003000000000000001
2013-07-15,False,VOO,0.06632536538441425,IEF,-0.028323069056109262,-0.0003000000000000001
2013-07-16,False,SPY,0.06422962031012092,IEF,-0.030778202068788563,-0.0004000000000000001
2013-07-17,False,IVV,0.05963664270370139,IEF,-0.026969754351662822,-0.0004000000000000001
2013-07-18,False,VOO,0.06312505069400864,IEF,-0.03224784247991763,-0.0004000000000000001
2013-07-19,False,SPY,0.07444022703419617,IEF,-0.02593641437672467,-0.0006
2013-07-22,False,SPY,0.0666299839648885,IEF,-0.025021063210429184,-0.0005
2013-07-23,False,SPY,0.053679375845049115,IEF,-0.022750611796317655,-0.0008
2013-07-24,False,SPY,0.047156448756031866,IEF,-0.03343684559560545,-0.0008
2013-07-25,False,VOO,0.044294132276385456,IEF,-0.0311016035995777,-0.0008
2013-07-26,False,VOO,0.04019413802135863,IEF,-0.028690189838557756,-0.0009
2013-07-29,False,VOO,0.040230172098494554,IEF,-0.03278786279315704,-0.0009
2013-07-30,False,VOO,0.0366844308792349,IEF,-0.034982473817303794,-0.0009
2013-07-31,False,IVV,0.03669522113815793,IEF,-0.03549918116750195,-0.0009
2013-08-01,False,IVV,0.0378115863246824,IEF,-0.05131099640225034,-0.0007999999999999999
2013-08-02,False,IVV,0.034456464415477006,IEF,-0.04144249681050083,-0.001
2013-08-05,False,SPY,0.03786421998697098,IEF,-0.044008577706507235,-0.0006
2013-08-06,False,SPY,0.02207591485338467,IEF,-0.04506458806819946,-0.0007000000000000001
2013-08-07,False,IVV,0.018615384848769567,IEF,-0.04396439159274801,-0.0006
2013-08-08,False,IVV,0.020870988203637753,IEF,-0.04032110582600723,-0.0006
2013-08-09,False,VOO,0.025226110436284754,IEF,-0.03867500891809472,-0.0003
2013-08-12,False,IVV,0.027202062654132053,IEF,-0.03749761012512409,-0.0004000000000000001
2013-08-13,False,SPY,0.031424113521253405,IEF,-0.042503138273554564,-0.0004000000000000001
2013-08-14,False,VOO,0.019773092349695487,IEF,-0.03675158873385753,-0.0005
2013-08-15,False,IVV,0.012225613748585662,IEF,-0.042540745028533,-0.0005
2013-08-16,False,IVV,0.005143247424814978,IEF,-0.048864697910257826,-0.0005
2013-08-19,False,IVV,0.01328061527741542,IEF,-0.05214400255550655,-0.0003
2013-08-20,False,VOO,0.012479842791658147,IEF,-0.047280585758594396,-0.0006000000000000001
2013-08-21,False,VOO,0.010358097622029883,IEF,-0.05656305526025196,-0.0005
2013-08-22,False,VOO,0.03507439478766372,IEF,-0.060036762600020444,-0.0004000000000000001
2013-08-23,False,SPY,0.029305889953799458,IEF,-0.05766656694249617,-0.0004000000000000001
2013-08-26,False,SPY,0.012595126649375565,IEF,-0.052151914665207855,-0.0003000000000000001
2013-08-27,False,SPY,-0.0036917949660107974,IEF,-0.049265429637861735,-0.00020000000000000004
2013-08-28,False,IVV,0.00980352923180905,IEF,-0.05348262435551998,-0.0004000000000000001
2013-08-29,False,VOO,0.019918743752947332,IEF,-0.05324939538695872,-0.0006
2013-08-30,False,IVV,0.000943398279839025,IEF,-0.05600822395310334,-0.0004000000000000001
2013-09-03,False,IVV,0.012375596527772315,IEF,-0.0653737503710915,-0.0006999999999999999
2013-09-04,False,IVV,0.01249834542071615,IEF,-0.06673194111519909,-0.0005
2013-09-05,False,VOO,0.005396340839859182,IEF,-0.07631960340057498,-0.0006
2013-09-06,False,IVV,0.020306789947178272,IEF,-0.06887955877205698,-0.0005
2013-09-09,False,SPY,0.05717864106448389,IEF,-0.07089989511208261,-0.00039999999999999996
2013-09-10,False,IVV,0.06143402210440296,IEF,-0.07887652249547106,-0.0005
2013-09-11,False,SPY,0.07856869985992443,IEF,-0.07712288679023382,-0.0005
2013-09-12,False,SPY,0.06546004918963688,IEF,-0.07404284547320417,-0.0006000000000000001
2013-09-13,False,IVV,0.05721563024165999,IEF,-0.07317526798178009,-0.0005
2013-09-16,False,SPY,0.05730072013905918,IEF,-0.06724765214390882,-0.0005
2013-09-17,False,SPY,0.06638823089390944,IEF,-0.06641832171959383,-0.0006000000000000001
2013-09-18,False,SPY,0.07244670302428613,IEF,-0.06007099931606008,-0.0005
2013-09-19,False,SPY,0.07164567954841905,IEF,-0.0653887535176697,-0.0005
2013-09-20,False,VOO,0.06364251861882497,IEF,-0.06178646277757005,-0.0005
2013-09-23,False,SPY,0.04750381805760373,IEF,-0.05999085519085767,-0.00039999999999999996
2013-09-24,False,SPY,0.03911014997242801,IEF,-0.05708087220005531,-0.00030000000000000003
2013-09-25,False,SPY,0.028702864449583032,IEF,-0.05396337226567405,-0.00030000000000000003
2013-09-26,False,IVV,0.032250794504989466,IEF,-0.056524796441572045,-0.00030000000000000003
2013-09-27,False,IVV,0.013190022038717553,IEF,-0.054618148547562306,-0.00030000000000000003
2013-09-30,False,IVV,0.007882052521031024,IEF,-0.053477488998385114,-0.00039999999999999996
2013-10-01,False,IVV,0.011552163377965163,IEF,-0.0545341345810032,-0.00030000000000000003
2013-10-02,False,IVV,0.014264870901434579,IEF,-0.05634611153102975,-0.00030000000000000003
2013-10-03,False,SPY,0.0029338146994479786,IEF,-0.05470238060714039,-0.00020000000000000004
2013-10-04,False,SPY,0.005027345041430209,IEF,-0.05712305467371426,-0.00020000000000000004
2013-10-07,False,IVV,-0.00579139260913708,IEF,-0.05935691103501173,-0.0003
2013-10-08,False,SPY,-0.018924894667869174,IEF,-0.05981868967466131,0.0
2013-10-09,True,VOO,-0.016615856458006895,IEF,-0.053408371877312955,0.0
2013-10-10,True,SPY,0.008784370338163372,IEF,-0.054233041250707936,0.00010000000000000002
2013-10-11,True,SPY,0.012820056641581479,IEF,-0.05151639536576458,0.0004
2013-10-14,True,SPY,0.01578280310137803,IEF,-0.05583030978821457,0.0007000000000000001
2013-10-15,False,IVV,0.011181966349095074,IEF,-0.05546875542407037,0.001
2013-10-16,False,SPY,0.025651439852470537,IEF,-0.045502648337535256,0.0006000000000000001
2013-10-17,False,SPY,0.03177180264104407,IEF,-0.03835783556546957,0.0
2013-10-18,False,SPY,0.026871929971891362,IEF,-0.03438840886846317,-0.00010000000000000002
2013-10-21,False,SPY,0.025188725664207157,IEF,-0.03757441681717011,0.0
2013-10-22,False,IVV,0.03188063202199598,IEF,-0.03548853966498611,0.00010000000000000002
2013-10-23,False,IVV,0.033377765595344,IEF,-0.028560914287623862,0.0
2013-10-24,False,SPY,0.040369392950511784,IEF,-0.02981310548837779,-0.00020000000000000004
2013-10-25,False,SPY,0.04130518588286369,IEF,-0.030656713331076224,0.0
2013-10-28,False,VOO,0.04587082721562319,IEF,-0.023851143816056575,0.0
2013-10-29,False,SPY,0.05280355227256073,IEF,-0.02353507767909324,-0.00010000000000000002
2013-10-30,False,VOO,0.043697550167089094,IEF,-0.026457330868558504,0.0
2013-10-31,False,VOO,0.04573755611942998,IEF,-0.016035426990596013,-0.00010000000000000002
2013-11-01,False,SPY,0.06427994187138841,IEF,-0.02546444878732468,-0.00010000000000000002
2013-11-04,False,SPY,0.07156690522104658,IEF,-0.023646427093853783,0.00010000000000000002
2013-11-05,False,SPY,0.07504516130562155,IEF,-0.025363809404376547,0.00010000000000000002
2013-11-06,False,SPY,0.07524827107629273,IEF,-0.023799506594030406,0.0
2013-11-07,False,VOO,0.06817058891895189,IEF,-0.01870178600364969,0.00010000000000000002
2013-11-08,False,SPY,0.0728664201152791,IEF,-0.034415987038380114,9.999999999999995e-05
2013-11-11,False,IVV,0.06943644793366799,IEF,-0.03608008243258576,0.00020000000000000004
2013-11-12,False,VOO,0.07118228713140184,IEF,-0.029408169753936453,0.0004
2013-11-13,False,IVV,0.09725429628194404,IEF,-0.022951917103227082,0.0003
2013-11-14,False,SPY,0.09907825158081573,IEF,-0.02066756049590701,0.0003
2013-11-15,False,SPY,0.10211210765404943,IEF,-0.017030974841325208,0.0003
2013-11-18,False,SPY,0.10174550850000963,IEF,-0.02096528099342687,0.00039999999999999996
2013-11-19,False,SPY,0.09440196007998591,IEF,-0.025900433527395572,0.0003
2013-11-20,False,SPY,0.08202708629303013,IEF,-0.02895122310762388,0.0003
2013-11-21,False,SPY,0.08937730505812813,IEF,-0.027533275309071015,0.00020000000000000004
2013-11-22,False,SPY,0.09429941606800218,IEF,-0.011194902298609644,0.00020000000000000004
2013-11-25,False,SPY,0.08284072984928037,IEF,-0.00590660968522938,0.0003
2013-11-26,False,VOO,0.07500780126477369,IEF,0.006885561499384796,0.00020000000000000004
2013-11-27,False,SPY,0.07443327406171374,IEF,0.007082301208121811,0.00010000000000000009
2013-11-29,False,VOO,0.07567670104001367,IEF,0.007676508589253839,0.0
2013-12-02,False,SPY,0.07137601554179529,IEF,-0.0006735173189327259,-9.999999999999995e-05
2013-12-03,False,SPY,0.06060872652655136,IEF,-0.004259631079847392,0.0
2013-12-04,False,IVV,0.05561365000943064,IEF,-0.0076221454886775675,0.00019999999999999998
2013-12-05,False,SPY,0.0391117969829573,IEF,-0.010462366069672324,0.00019999999999999998
2013-12-06,False,IVV,0.052373446521982725,IEF,-0.009963474713318377,0.0003
2013-12-09,False,SPY,0.06255857544517185,IEF,-0.00684410310801109,0.00020000000000000004
2013-12-10,False,VOO,0.06363169384872358,IEF,0.014360020550929553,0.0003000000000000001
2013-12-11,False,IVV,0.05382901372112081,IEF,0.004554329049591077,0.00020000000000000004
2013-12-12,False,IVV,0.05363128491620239,IEF,-1.706627316955256e-05,0.0003000000000000001
2013-12-13,False,VOO,0.04925411522633327,IEF,0.005047741653686266,0.0003000000000000001
2013-12-16,False,VOO,0.06044168926772264,IEF,-0.005405318345160115,0.0003000000000000001
2013-12-17,False,VOO,0.06259740259739477,IEF,-0.0014582042670994166,0.0003000000000000001
2013-12-18,False,IVV,0.07282551242144364,IEF,-0.008333392608954271,0.0003000000000000001
2013-12-19,False,SPY,0.07276273791228305,IEF,-0.012958648898448333,0.0003
2013-12-20,False,VOO,0.08841145833332975,IEF,-0.014242364209639091,0.0004000000000000001
2013-12-23,False,SPY,0.08659770898448715,IEF,-0.012767487305232028,0.0004000000000000001
2013-12-24,False,SPY,0.09847486523947646,IEF,-0.021972657744982804,0.0004000000000000001
2013-12-26,False,VOO,0.1169255535592919,IEF,-0.022722858186540185,0.0003000000000000001
2013-12-27,False,SPY,0.11619935872797926,IEF,-0.022170187338952152,0.0005
2013-12-30,False,VOO,0.09189838313085885,IEF,-0.01287739467136273,0.0004000000000000001
2013-12-31,False,IVV,0.09006659827420505,IEF,-0.018777225202169845,0.0005
2014-01-02,False,IVV,0.07559945396411338,IEF,-0.01578889119594873,0.0004000000000000001
2014-01-03,False,VOO,0.08305295335856466,IEF,-0.014355719773715747,0.0004000000000000001
2014-01-06,False,SPY,0.0655231547237276,IEF,-0.011293087149518488,0.00010000000000000002
2014-01-07,False,SPY,0.06494986814424841,IEF,-0.010388391249499973,0.0
2014-01-08,False,SPY,0.05803562200592105,IEF,-0.006477907959076212,0.00010000000000000002
2014-01-09,False,VOO,0.05861206442992595,IEF,-0.012295778393287438,0.0
2014-01-10,False,VOO,0.055386521984809756,IEF,-0.0008406107640921423,0.0
2014-01-13,False,IVV,0.046204392742606126,IEF,0.0017430155953639392,-0.00010000000000000002
2014-01-14,False,IVV,0.05388534446728621,IEF,-0.005652922431619967,-0.00010000000000000002
2014-01-15,False,IVV,0.055144812930989495,IEF,-0.008003366967259229,-0.00010000000000000002
2014-01-16,False,SPY,0.05212331191674413,IEF,-0.005919821887900745,-0.00010000000000000002
2014-01-17,False,VOO,0.04148687127988149,IEF,-0.0015957293555843854,-9.999999999999995e-05
2014-01-21,False,IVV,0.049937222620554333,IEF,0.006400935688905651,-0.00019999999999999998
2014-01-22,False,SPY,0.05407044413272022,IEF,0.0027132566699283878,-0.00010000000000000002
2014-01-23,False,SPY,0.04294245968569865,IEF,0.015116419278139892,-0.00010000000000000002
2014-01-24,False,VOO,0.016680734158987853,IEF,0.02319644231695328,-0.00010000000000000002
2014-01-27,False,IVV,0.014575989527313649,IEF,0.024475412811096664,-9.999999999999995e-05
2014-01-28,False,SPY,0.016181105076017444,IEF,0.020465118039290964,0.00010000000000000002
2014-01-29,False,VOO,0.01881603016462008,BND,0.030811116838846964,0.0
2014-01-30,False,VOO,0.016283109708128407,BND,0.029777203983442302,-9.999999999999999e-05
2014-01-31,False,IVV,0.01012655778010263,BND,0.02820757429710241,-9.999999999999999e-05
2014-02-03,False,SPY,-0.010452355999741036,BND,0.029710999748537636,0.00010000000000000002
2014-02-04,False,SPY,-0.011453425759131441,IEF,0.02402577479114587,9.999999999999995e-05
2014-02-05,False,IVV,-0.018243728222234634,IEF,0.024486389398111097,0.0004000000000000001
2014-02-06,False,IVV,-0.009374919822438432,IEF,0.021561179351794912,0.0005
2014-02-07,False,SPY,0.006855979276102042,IEF,0.026209058905565463,0.0005
2014-02-10,False,VOO,0.010722076010451165,BND,0.02934236511039634,0.0005
2014-02-11,False,VOO,0.025124386115803476,BND,0.028475993540176603,0.00030000000000000003
2014-02-12,False,SPY,0.01746986555075325,BND,0.033832496035772985,0.00030000000000000003
2014-02-13,False,SPY,0.017632202922278406,BND,0.032475770904136114,9.999999999999999e-05
2014-02-14,False,VOO,0.023912748449667287,BND,0.029502549592832272,0.0
2014-02-18,False,SPY,0.02520876373474157,BND,0.03310432134838304,0.00030000000000000003
2014-02-19,False,SPY,0.015945961797665165,BND,0.02936447088866201,0.00039999999999999996
2014-02-20,False,SPY,0.02261858323626642,BND,0.029495855892115896,0.0004
2014-02-21,False,SPY,0.024111392937564702,BND,0.028579655061363063,0.0004
2014-02-24,False,IVV,0.032897491008666124,BND,0.02703945983499545,0.00030000000000000003
2014-02-25,False,SPY,0.0339840808800822,BND,0.02816438462174764,0.0004
2014-02-26,False,VOO,0.038133004297699946,IEF,0.020141156780622893,0.0004
2014-02-27,False,VOO,0.032188704587940986,BND,0.02453481531155055,0.0003
2014-02-28,False,VOO,0.032127580711416304,IEF,0.022866150759683457,0.0004
2014-03-03,False,VOO,0.028577529851272043,IEF,0.0240617716178384,0.00030000000000000003
2014-03-04,False,SPY,0.05524145160400118,IEF,0.012497191920940898,0.00030000000000000003
2014-03-05,False,IVV,0.05891352660244231,IEF,0.010807031196214512,0.00039999999999999996
2014-03-06,False,SPY,0.06224238760121126,IEF,0.008627281495408479,0.00030000000000000003
2014-03-07,False,VOO,0.05565707739027004,IEF,0.002883864918847623,0.00039999999999999996
2014-03-10,False,SPY,0.05891902420833306,IEF,0.002301931313570371,0.00030000000000000003
2014-03-11,False,VOO,0.03570778762440252,IEF,0.005522925592915451,0.00030000000000000003
2014-03-12,False,VOO,0.03736710221046202,IEF,0.0078030100945221115,0.00030000000000000003
2014-03-13,False,SPY,0.019938312403609437,IEF,0.012348549497536165,0.00020000000000000004
2014-03-14,False,VOO,0.007118164533894467,IEF,0.015233175888661243,0.00020000000000000004
2014-03-17,False,IVV,0.018140343254401392,IEF,0.010277530512165622,0.0003
2014-03-18,False,SPY,0.02066789948873904,IEF,0.01324966773285352,0.0
2014-03-19,False,SPY,0.015284199075329852,IEF,0.005619241719652113,9.999999999999995e-05
2014-03-20,False,SPY,0.021379610488522882,IEF,0.007999914388110207,9.999999999999995e-05
2014-03-21,False,SPY,0.012640695219015896,IEF,0.008397332203693209,-0.00020000000000000004
2014-03-24,False,SPY,0.018211239660214762,IEF,0.012183351804085252,-0.0005
2014-03-25,False,SPY,0.023211204269039998,IEF,0.011385805688845618,-0.0009000000000000001
2014-03-26,False,SPY,0.01880435836304506,IEF,0.01077576269220648,-0.0005
2014-03-27,False,SPY,0.01045037948159555,IEF,0.006030600763120342,-0.00010000000000000002
2014-03-28,False,IVV,0.01476454725941223,IEF,0.0023847023830430025,0.0
2014-03-31,False,IVV,0.022860191406582908,IEF,0.003169609629410486,0.00010000000000000002
2014-04-01,False,SPY,0.026847445864694786,IEF,-0.005809199371925811,0.0
2014-04-02,False,IVV,0.04405085605995507,IEF,-0.011853918404565178,-0.0002
2014-04-03,False,SPY,0.031553174492708225,IEF,-0.009150686304169708,-9.999999999999999e-05
2014-04-04,False,VOO,0.013727891835068062,IEF,-0.0048063603456194315,-0.00010000000000000002
2014-04-07,False,SPY,0.003992911599881577,IEF,-0.0014865561250022585,-0.00010000000000000002
2014-04-08,False,SPY,0.012414171816341968,IEF,-0.0014708487453918284,-0.00010000000000000002
2014-04-09,False,SPY,0.020298357456667526,IEF,0.0008553912856565926,0.0
2014-04-10,False,IVV,-0.0018550089525443125,IEF,0.006251394436305846,0.0
2014-04-11,False,VOO,-0.0027333371621063307,IEF,0.013926104639431003,0.0
2014-04-14,False,SPY,0.027168498418364218,IEF,0.010363753836345024,-0.00010000000000000002
2014-04-15,False,SPY,0.03935595050689433,IEF,0.016120298995419446,-0.00010000000000000002
2014-04-16,False,SPY,0.04402915059049883,IEF,0.011453349148723646,-0.00010000000000000002
2014-04-17,False,SPY,0.055627016852418,IEF,0.003069372574426632,-0.00020000000000000004
2014-04-21,False,SPY,0.048196898092472296,IEF,0.014269688748851594,-0.00019999999999999998
2014-04-22,False,SPY,0.05916541910695483,IEF,0.014372258601496934,-0.0004000000000000001
2014-04-23,False,VOO,0.08074184746281965,IEF,0.017870533765178775,-0.0006
2014-04-24,False,SPY,0.07567038405250659,IEF,0.013359246672077552,-0.0007000000000000001
2014-04-25,False,SPY,0.06819094922796376,IEF,0.00987398247556781,-0.0005
2014-04-28,False,SPY,0.05762689579158886,IEF,0.009182154175799928,-0.0005
2014-04-29,False,IVV,0.04914641139139575,IEF,0.006516450497824122,-0.0006999999999999999
2014-04-30,False,SPY,0.050741372140619356,IEF,0.012944570913988818,-0.0005
2014-05-01,False,IVV,0.03926962632508446,IEF,0.021471949571424176,-0.0005
2014-05-02,False,VOO,0.037207925852956514,IEF,0.022060050860559066,-0.0005
2014-05-05,False,SPY,0.03412076688594978,IEF,0.018548825046079465,-0.0004000000000000001
2014-05-06,False,SPY,0.01949341703389451,IEF,0.018939589060718687,-0.0005
2014-05-07,False,IVV,0.02404480596851233,IEF,0.01753407155887965,-0.0004000000000000001
2014-05-08,False,SPY,0.030003083625825377,IEF,0.020926473369665688,-0.0004000000000000001
2014-05-09,False,SPY,0.025488345357065567,IEF,0.020733962342490697,-0.0003
2014-05-12,False,IVV,0.0359064079435103,IEF,0.02243417332526243,-0.00020000000000000004
2014-05-13,False,SPY,0.031860156998025024,IEF,0.02460132156167094,-0.0003
2014-05-14,False,IVV,0.02733262397574121,BND,0.031308269811818334,-0.0003
2014-05-15,False,SPY,0.018284686773934133,GBF,0.03452791461247995,-0.0003
2014-05-16,False,SPY,0.016482633497467702,GBF,0.03292284621897923,-0.0003
2014-05-19,False,SPY,0.017638406290414466,GBF,0.03121079199896193,-0.0004000000000000001
2014-05-20,False,SPY,0.018383547648020082,GBF,0.029465164210541017,-0.0004000000000000001
2014-05-21,False,IVV,0.01208988196942773,GBF,0.029353841553716453,-0.0003000000000000001
2014-05-22,False,SPY,0.014272293151557536,GBF,0.030676362471096397,-0.0004000000000000001
2014-05-23,False,SPY,0.016011206261594246,GBF,0.02934259906547143,-0.0003000000000000001
2014-05-27,False,SPY,0.021821790532849494,GBF,0.03222691021663393,-0.0003000000000000001
2014-05-28,False,VOO,0.021303313168639537,GBF,0.032037563058451735,-0.0003000000000000001
2014-05-29,False,IVV,0.031889250032185235,GBF,0.03347031430353975,-0.0003000000000000001
2014-05-30,False,SPY,0.033390151061883255,GBF,0.029470800908639516,-0.00019999999999999998
2014-06-02,False,SPY,0.0463024181250653,GBF,0.0242997601619781,-0.0003000000000000001
2014-06-03,False,SPY,0.048704857174727945,GBF,0.02560398930172414,-0.0003000000000000001
2014-06-04,False,IVV,0.04129352955056387,GBF,0.024605251343158274,-0.0003000000000000001
2014-06-05,False,IVV,0.04054543251640963,GBF,0.030237551946322716,-0.0003000000000000001
2014-06-06,False,SPY,0.05135146672416724,GBF,0.03078429641806335,-0.0003000000000000001
2014-06-09,False,SPY,0.0463177124035139,GBF,0.027355880147295286,-0.0003000000000000001
2014-06-10,False,IVV,0.05038409229319907,GBF,0.02912708978160583,-0.0003000000000000001
2014-06-11,False,SPY,0.0511783422315677,GBF,0.02325297950306049,-0.0003000000000000001
2014-06-12,False,IVV,0.03861539282095161,GBF,0.03058905932375211,-0.0003000000000000001
2014-06-13,False,SPY,0.04952154403416875,GBF,0.026493673733768208,-0.00010000000000000002
2014-06-16,False,IVV,0.052591914733275624,GBF,0.023296332651717266,0.0
2014-06-17,False,SPY,0.050353118766510274,GBF,0.02847788109553795,-0.00010000000000000002
2014-06-18,False,SPY,0.04946259558312094,GBF,0.025780097698385296,-0.00010000000000000002
2014-06-19,False,SPY,0.04371845949535169,GBF,0.022527141865925193,-0.00030000000000000003
2014-06-20,False,SPY,0.042337409995761854,GBF,0.018392742139300422,-9.999999999999999e-05
2014-06-23,False,SPY,0.04339926401080474,GBF,0.019445595875236643,-0.00010000000000000002
2014-06-24,False,SPY,0.04952125637019589,GBF,0.026468544796398152,-0.00010000000000000002
2014-06-25,False,SPY,0.06604626788623658,GBF,0.02462360507353001,-0.00010000000000000002
2014-06-26,False,IVV,0.060880294305352356,GBF,0.026244216889215854,-0.00010000000000000002
2014-06-27,False,SPY,0.05166559592023323,GBF,0.02605214326158367,-0.00010000000000000002
2014-06-30,False,SPY,0.07368223570273713,GBF,0.027043140800280474,0.0
2014-07-01,False,SPY,0.09069418069798862,GBF,0.024918408248226998,-0.0002
2014-07-02,False,SPY,0.08326695548976626,GBF,0.019118173948628137,-0.0002
2014-07-03,False,SPY,0.08114817544247943,BND,0.021110690495127704,-0.0004
2014-07-07,False,SPY,0.06621283713332304,GBF,0.021454943606928234,-0.00010000000000000002
2014-07-08,False,SPY,0.05787930762491755,GBF,0.020608315098655572,-0.00010000000000000002
2014-07-09,False,SPY,0.05893034101236516,BND,0.02208439101876225,9.999999999999999e-05
2014-07-10,False,SPY,0.04996861034441147,GBF,0.01932171827246698,0.0
2014-07-11,False,SPY,0.05388046375566735,GBF,0.01471552394449871,-0.00030000000000000003
2014-07-14,False,IVV,0.05691764197288518,IEF,0.018535472887369453,-0.0003
2014-07-15,False,SPY,0.0637868744285639,BND,0.020696120648486582,-0.0005
2014-07-16,False,SPY,0.06435331013451218,BND,0.021448125550095343,-0.0005
2014-07-17,False,SPY,0.04737997595938115,BND,0.022930179617718816,-0.0006
2014-07-18,False,IVV,0.05449505624142703,GBF,0.021801933413699848,-0.0005
2014-07-21,False,SPY,0.0528507550132189,BND,0.024445070664912416,-0.00020000000000000004
2014-07-22,False,SPY,0.058957215338216074,GBF,0.024926359643491436,-0.00020000000000000004
2014-07-23,False,IVV,0.059248290536467074,BND,0.024559773188326917,0.0
2014-07-24,False,IVV,0.06843705675979739,GBF,0.02111003495525776,9.999999999999999e-05
2014-07-25,False,SPY,0.05740472258554008,GBF,0.022772319384264383,-0.00020000000000000004
2014-07-28,False,SPY,0.058959834393081945,BND,0.02405946848564211,-0.00019999999999999998
2014-07-29,False,IVV,0.052351834862252256,BND,0.025058463756925997,-0.00030000000000000003
2014-07-30,False,SPY,0.042845575181989615,BND,0.0204385703627723,-0.00010000000000000002
2014-07-31,False,IVV,0.021016490530499476,BND,0.019568626204506057,-0.00020000000000000004
2014-08-01,False,SPY,0.023062758386439564,IEF,0.024930757146257587,-0.00020000000000000004
2014-08-04,False,SPY,0.039577854787836264,BND,0.020168500975804582,-0.00010000000000000002
2014-08-05,False,VOO,0.025663371280896685,BND,0.01755134042141515,-0.00010000000000000002
2014-08-06,False,SPY,0.022508156660528078,BND,0.01941919626875932,-0.00020000000000000004
2014-08-07,False,SPY,0.023424248330146114,BND,0.019504118135385218,-0.00020000000000000004
2014-08-08,False,SPY,0.026615463787457605,BND,0.022271964002665845,-0.00020000000000000004
2014-08-11,False,SPY,0.02709246132590759,BND,0.021386532941368275,-0.00019999999999999998
2014-08-12,False,SPY,0.021566425055900895,BND,0.023032177498188755,-0.00020000000000000004
2014-08-13,False,SPY,0.022198368089851206,BND,0.027942172577215096,-0.00019999999999999998
2014-08-14,False,IVV,0.0275742637545231,BND,0.02830637454189122,-0.00010000000000000002
2014-08-15,False,VOO,0.022223311538609236,BND,0.030307175766263406,-0.00020000000000000004
2014-08-18,False,SPY,0.02918558387752057,BND,0.026028348353986264,-0.00020000000000000004
2014-08-19,False,SPY,0.033376890670665293,BND,0.022876685512072115,-0.00020000000000000004
2014-08-20,False,SPY,0.03667497859028157,BND,0.022013484759227264,-0.00010000000000000002
2014-08-21,False,SPY,0.03759878129686611,BND,0.024519108692824032,-0.00039999999999999996
2014-08-22,False,SPY,0.029273471872428125,BND,0.02338453603646551,-0.00020000000000000004
2014-08-25,False,SPY,0.02956830230608465,BND,0.0285670614359248,-0.00019999999999999998
2014-08-26,False,SPY,0.02918333351460256,BND,0.02995827032141607,-0.0003
2014-08-27,False,SPY,0.028667146877630945,BND,0.028657005340005037,-0.00019999999999999998
2014-08-28,False,IVV,0.031557189434819444,BND,0.029901976984033407,-0.0003
2014-08-29,False,IVV,0.0419714245218632,BND,0.03015614825179913,-0.00020000000000000004
2014-09-02,False,IVV,0.038199846027845874,BND,0.023867615646248508,-0.00020000000000000004
2014-09-03,False,SPY,0.036895820952041136,BND,0.024604410782729458,-0.00010000000000000002
2014-09-04,False,SPY,0.03252631889084223,BND,0.024750368855944505,-0.00010000000000000002
2014-09-05,False,IVV,0.029591911420327577,BND,0.024376008029523444,-0.00020000000000000004
2014-09-08,False,SPY,0.025798652775010256,BND,0.02476615384880576,-0.0002
2014-09-09,False,SPY,0.01725017862610856,BND,0.02504422393264716,0.0
2014-09-10,False,SPY,0.021390647335103985,BND,0.022280436928335146,0.0
2014-09-11,False,IVV,0.02867346938775661,BND,0.018505532254412316,-9.999999999999999e-05
2014-09-12,False,SPY,0.01815114019838382,GBF,0.01234823867238588,-9.999999999999999e-05
2014-09-15,False,SPY,0.018112975849361224,GBF,0.013437273084225154,-9.999999999999999e-05
2014-09-16,False,IVV,0.02301530974348487,GBF,0.01189341150276757,-0.0002
2014-09-17,False,IVV,0.025634517766493836,GBF,0.009275538516555715,-0.0002
2014-09-18,False,VOO,0.02407438153743957,IEF,0.00901938390616941,-0.0002
2014-09-19,False,IVV,0.022066602851528394,GBF,0.011074086736561739,-0.0002
2014-09-22,False,VOO,0.009387552963192602,BND,0.012756863355577908,-0.0003
2014-09-23,False,VOO,0.006961784392681025,BND,0.013873861047689617,-0.0003
2014-09-24,False,IVV,0.021530637242492157,BND,0.01587059970339899,-9.999999999999999e-05
2014-09-25,False,IVV,0.0002946254930253911,BND,0.018106123201762747,-0.0003
2014-09-26,False,SPY,0.01266215340633714,GBF,0.01633527801440393,-0.00019999999999999998
2014-09-29,False,IVV,0.009115714862694357,BND,0.016792089247732456,0.0
2014-09-30,False,VOO,0.0016369347968672177,BND,0.016232078306925413,0.0001
2014-10-01,False,SPY,-0.009991001769628638,GBF,0.020125334161160247,-9.999999999999999e-05
2014-10-02,False,VOO,-0.013632660226939763,GBF,0.018545534467514946,-0.00019999999999999998
2014-10-03,False,IVV,-0.0010076528063749368,BND,0.01947101184483646,-0.0001
2014-10-06,False,SPY,-0.0025362748991633044,BND,0.019580249856300913,-9.999999999999999e-05
2014-10-07,False,SPY,-0.01609215573101397,BND,0.019707957085373318,-9.999999999999999e-05
2014-10-08,False,IVV,-0.003257504118700072,BND,0.02130467446757378,-0.0001
2014-10-09,False,IVV,-0.025506173087539774,BND,0.020821580627876646,-0.00019999999999999998
2014-10-10,False,SPY,-0.03633704730147014,BND,0.02068791553098448,-0.00019999999999999998
2014-10-13,False,IVV,-0.04810565406232559,BND,0.02315404638588192,-0.00015
2014-10-14,False,SPY,-0.04662105373860714,BND,0.024012344110404316,-9.999999999999999e-05
2014-10-15,False,IVV,-0.04959120013423013,BND,0.027614522243426975,-9.999999999999999e-05
2014-10-16,False,IVV,-0.0501828946072701,BND,0.026888642907492155,0.0
2014-10-17,False,SPY,-0.019359061367454578,BND,0.024264359457041307,-9.999999999999999e-05
2014-10-20,False,SPY,-0.006802480745958017,BND,0.02250412398933399,-9.999999999999999e-05
2014-10-21,False,SPY,0.005612277275556021,BND,0.019161356240793515,-9.999999999999999e-05
2014-10-22,False,SPY,0.008237626333458037,BND,0.018915360258113578,-9.999999999999999e-05
2014-10-23,False,SPY,0.019639656752466372,BND,0.016211471138378064,-0.00019999999999999998
2014-10-24,False,IVV,0.033024118496873145,GBF,0.016434999774427972,-0.00019999999999999998
2014-10-27,False,SPY,0.01986102641995169,BND,0.017075154500228562,-0.0002
2014-10-28,False,IVV,0.028286533766243016,BND,0.017079129916228286,-9.999999999999999e-05
2014-10-29,False,SPY,0.028455897844339884,BND,0.014365827347716298,-0.00010000000000000002
2014-10-30,False,SPY,0.028089781182612183,BND,0.014116269187187891,-0.0003
2014-10-31,False,SPY,0.034959554498563916,BND,0.006966538457374716,-0.0003
2014-11-03,False,IVV,0.035702605561374945,BND,0.009480123418067699,-0.0002
2014-11-04,False,SPY,0.023565674105468837,BND,0.01021503060233342,-0.00010000000000000002
2014-11-05,False,SPY,0.0246830208037645,BND,0.013925972911102091,-0.00010000000000000002
2014-11-06,False,IVV,0.02602171674443121,BND,0.014058024717650497,-0.00010000000000000002
2014-11-07,False,SPY,0.02401776475568984,BND,0.017394521678214092,-0.00010000000000000002
2014-11-10,False,SPY,0.028839494927050735,BND,0.014177099602005416,-0.0002
2014-11-11,False,SPY,0.024652721822271184,BND,0.014794899086563396,-0.0002
2014-11-12,False,SPY,0.02288446764383001,BND,0.015540048997669587,-0.0002
2014-11-13,False,IVV,0.023982889897210535,BND,0.0182739641559857,-0.0002
2014-11-14,False,SPY,0.02526109564859147,BND,0.018147325871877396,-0.0002
2014-11-17,False,SPY,0.02300016953516959,BND,0.015535096935616055,-0.00010000000000000002
2014-11-18,False,SPY,0.029419699525314646,BND,0.017265116713202966,-0.0002
2014-11-19,False,IVV,0.028290067406625985,BND,0.014919998433373438,-0.0003
2014-11-20,False,IVV,0.031620453474126675,GBF,0.017968337694068248,-0.0002
2014-11-21,False,IVV,0.03249045960070296,BND,0.01812950804811342,-0.00019999999999999998
2014-11-24,False,VOO,0.03806048903774384,BND,0.019124784470183842,0.0
2014-11-25,False,SPY,0.04394534443765341,BND,0.020354643672641393,0.0
2014-11-26,False,IVV,0.04260384298164244,BND,0.02221166807679209,-9.999999999999999e-05
2014-11-28,False,SPY,0.039289102420110966,BND,0.022066843661557645,-9.999999999999999e-05
2014-12-01,False,SPY,0.03813020957057689,BND,0.019174442759227306,0.0
2014-12-02,False,SPY,0.04562816595579422,BND,0.01559122938296631,-0.00010000000000000002
2014-12-03,False,SPY,0.04181382740963002,BND,0.015283100975992614,-0.00019999999999999998
2014-12-04,False,SPY,0.03926156820741111,BND,0.01620433820540268,-0.0002
2014-12-05,False,SPY,0.035444212030264044,BND,0.01519670014836172,0.0
2014-12-08,False,SPY,0.029446935724959822,BND,0.020034568186307444,9.999999999999999e-05
2014-12-09,False,SPY,0.036756213909114877,BND,0.021656671894992208,0.0003
2014-12-10,False,SPY,0.026008787434978586,BND,0.02312745650706649,-0.00010000000000000002
2014-12-11,False,IVV,0.023146995868385867,BND,0.020263854710365292,0.0
2014-12-12,False,VOO,0.023104693140795884,BND,0.022721566840748997,-9.999999999999999e-05
2014-12-15,False,IVV,0.0076772542525991305,BND,0.020621809213421383,0.0002
2014-12-16,False,SPY,0.0018730383719749444,BND,0.021468938499782597,9.999999999999999e-05
2014-12-17,False,SPY,0.02421074002639867,BND,0.020498471230433912,0.0
2014-12-18,False,IVV,0.06363078810180989,BND,0.019641885473195897,0.0002
2014-12-19,False,IVV,0.06812142273098787,BND,0.021489241678206428,0.0002
2014-12-22,False,IVV,0.06152057425942692,BND,0.018260121918930672,0.00030000000000000003
2014-12-23,False,SPY,0.0641992939095768,BND,0.013846016587758303,9.999999999999999e-05
2014-12-24,False,VOO,0.08095460006965238,BND,0.014216890633578894,-0.00019999999999999998
2014-12-26,False,IVV,0.06575815344148217,BND,0.013724211242541084,-0.00019999999999999998
2014-12-29,False,SPY,0.08886069309142597,BND,0.015946899065935494,0.0
2014-12-30,False,IVV,0.09547310247078311,BND,0.01867131310708503,0.0
2014-12-31,False,VOO,0.10239878816785608,BND,0.017552951647163972,0.00010000000000000002
2015-01-02,False,IVV,0.09957525204034301,BND,0.02126048777360401,-0.0002
2015-01-05,False,SPY,0.08796085312322743,BND,0.023354035682550567,9.999999999999999e-05
2015-01-06,False,SPY,0.07863907497630174,BND,0.030201300903881734,-0.00010000000000000002
2015-01-07,False,SPY,0.07933243573146465,BND,0.03195481141783563,0.0
2015-01-08,False,VOO,0.08776410480954655,BND,0.022697114657823425,0.0
2015-01-09,False,VOO,0.05805315413540302,BND,0.02729343281177088,-0.0002
2015-01-12,False,VOO,0.05738924486797958,BND,0.03003304283749264,0.0
2015-01-13,False,SPY,0.04237685430247162,BND,0.029890798425139753,0.0
2015-01-14,False,SPY,0.028171948084068976,BND,0.029976985815083124,0.00010000000000000002
2015-01-15,False,SPY,0.02015550640869357,BND,0.0352929130163635,0.0
2015-01-16,False,VOO,0.02135880756418551,BND,0.03170700655396286,-0.00010000000000000002
2015-01-20,False,VOO,0.025084460815044674,BND,0.03147621839513981,0.0
2015-01-21,False,IVV,0.023743677003923658,GBF,0.024008386209520838,-0.00010000000000000002
2015-01-22,False,IVV,0.027606194824425057,GBF,0.02205390005745045,-0.00010000000000000002
2015-01-23,False,SPY,0.021442246394445696,GBF,0.022633841634920326,-9.999999999999999e-05
2015-01-26,False,SPY,0.027398616751530325,BND,0.029213784428871126,0.0
2015-01-27,False,VOO,0.007338208726319406,BND,0.02995425321797529,-9.999999999999999e-05
2015-01-28,False,VOO,-0.009936321395717429,BND,0.03515606839660501,-0.0002
2015-01-29,False,VOO,-0.0011895346382014838,BND,0.032915503859668016,9.999999999999999e-05
2015-01-30,False,SPY,-0.01683465447625243,BND,0.03857936286283237,-9.999999999999999e-05
2015-02-02,False,VOO,-0.006103544568279551,BND,0.036970779643276996,-0.0002
2015-02-03,False,VOO,0.009203401780645937,GBF,0.0316712276185227,-9.999999999999999e-05
2015-02-04,False,VOO,0.004850912429641863,GBF,0.031554821389916166,-0.0003
2015-02-05,False,VOO,0.01467314772712447,BND,0.028415329059794825,-9.999999999999999e-05
2015-02-06,False,VOO,0.01128867712840842,BND,0.02177801248644462,-9.999999999999999e-05
2015-02-09,False,VOO,0.0009079467432699939,BND,0.024900400168514025,-0.00019999999999999998
2015-02-10,False,SPY,0.013285808790720832,BND,0.021309248754205035,-0.00019999999999999998
2015-02-11,False,SPY,0.012098322472209322,BND,0.02305039944618703,-0.00019999999999999998
2015-02-12,False,VOO,0.015943053132557505,BND,0.023917789641518583,-9.999999999999999e-05
2015-02-13,False,SPY,0.017720906888585075,BND,0.022320818520096708,-0.0001
2015-02-17,False,VOO,0.01972938073106789,BND,0.0199871560960454,0.0
2015-02-18,False,SPY,0.017553258373439906,BND,0.02470877624572143,0.0
2015-02-19,False,SPY,0.018986169167006794,BND,0.024593516274613147,0.0
2015-02-20,False,IVV,0.03224926520170501,BND,0.026475226043975564,0.0
2015-02-23,False,IVV,0.02547502771471466,BND,0.028082277457766036,0.0
2015-02-24,False,SPY,0.02445519708473065,BND,0.032682561127577614,0.0
2015-02-25,False,VOO,0.02460435819622564,BND,0.03494493964974077,0.0
2015-02-26,False,VOO,0.021619229171981225,BND,0.03195860594387967,9.999999999999999e-05
2015-02-27,False,VOO,0.025072839591685936,BND,0.030678155160004383,0.0
2015-03-02,False,SPY,0.032377488752135086,BND,0.026095639654519998,0.0001
2015-03-03,False,IVV,0.04457853983035509,GBF,0.02396905091784829,0.0001
2015-03-04,False,SPY,0.035238298219793185,BND,0.02497953972677669,-0.0001
2015-03-05,False,IVV,0.0533850831310847,BND,0.02309676166990071,0.0001
2015-03-06,False,SPY,0.04576364863623272,BND,0.018145566607915997,0.0
2015-03-09,False,SPY,0.05858739641768662,BND,0.018141481761426714,0.0
2015-03-10,False,VOO,0.020644229016935745,BND,0.022353592109365383,0.0
2015-03-11,False,SPY,-0.005591352216486101,BND,0.019100246211399607,9.999999999999999e-05
2015-03-12,False,SPY,0.0028084447026919257,BND,0.020585922919766686,0.00019999999999999998
2015-03-13,False,SPY,-0.007904757314307953,GBF,0.02014897821230388,0.00019999999999999998
2015-03-16,False,SPY,0.003995186522262939,GBF,0.01823475189148671,0.00030000000000000003
2015-03-17,False,IVV,0.0006689282813290287,GBF,0.015755819178666863,0.00030000000000000003
2015-03-18,False,VOO,0.009678263144130561,BND,0.02163543035061366,0.00019999999999999998
2015-03-19,False,VOO,0.003604639013689903,BND,0.02017615810369433,0.00019999999999999998
2015-03-20,False,SPY,0.018019315992291007,GBF,0.021652462899702796,0.0
2015-03-23,False,SPY,0.026218722610811263,GBF,0.018523962850101272,0.00015
2015-03-24,False,SPY,0.020998764402885728,BND,0.019894562827557527,0.0
2015-03-25,False,VOO,0.024226135258665238,BND,0.015978724764488028,0.0002
2015-03-26,False,SPY,0.03181899565081259,GBF,0.012935113749082516,0.0
2015-03-27,False,VOO,0.021198569101331444,BND,0.016108525687807518,0.0002
2015-03-30,False,IVV,0.015590484641276436,GBF,0.01607825425081333,0.0002
2015-03-31,False,SPY,0.015144202248488448,BND,0.019044072111712884,9.999999999999999e-05
2015-04-01,False,SPY,0.019540952091550823,GBF,0.023149529729639795,9.999999999999999e-05
2015-04-02,False,IVV,0.02556727168605244,BND,0.02507726258095122,0.0001
2015-04-03,False,VOO,0.035412863994093824,BND,0.02463900760014992,0.0001
2015-04-06,False,VOO,0.04883079456088968,BND,0.025440997457292447,9.999999999999999e-05
2015-04-07,False,SPY,0.03256937723627784,GBF,0.026442765311869065,0.0
2015-04-08,False,SPY,0.033851629151258056,BND,0.027681203361642925,0.0
2015-04-09,False,SPY,0.03320922825791439,BND,0.024718988356541072,0.00019999999999999998
2015-04-10,False,VOO,0.02350381966969195,BND,0.028122457704781834,0.0001
2015-04-13,False,VOO,0.024514228442410024,BND,0.02668019850544412,9.999999999999999e-05
2015-04-14,False,IVV,0.023723381646863384,BND,0.028780314418865638,-9.999999999999999e-05
2015-04-15,False,SPY,0.04252194177681812,BND,0.028514734830203725,-9.999999999999999e-05
2015-04-16,False,SPY,0.05576413035042771,BND,0.030649765841309407,-9.999999999999999e-05
2015-04-17,False,VOO,0.03397277198923532,BND,0.028866931218256342,-0.00019999999999999998
2015-04-20,False,VOO,0.05641307656219885,BND,0.029886262060710544,9.999999999999999e-05
2015-04-21,False,SPY,0.04262691525737172,BND,0.02815253864161993,9.999999999999999e-05
2015-04-22,False,SPY,0.03281479805780907,BND,0.02445642968147088,9.999999999999999e-05
2015-04-23,False,SPY,0.03937139980267834,BND,0.02567981803204744,9.999999999999999e-05
2015-04-24,False,IVV,0.03125996942617104,BND,0.027031331090301425,9.999999999999999e-05
2015-04-27,False,SPY,0.029931416030122282,BND,0.02629245962908522,-9.999999999999999e-05
2015-04-28,False,IVV,0.037799368191530514,BND,0.02160038368564554,0.0
2015-04-29,False,IVV,0.022684358070090394,BND,0.021005981343049207,0.0
2015-04-30,False,SPY,0.01185030496444539,BND,0.020873110934214623,-0.0001
2015-05-01,False,SPY,0.01307764395658606,BND,0.01555809612992709,0.0
2015-05-04,False,SPY,0.011797290735040322,GBF,0.01189328745940288,0.0
2015-05-05,False,VOO,-0.0014609239743885727,GBF,0.008774080861097211,-0.0001
2015-05-06,False,VOO,-0.005683592616855138,GBF,0.0029388010652100505,0.0
2015-05-07,False,VOO,-0.0009943411549980796,GBF,0.005337468485619334,-0.0001
2015-05-08,False,VOO,0.005992924733787763,GBF,0.010526704812792165,-0.00019999999999999998
2015-05-11,False,VOO,0.0014275309897373578,GBF,0.006340564046193986,-9.999999999999999e-05
2015-05-12,False,VOO,-0.004407136744398965,GBF,0.00651900631657254,0.00019999999999999998
2015-05-13,False,IVV,-0.0032736689382857342,BND,0.004554500454477806,0.0
2015-05-14,False,SPY,0.008367739733943447,BND,0.00945432153257042,-0.0001
2015-05-15,False,IVV,0.012884443331548479,BND,0.01142703437817083,-9.999999999999999e-05
2015-05-18,False,IVV,0.009445840188145427,GBF,0.007053702598195155,-0.0002
2015-05-19,False,VOO,0.013364238980762666,IEF,0.0004897963056527121,-9.999999999999999e-05
2015-05-20,False,VOO,0.016943353138975326,BND,0.003461224762656201,-9.999999999999999e-05
2015-05-21,False,VOO,0.01890904666693083,IEF,0.0021386353158894256,0.0
2015-05-22,False,SPY,0.03099866690334241,IEF,0.003535576910471905,-0.0002
2015-05-26,False,SPY,0.015704035801389127,BND,0.004596767515905986,-9.999999999999999e-05
2015-05-27,False,SPY,0.042252612366413755,GBF,0.005647668570936348,-0.00019999999999999998
2015-05-28,False,IVV,0.043373447305555146,GBF,0.004501195192568641,-0.0003
2015-05-29,False,VOO,0.023788996749653624,GBF,0.005991385401244553,-0.0003
2015-06-01,False,IVV,0.03237114069042302,GBF,0.0008272660244670327,-0.00030000000000000003
2015-06-02,False,IVV,0.01745857246768634,GBF,-0.0020627999983371392,-0.00019999999999999998
2015-06-03,False,SPY,0.023550153516946226,GBF,-0.00376009415311096,0.0001
2015-06-04,False,SPY,0.0028488612484072195,GBF,-0.002044976880433147,0.0001
2015-06-05,False,SPY,0.005718275767765624,GBF,-0.007845650128007087,0.0
2015-06-08,False,SPY,-0.009457725393276273,GBF,-0.007515472010985236,-9.999999999999999e-05
2015-06-09,False,IVV,-0.007837960138662003,GBF,-0.012394783695246048,-0.0002
2015-06-10,False,VOO,0.010083594566351328,IEF,-0.017833723715325323,0.0
2015-06-11,False,IVV,0.028186688546740335,GBF,-0.01652848566915066,-0.00019999999999999998
2015-06-12,False,SPY,0.022701807375649752,IEF,-0.023204339633132176,-9.999999999999999e-05
2015-06-15,False,SPY,0.01633129192184768,IEF,-0.020687326586445565,-9.999999999999999e-05
2015-06-16,False,SPY,0.009603841536613977,GBF,-0.01574112122104121,-0.00019999999999999998
2015-06-17,False,IVV,0.020016359524606342,IEF,-0.017209130279617457,-0.0001
2015-06-18,False,IVV,0.033497441838017394,IEF,-0.021400181095121984,-0.00019999999999999998
2015-06-19,False,IVV,0.024499422410475313,IEF,-0.017097564260887155,-0.00019999999999999998
2015-06-22,False,SPY,0.027954460367117795,IEF,-0.029842578258759467,-0.0003
2015-06-23,False,IVV,0.02479931192660989,IEF,-0.04098933566396501,-0.00019999999999999998
2015-06-24,False,SPY,0.02054517621341634,IEF,-0.031002373516664683,-0.00019999999999999998
2015-06-25,False,IVV,0.0137391489826173,IEF,-0.035615699889339436,-0.00019999999999999998
2015-06-26,False,VOO,0.009522222613165487,IEF,-0.03563885312905579,-0.00019999999999999998
2015-06-29,False,VOO,-0.017219729374553627,IEF,-0.02200156511358964,-9.999999999999999e-05
2015-06-30,False,SPY,-0.010492947254961305,IEF,-0.031033954858387225,-0.0001
2015-07-01,True,VOO,-0.004512926207630552,IEF,-0.03387523906327028,-0.00019999999999999998
2015-07-02,True,IVV,-0.010178547136271976,IEF,-0.031780485268448566,-0.0001
2015-07-06,True,SPY,-0.01278775047716263,IEF,-0.032382632074773654,0.0
2015-07-07,True,SPY,0.005176189010890342,IEF,-0.02635973034232797,-9.999999999999999e-05
2015-07-08,False,SPY,-0.020589066662860755,IEF,-0.030979143438843226,0.0
2015-07-09,False,SPY,-0.018126413893919335,IEF,-0.03653371048018006,9.999999999999999e-05
2015-07-10,True,VOO,-0.010185464711107484,IEF,-0.03506753097267079,-0.0001
2015-07-13,True,SPY,-0.0017761913274066954,IEF,-0.039231771774436375,0.0001
2015-07-14,True,IVV,0.0003374808017881925,IEF,-0.032659386818325586,-0.0001
2015-07-15,True,IVV,0.003917566633030223,GBF,-0.01886572007883791,0.0
2015-07-16,False,SPY,0.00883089255812286,GBF,-0.019956319021590008,0.0001
2015-07-17,False,SPY,0.013953465223656814,GBF,-0.01593634747967876,0.00019999999999999998
2015-07-20,False,IVV,0.024791273496868715,GBF,-0.019072255482547096,0.0003
2015-07-21,False,SPY,0.009845823537707021,GBF,-0.019160042357667217,9.999999999999999e-05
2015-07-22,False,IVV,0.004725257067825783,GBF,-0.014817937568484707,0.0003
2015-07-23,False,SPY,0.010851106814991462,GBF,-0.0064429264448440104,9.999999999999999e-05
2015-07-24,False,SPY,0.004403222781360405,GBF,-0.01166455293679336,0.0002
2015-07-27,False,IVV,-0.005422423446323266,GBF,-0.0068666706725010185,0.00030000000000000003
2015-07-28,False,SPY,-0.006082881449867461,GBF,-0.00801981354435155,0.00030000000000000003
2015-07-29,False,IVV,0.005528405311359785,GBF,-0.013809980227897811,0.00039999999999999996
2015-07-30,False,SPY,0.008906176123830711,GBF,-0.015558359330644644,0.0005
2015-07-31,False,VOO,0.006886927125349329,GBF,-0.015613527713083775,0.0006
2015-08-03,False,IVV,-0.006894450466654045,GBF,-0.0082664839282246,0.0005
2015-08-04,False,IVV,-0.009984238647087196,GBF,-0.011467576782794975,0.0006
2015-08-05,True,SPY,-0.009260437523598286,GBF,-0.00847904546072209,0.0006
2015-08-06,True,SPY,-0.017189833219592887,GBF,-0.005286395633252838,0.0002
2015-08-07,True,SPY,-0.01852711037922883,GBF,-0.004901462370810017,0.0005
2015-08-10,True,IVV,-0.008835653101731844,GBF,-0.005171645237019962,0.001
2015-08-11,False,IVV,-0.015711648134521194,GBF,0.005827634502354018,0.0009000000000000001
2015-08-12,False,VOO,-0.004042801836926846,GBF,0.0030040551811010285,0.0008
2015-08-13,True,IVV,-0.014379789957553735,GBF,-0.0023695679450862484,0.0008
2015-08-14,True,SPY,-0.009776028711319995,BND,-0.0028433007576439406,0.0006
2015-08-17,True,SPY,0.0021258332761668886,GBF,-0.002014596852164652,0.0007000000000000001
2015-08-18,True,SPY,-0.002903199406754653,GBF,-0.0026342955803275725,0.0004000000000000001
2015-08-19,False,SPY,-0.00975724928155386,GBF,-0.001747240704815467,0.0
2015-08-20,True,IVV,-0.03335028625912406,BND,-0.0009803411208660906,-0.00030000000000000003
2015-08-21,True,VOO,-0.05609749955350096,GBF,-0.006549560572320368,0.0
2015-08-24,True,IVV,-0.09284384354717057,BND,-0.002768611174494562,0.0003
2015-08-25,True,VOO,-0.09818162039355971,GBF,-0.011725864662494256,0.0006000000000000001
2015-08-26,True,IVV,-0.06219102084623496,GBF,-0.016631787588051172,0.0003
2015-08-27,True,SPY,-0.0513218372794223,GBF,-0.016413138020061724,0.00039999999999999996
2015-08-28,True,SPY,-0.05403479278339063,GBF,-0.016127676098196986,0.00019999999999999998
2015-08-31,True,VOO,-0.05484962951214445,GBF,-0.012290050809094955,0.0005
2015-09-01,True,VOO,-0.07945296990055939,GBF,-0.013592884977534525,-0.00010000000000000002
2015-09-02,True,IVV,-0.06643422188550174,GBF,-0.014279107671615443,-0.00010000000000000002
2015-09-03,True,VOO,-0.06716551167431795,GBF,-0.015186659574818795,-9.999999999999999e-05
2015-09-04,True,VOO,-0.09062751534404556,GBF,-0.015639738109961554,-9.999999999999999e-05
2015-09-08,True,SPY,-0.06332716664295357,GBF,-0.020556294158956323,0.00039999999999999996
2015-09-09,True,IVV,-0.08101710850951527,GBF,-0.01895021552313969,9.999999999999999e-05
2015-09-10,True,IVV,-0.07652251093926843,GBF,-0.019484488797438138,-9.999999999999999e-05
2015-09-11,True,VOO,-0.06579629053984015,GBF,-0.017942762079320662,0.0002
2015-09-14,True,VOO,-0.06641721234798703,GBF,-0.01818568119265984,0.0004000000000000001
2015-09-15,True,IVV,-0.05469526921437895,GBF,-0.01915204049122321,0.0004000000000000001
2015-09-16,True,SPY,-0.025940526597554636,GBF,-0.02089949810659608,0.00039999999999999996
2015-09-17,True,IVV,-0.030498986584307164,GBF,-0.014814644069448102,-0.00019999999999999998
2015-09-18,True,IVV,-0.05406052480367729,GBF,-0.014595719420362752,-0.0001
2015-09-21,True,IVV,-0.04794093676590372,GBF,-0.0196658907900098,-0.0001
2015-09-22,True,IVV,-0.05744087675447507,GBF,-0.01550100737296689,-0.0001
2015-09-23,True,VOO,-0.06490761896514374,GBF,-0.01852025345684505,0.0
2015-09-24,True,IVV,-0.05214053160989518,GBF,-0.015726271243275414,-0.00019999999999999998
2015-09-25,True,IVV,-0.05446468277066541,GBF,-0.016834173360662397,-0.00019999999999999998
2015-09-28,True,IVV,-0.08968553644299959,GBF,-0.011576748063401254,-0.00019999999999999998
2015-09-29,True,IVV,-0.0994612524175178,GBF,-0.010858340721324411,-0.00019999999999999998
2015-09-30,True,SPY,-0.0859743395460143,GBF,-0.01264349736919368,-0.0003
2015-10-01,True,SPY,-0.08300648671405197,GBF,-0.011517871576485428,-0.0002
2015-10-02,True,IVV,-0.07673169186215267,GBF,-0.005191439545010446,-0.0002
2015-10-05,True,VOO,-0.06121199795340515,GBF,-0.0011472734866854184,0.0
2015-10-06,True,IVV,-0.06490428579140595,GBF,-0.001500093197911001,-0.0001
2015-10-07,False,IVV,-0.053519600016377455,GBF,0.002907305862620335,-0.0001
2015-10-08,False,VOO,-0.043004402752095494,GBF,0.0016584550617124716,-0.0002
2015-10-09,False,IVV,-0.03707465571428736,GBF,0.0031719629143316386,0.0
2015-10-12,False,IVV,-0.02599365905464268,BND,0.00887511760613835,-0.0001
2015-10-13,False,VOO,-0.026629244573149302,GBF,0.005645483967580134,0.0
2015-10-14,False,IVV,-0.043224035032219166,GBF,0.008389141717669801,0.0
2015-10-15,False,VOO,-0.035284297282016874,BND,0.011708719700647574,-0.0001
2015-10-16,False,VOO,-0.031533122005437786,BND,0.012574181019149977,-0.00019999999999999998
2015-10-19,False,IVV,-0.02894349497691573,GBF,0.013018297707918514,0.0
2015-10-20,False,IVV,-0.027060027992352298,BND,0.009490781039836804,0.0001
2015-10-21,False,VOO,-0.0313654757098254,BND,0.0072850545526781385,-0.0001
2015-10-22,False,IVV,-0.018489842292403247,BND,0.012693048124352346,-0.0001
2015-10-23,False,VOO,0.0002958101572552163,BND,0.012328191119886922,-0.0001
2015-10-26,False,VOO,0.00054633057449327,BND,0.013439012105023407,0.0
2015-10-27,False,SPY,-0.014087596734094321,BND,0.01047604116758194,9.999999999999999e-05
2015-10-28,False,IVV,0.006489527280523655,BND,0.008260234539586131,0.0002
2015-10-29,False,IVV,0.0050050820291061004,GBF,0.0015378761652737882,0.0005
2015-10-30,False,IVV,0.0014595180498311322,GBF,0.0030890070696782956,0.0007000000000000001
2015-11-02,False,VOO,0.009479783043605305,GBF,0.000718802434717114,0.0007000000000000001
2015-11-03,False,IVV,0.0068133850730869305,GBF,-0.0022766958989945962,0.0005
2015-11-04,False,IVV,0.007054874054899685,GBF,-0.0014573281942186211,0.00030000000000000003
2015-11-05,False,IVV,0.013976392638311186,GBF,0.0034504830040420487,0.0004
2015-11-06,False,SPY,0.035003604561063106,BND,0.0051862539775529015,0.0006
2015-11-09,False,IVV,0.05818248646016011,GBF,-0.0007181600650701947,0.0012000000000000001
2015-11-10,False,VOO,0.10636480699072748,GBF,0.004279631043490051,0.001
2015-11-11,False,SPY,0.11541376197066855,GBF,0.0023952783400305044,0.00115
2015-11-12,False,SPY,0.05775415048268884,GBF,0.006096935901920064,0.0012000000000000001
2015-11-13,False,VOO,0.021521856837172226,GBF,0.012420567178818676,0.0012000000000000001
2015-11-16,False,VOO,0.03720202752703217,GBF,0.0072747628124658625,0.0013999999999999998
2015-11-17,False,IVV,0.0450436176464013,GBF,0.006523457351427231,0.0012000000000000001
2015-11-18,False,SPY,0.09419698404400867,GBF,0.006885591250451073,0.001
2015-11-19,False,IVV,0.07275784391799167,GBF,0.007780395457404277,0.001
2015-11-20,False,SPY,0.07547776006991036,GBF,0.007331409759975482,0.0011
2015-11-23,False,SPY,0.09131291441743428,BND,0.008666854640567712,0.0013
2015-11-24,False,IVV,0.06555881164087185,GBF,0.005727045210240034,0.0015
2015-11-25,False,SPY,0.08044401651483835,GBF,0.010022346101961288,0.0018
2015-11-27,False,SPY,0.07566273283867009,GBF,0.013899379771585618,0.0017
2015-11-30,False,IVV,0.06629417197742216,BND,0.011649298190859136,0.0021
2015-12-01,False,SPY,0.08069431006514671,BND,0.016846362039057095,0.002
2015-12-02,False,VOO,0.05611402281730782,BND,0.01748014194940084,0.002
2015-12-03,False,VOO,0.03207080121727879,BND,0.0045105294706908605,0.0019
2015-12-04,False,VOO,0.05509211615554399,GBF,0.00820109501489874,0.0022
2015-12-07,False,VOO,0.06567708225285629,GBF,0.012875947293710999,0.0027999999999999995
2015-12-08,False,VOO,0.05347029428095307,GBF,0.010043058412650518,0.0026
2015-12-09,False,IVV,0.05891215383234205,BND,0.00757918248684053,0.0024000000000000002
2015-12-10,False,IVV,0.06336833631855221,GBF,0.0024025908116251937,0.0022
2015-12-11,False,VOO,0.045793758480325186,GBF,0.004092073054347001,0.0021000000000000003
2015-12-14,False,SPY,0.05200394047804391,GBF,0.004801229488115899,0.0023
2015-12-15,False,IVV,0.09089466165811699,GBF,0.00793783127307468,0.0024
2015-12-16,False,VOO,0.105974477958237,GBF,0.007036157499811679,0.0025
2015-12-17,False,SPY,0.06926248760373888,GBF,0.009172074404412145,0.0022
2015-12-18,False,IVV,0.04647070999792913,GBF,0.007234014127177835,0.0017000000000000001
2015-12-21,False,IVV,0.040240730351404075,GBF,0.007382478972618678,0.0022
2015-12-22,False,IVV,0.0312092976655598,GBF,0.0043500253010182455,0.0018
2015-12-23,False,VOO,0.047450169857638835,GBF,0.005394855949744981,0.0016
2015-12-24,False,VOO,0.03692863605004404,GBF,0.006540612541122259,0.0017000000000000001
2015-12-28,False,IVV,0.025571782854936886,GBF,0.006042209975166912,0.0019
2015-12-29,False,SPY,0.03638926997877667,GBF,-0.0016996280476990755,0.002
2015-12-30,False,VOO,0.027677771137454954,GBF,-0.0025472046522218017,0.0017
2015-12-31,False,IVV,0.02415434510399117,GBF,-0.002280531788286133,0.0011
2016-01-04,False,VOO,0.01471369349821039,GBF,0.0006035344945922727,0.0017
2016-01-05,False,SPY,0.0011350016278728337,GBF,0.001843325966080167,0.0014000000000000002
2016-01-06,False,SPY,-0.015967489205204966,GBF,0.0025257778131806408,0.0013999999999999998
2016-01-07,False,VOO,-0.040284024807490715,GBF,0.0018809446551888431,0.0012000000000000001
2016-01-08,False,SPY,-0.04936987288083883,GBF,0.0020941721637204314,0.0012000000000000001
2016-01-11,True,VOO,-0.042930151574896214,GBF,0.000977069872620584,0.0013
2016-01-12,True,VOO,-0.051401227234858626,GBF,0.006766994278768257,0.0013
2016-01-13,True,VOO,-0.08457468381546651,BND,0.00973681878376631,0.0018
2016-01-14,True,IVV,-0.06771254595361587,GBF,0.0057879706097332395,0.0019
2016-01-15,False,VOO,-0.085709952982581,GBF,0.008825072558721558,0.0012
2016-01-19,False,IVV,-0.09524897558331125,GBF,0.00245654185909161,0.0016
2016-01-20,False,SPY,-0.10587149791625394,GBF,0.0024198340027923315,0.0016
2016-01-21,False,SPY,-0.09671134382345847,GBF,0.006365938710818808,0.0018000000000000002
2016-01-22,False,IVV,-0.0890128515476184,GBF,0.0035633434850854684,0.0022
2016-01-25,False,SPY,-0.1053243528545591,GBF,0.004857558951068652,0.0021
2016-01-26,False,IVV,-0.09063955078475172,GBF,0.005879836399776517,0.0024
2016-01-27,False,VOO,-0.0996774852673945,BND,0.006036605159247532,0.0027
2016-01-28,False,VOO,-0.09439302098632651,GBF,0.0042237266168339005,0.0032999999999999995
2016-01-29,False,IVV,-0.06354514996921135,GBF,0.0053815381901405335,0.0030000000000000005
2016-02-01,True,IVV,-0.06591843400158204,GBF,0.0006563363816016743,0.0029
2016-02-02,True,IVV,-0.07921010225716774,BND,0.012277662052992744,0.0027
2016-02-03,True,IVV,-0.06108167024866984,GBF,0.014882603280414575,0.0027
2016-02-04,True,VOO,-0.048597156314264645,GBF,0.01471164163103822,0.0023
2016-02-05,False,IVV,-0.08080792806755899,GBF,0.014357393995952705,0.0024
2016-02-08,False,VOO,-0.09212658667841167,BND,0.020983225400697636,0.0024
2016-02-09,False,IVV,-0.10668543502053773,BND,0.018377024981050427,0.0027
2016-02-10,False,VOO,-0.10635325437662191,BND,0.02123911717712801,0.0028000000000000004
2016-02-11,False,IVV,-0.12138504071337686,BND,0.021107591044374985,0.0026
2016-02-12,False,VOO,-0.10202612842978198,BND,0.015264078758551403,0.0027999999999999995
2016-02-16,False,VOO,-0.08844121399892935,BND,0.016267042113934593,0.0024
2016-02-17,False,VOO,-0.07322177975419553,GBF,0.01623355898048695,0.0027
2016-02-18,False,VOO,-0.0780644368689497,GBF,0.020968394404619062,0.0027999999999999995
2016-02-19,False,IVV,-0.07459633257362397,BND,0.018378792633615637,0.0027
2016-02-22,False,IVV,-0.07033906180634564,BND,0.018377024981050427,0.0026
2016-02-23,False,SPY,-0.07214829026326564,BND,0.023268028327392942,0.0025
2016-02-24,False,SPY,-0.05466544789747285,BND,0.024647333914598946,0.0027
2016-02-25,False,IVV,-0.06163076077909824,BND,0.020355006438365297,0.0031
2016-02-26,False,SPY,-0.05797127787644507,GBF,0.01592404908862677,0.0032
2016-02-29,False,VOO,-0.05957192997614902,BND,0.02085935776589154,0.0032
2016-03-01,False,SPY,-0.02936601801659655,GBF,0.013758746846584735,0.0032
2016-03-02,False,SPY,-0.027515559756990604,GBF,0.013661645902836694,0.0034999999999999996
2016-03-03,False,SPY,-0.004408087580177411,BND,0.015084637520838662,0.0027
2016-03-04,False,IVV,-0.006653977312281234,BND,0.016455603977441724,0.0027999999999999995
2016-03-07,False,VOO,-0.01576136621896984,BND,0.013595242436104105,0.0031
2016-03-08,False,SPY,-0.04051467870060321,GBF,0.014547790509354952,0.0027999999999999995
2016-03-09,False,IVV,-0.021039076152132186,BND,0.012481219090108242,0.003
2016-03-10,False,SPY,-0.002399795020497364,BND,0.011440464947043871,0.0032
2016-03-11,False,SPY,0.005404844548018817,BND,0.006267817568873069,0.0033
2016-03-14,False,SPY,-0.004914004914007286,GBF,0.009203119718409258,0.0033
2016-03-15,False,SPY,-0.01868751577517147,GBF,0.008935451599458633,0.0034000000000000002
2016-03-16,False,SPY,-0.011376915597041681,GBF,0.0130283241856195,0.0031
2016-03-17,False,SPY,-0.00282634861848996,BND,0.017870251094974643,0.0029
2016-03-18,False,SPY,-0.009500438765671082,BND,0.018860372541552373,0.0029
2016-03-21,False,SPY,-0.0010144647505108129,GBF,0.01480323373683956,0.003
2016-03-22,False,SPY,0.008537432497591091,GBF,0.012225001924646595,0.0029
2016-03-23,False,SPY,0.016085953392238395,GBF,0.010826947161401979,0.0029
2016-03-24,False,SPY,0.013920973083470178,GBF,0.012824245425199887,0.0029
2016-03-28,False,SPY,0.027480873549709628,GBF,0.011161696506921004,0.0027999999999999995
2016-03-29,False,SPY,0.06247563034877013,GBF,0.018052013259443722,0.0021000000000000003
2016-03-30,False,SPY,0.07898099446099982,GBF,0.018559442111866442,0.0018000000000000002
2016-03-31,False,SPY,0.0752978056740734,GBF,0.017153611265531943,0.002
2016-04-01,False,SPY,0.07395766791551361,GBF,0.01831415536373182,0.0022
2016-04-04,False,SPY,0.09786159645992298,GBF,0.021709730919404535,0.0022
2016-04-05,False,SPY,0.06934110204363164,BND,0.02280858853028489,0.0021000000000000003
2016-04-06,False,SPY,0.10473393694780819,GBF,0.01989724628555445,0.002
2016-04-07,False,SPY,0.09006378204819931,GBF,0.02704534713084894,0.0019
2016-04-08,False,VOO,0.10718143845944184,GBF,0.03036942972592871,0.0016
2016-04-11,False,SPY,0.09843996464468563,GBF,0.02814590496408531,0.0015000000000000002
2016-04-12,False,SPY,0.08638204056016008,GBF,0.02880958593681937,0.0014000000000000002
2016-04-13,False,SPY,0.1141984426786391,GBF,0.03089775957713803,0.0017000000000000001
2016-04-14,False,SPY,0.09925470188023788,BND,0.029967511722730045,0.0017
2016-04-15,False,SPY,0.11012097109974528,BND,0.03423522393937306,0.0017
2016-04-18,False,SPY,0.11212821462207567,BND,0.03795115965150653,0.0014000000000000002
2016-04-19,False,VOO,0.08889827544316953,BND,0.03947555284822579,0.0006999999999999998
2016-04-20,False,SPY,0.09051893571740699,BND,0.035445283990515275,0.001
2016-04-21,False,SPY,0.10456022687040267,BND,0.03406786282815033,0.00095
2016-04-22,False,SPY,0.09797790834283249,BND,0.03356530845234995,0.0009
2016-04-25,False,SPY,0.09437015550745231,BND,0.030406410461252253,0.0010999999999999998
2016-04-26,False,SPY,0.11728076998556936,BND,0.028909995487812257,0.0009
2016-04-27,False,SPY,0.13485673586884173,BND,0.030883371996579312,0.0009999999999999998
2016-04-28,False,SPY,0.12449644055910936,BND,0.033260937902732435,0.001
2016-04-29,False,SPY,0.119391244303237,BND,0.032608795649546884,0.0011
2016-05-02,False,SPY,0.14315892193732127,BND,0.031046795825408147,0.001
2016-05-03,False,SPY,0.11031851108922708,BND,0.03353395895122824,0.0006999999999999998
2016-05-04,False,SPY,0.08579847945916574,BND,0.033526458379875335,0.0003
2016-05-05,False,SPY,0.06813889264843076,BND,0.035268724333539225,0.00010000000000000009
2016-05-06,False,SPY,0.0764563013380315,BND,0.03426135839544742,0.00010000000000000009
2016-05-09,False,SPY,0.07785082110232944,BND,0.03551797646411248,0.0001999999999999999
2016-05-10,False,SPY,0.07567770678907948,BND,0.031623173898068124,0.0003
2016-05-11,False,SPY,0.0792454439910324,BND,0.03314007900884919,0.0005000000000000001
2016-05-12,False,SPY,0.07464182551659593,GBF,0.040619219116786454,0.0006000000000000003
2016-05-13,False,SPY,0.0525291900677185,BND,0.0383404633862221,0.0005999999999999997
2016-05-16,False,VOO,0.06518148197480533,BND,0.03430729394228327,-9.999999999999953e-05
2016-05-17,False,SPY,0.06376330771735983,BND,0.03330526932296607,0.00010000000000000009
2016-05-18,False,VOO,0.039543723532236896,GBF,0.028699025036404535,0.0003999999999999998
2016-05-19,False,SPY,0.03140038472201834,BND,0.030076569950885812,0.0007000000000000001
2016-05-20,False,SPY,0.03386380266195421,BND,0.027291552802192198,0.001
2016-05-23,False,SPY,0.029106823936519977,BND,0.032361234668915495,0.0008999999999999997
2016-05-24,False,SPY,0.04161486708776141,BND,0.033009776355909626,0.0009999999999999998
2016-05-25,False,SPY,0.06025591498026106,BND,0.033784887893965054,0.0006
2016-05-26,False,SPY,0.05534691047990958,BND,0.033362756247955705,0.0007999999999999999
2016-05-27,False,VOO,0.058974963936411884,BND,0.03068446525397439,0.0013
2016-05-31,False,SPY,0.04023301077645103,BND,0.03271446268165601,0.0010000000000000002
2016-06-01,False,SPY,0.04370299452844795,BND,0.034482021384535155,0.0009
2016-06-02,False,SPY,0.04858854054517958,BND,0.03635746002603457,0.0008999999999999997
2016-06-03,False,IVV,0.03905154053271498,BND,0.042090009142055296,0.0009999999999999998
2016-06-06,False,VOO,0.03802287941793381,BND,0.04046447877022419,0.0005000000000000001
2016-06-07,False,IVV,0.035651805289009575,BND,0.04381915805212877,0.0005000000000000001
2016-06-08,False,IVV,0.03745499776864358,BND,0.04442513828471717,0.0003
2016-06-09,False,SPY,0.036761850183441025,BND,0.04335676718013293,0.001
2016-06-10,False,VOO,0.03347100788499979,BND,0.04481039193789904,0.0004000000000000001
2016-06-13,False,IVV,0.02615339406405881,BND,0.043832287578776885,0.0007000000000000001
2016-06-14,False,VOO,0.023440433406640482,BND,0.03907886407553418,0.0006000000000000003
2016-06-15,False,IVV,0.012169106952391484,BND,0.041315245947596724,0.0006
2016-06-16,False,IVV,0.011200695215566103,BND,0.04115284151396015,0.0007000000000000001
2016-06-17,False,IVV,0.009726590854098216,BND,0.04402810289179371,0.0006000000000000003
2016-06-20,False,SPY,0.009739973201020158,BND,0.03896146249700716,0.0007000000000000003
2016-06-21,False,SPY,0.01589561298805564,BND,0.035041495023881986,0.0005000000000000001
2016-06-22,False,IVV,0.024389451964193398,BND,0.036688234365464645,0.00020000000000000017
2016-06-23,False,SPY,0.026600350200709277,IEF,0.032509278471229974,0.0007000000000000001
2016-06-24,False,SPY,0.001722588561517302,BND,0.040030604119931645,0.00010000000000000009
2016-06-27,False,IVV,-0.01943257956672584,BND,0.04421832980638962,0.00010000000000000009
2016-06-28,False,SPY,0.0011817371164990487,BND,0.04610232146042925,-0.00020000000000000017
2016-06-29,False,IVV,0.00854594402902542,BND,0.04611552008604769,-0.0004999999999999999
2016-06-30,False,IVV,0.011487489363253056,BND,0.04748234164691478,-0.0004999999999999999
2016-07-01,False,IVV,0.01441771704069228,BND,0.04884651941449114,-0.0002999999999999997
2016-07-05,False,SPY,0.008269884196236088,BND,0.05245165738569191,-0.0003999999999999998
2016-07-06,False,SPY,0.0072397149721457055,BND,0.05354010483262672,-0.0007999999999999996
2016-07-07,False,IVV,0.0033789792221896597,BND,0.04871236314339744,-0.00040000000000000034
2016-07-08,False,SPY,0.017422372875551373,BND,0.053571276521791944,-0.0006999999999999996
2016-07-11,False,SPY,0.026531856722609604,IEF,0.041666404899513676,-0.00030000000000000024
2016-07-12,False,SPY,0.03398793686437385,IEF,0.03663741720507896,-0.00040000000000000034
2016-07-13,False,VOO,0.03549778385798641,IEF,0.03684363676078317,0.00020000000000000017
2016-07-14,False,SPY,0.039864876406684235,IEF,0.03120710561569484,0.00020000000000000017
2016-07-15,False,VOO,0.03627941841514026,IEF,0.019642058199195622,0.0
2016-07-18,False,IVV,0.0483554255240457,IEF,0.019184393586607396,0.00020000000000000017
2016-07-19,False,IVV,0.05285275327392691,IEF,0.018876712677284413,0.0
2016-07-20,False,IVV,0.04911618342419688,IEF,0.012134219625546283,0.0003999999999999998
2016-07-21,False,VOO,0.05446181927604421,IEF,0.022191642512743526,0.00020000000000000017
2016-07-22,False,SPY,0.06518917071218211,IEF,0.024428942984424218,0.00030000000000000024
2016-07-25,False,SPY,0.06250345649321787,IEF,0.026119568094256085,0.00020000000000000017
2016-07-26,False,SPY,0.05911851890670605,IEF,0.02202139655297297,0.00010000000000000009
2016-07-27,False,IVV,0.05703438816628892,IEF,0.02639758094499256,0.0
2016-07-28,False,SPY,0.04534408426480141,IEF,0.027968013184422436,-0.0008000000000000001
2016-07-29,False,SPY,0.05691907928674489,IEF,0.029839663305007758,-0.0003999999999999998
2016-08-01,False,IVV,0.05532001339417114,IEF,0.026272184679368538,-0.00040000000000000034
2016-08-02,False,SPY,0.05819302943430671,IEF,0.020763890357243797,-0.00030000000000000024
2016-08-03,False,SPY,0.05091827187369624,IEF,0.026305498437237285,-0.0004999999999999999
2016-08-04,False,IVV,0.061680412942092255,IEF,0.027098030575163357,-0.0007000000000000001
2016-08-05,False,IVV,0.07001456319815547,IEF,0.02873762374699651,-0.0004999999999999999
2016-08-08,False,IVV,0.07323215489934443,IEF,0.029972274015525047,-0.0004999999999999999
2016-08-09,False,SPY,0.06729922535278177,IEF,0.03242938338942758,9.999999999999953e-05
2016-08-10,False,SPY,0.06611033505715325,IEF,0.03869947913339744,-9.999999999999953e-05
2016-08-11,False,SPY,0.05735211321400069,IEF,0.03580292017195719,-0.0003999999999999998
2016-08-12,False,SPY,0.04931575128659871,IEF,0.033523813637329036,0.0
2016-08-15,False,SPY,0.05204013745105618,IEF,0.034550411864307184,0.00010000000000000009
2016-08-16,False,SPY,0.0421336719106602,IEF,0.03650133765463104,-0.0004999999999999999
2016-08-17,False,VOO,0.04569620718084555,IEF,0.04113816237888979,-0.00030000000000000024
2016-08-18,False,VOO,0.04624541056924847,BND,0.04053735111877854,-0.00040000000000000034
2016-08-19,False,IVV,0.041527867668959884,IEF,0.0388904703709656,-0.00040000000000000034
2016-08-22,False,VOO,0.04457414844846874,IEF,0.03576895101845001,-0.00020000000000000017
2016-08-23,False,IVV,0.04111733539419915,IEF,0.03453793492457424,0.00010000000000000009
2016-08-24,False,SPY,0.034522015365204384,IEF,0.03237171270276429,0.00010000000000000009
2016-08-25,False,VOO,0.030360590411017352,IEF,0.03364401248723725,0.00020000000000000017
2016-08-26,False,SPY,0.029916416153998426,IEF,0.03184799616672751,0.00040000000000000034
2016-08-29,False,IVV,0.044771780678139805,IEF,0.03136711874708342,0.00030000000000000024
2016-08-30,False,VOO,0.05118033287552537,IEF,0.032313883565638246,0.00030000000000000024
2016-08-31,False,SPY,0.050351687129970735,IEF,0.02960587310211671,0.00040000000000000034
2016-09-01,False,SPY,0.051866203737482186,IEF,0.02429046551440761,0.001
2016-09-02,False,SPY,0.05346413882507317,IEF,0.02302719929349606,0.0013
2016-09-06,False,SPY,0.06057522156545869,IEF,0.02407233611579973,0.0011
2016-09-07,False,SPY,0.05369251228215299,IEF,0.0249149656888612,0.0011
2016-09-08,False,SPY,0.04831123058615372,IEF,0.01868312565234964,0.0011999999999999997
2016-09-09,False,SPY,0.02489184454901272,IEF,0.009812895883997585,0.0011999999999999997
2016-09-12,False,SPY,0.026232142936597924,IEF,0.012918468072010025,0.0013999999999999998
2016-09-13,False,VOO,0.04879395368782036,IEF,0.004000014076592784,0.0012999999999999997
2016-09-14,False,SPY,0.0678857093821934,IEF,0.007810545905644561,0.001
2016-09-15,False,IVV,0.05939915843037058,IEF,0.008264956823978542,0.0005999999999999997
2016-09-16,False,IVV,0.037632338787292996,IEF,0.013377696055205668,0.0007999999999999999
2016-09-19,False,SPY,0.02392724362344545,IEF,0.010912012297219498,0.0006999999999999998
2016-09-20,False,SPY,0.02182889493608897,IEF,0.01484974987331622,0.0007999999999999999
2016-09-21,False,IVV,0.04064109902690638,IEF,0.01346037775697595,0.0
2016-09-22,False,VOO,0.04098015700157487,IEF,0.017478922571148692,-0.0004000000000000001
2016-09-23,False,SPY,0.03605861189819115,IEF,0.01959649705524824,-0.0003
2016-09-26,False,VOO,0.012459647009838593,BND,0.025557192915185434,0.0001999999999999999
2016-09-27,False,IVV,0.014905665100089172,BND,0.028016729950240293,0.0003
2016-09-28,False,SPY,0.012973497478090401,BND,0.02838951493632136,0.0004000000000000001
2016-09-29,False,SPY,0.0039489411403497154,BND,0.029756312807150076,0.00010000000000000009
2016-09-30,False,SPY,0.0059084538416736,BND,0.02990751430071792,0.0004999999999999999
2016-10-03,False,IVV,0.0044715694595016675,IEF,0.025175435913104893,0.0008000000000000001
2016-10-04,False,SPY,-0.002963354586943745,IEF,0.01696100021267921,0.0011
2016-10-05,False,SPY,0.002467885813536963,IEF,0.015038692631526462,0.001
2016-10-06,False,SPY,-0.0009936298175963199,IEF,0.015874415794867813,0.0011
2016-10-07,False,IVV,-0.000748492297526826,IEF,0.011343319935952723,0.0012000000000000003
2016-10-10,False,VOO,-0.00030464748147895904,IEF,0.00686463615129429,0.0014999999999999992
2016-10-11,False,VOO,-0.010066133682782419,IEF,0.0038622795551088718,0.0014999999999999996
2016-10-12,False,IVV,-0.009034726472647026,IEF,0.00622623384081078,0.0018
2016-10-13,False,VOO,-0.011289685190913112,IEF,0.006409865452727814,0.0006
2016-10-14,False,IVV,-0.012166791118101927,IEF,0.003496051491542085,0.0008000000000000001
2016-10-17,False,IVV,-0.01692761045860447,IEF,0.004137894774754125,0.0008000000000000001
2016-10-18,False,SPY,-0.009893070295005413,IEF,0.008870326523022776,0.0007000000000000001
2016-10-19,False,IVV,-0.001369784618759362,IEF,0.00550326744601759,0.0006
2016-10-20,False,IVV,-0.006018783180569254,IEF,0.008231990360283215,0.0006999999999999996
2016-10-21,False,IVV,-0.006470311865887424,IEF,0.01069782734751823,0.0006
2016-10-24,False,SPY,-0.010084414889115378,IEF,0.01753623756284428,0.00030000000000000024
2016-10-25,False,SPY,-0.012813024024576292,IEF,0.01633078001841004,0.00030000000000000024
2016-10-26,False,SPY,-0.015381994993733827,IEF,0.013477232049457388,0.0
2016-10-27,False,SPY,-0.015571343800794946,IEF,0.009342124369126514,-0.0004999999999999999
2016-10-28,False,VOO,-0.023199348871904002,IEF,0.011184915866777612,-0.0004999999999999999
2016-10-31,False,IVV,-0.0224200951343676,IEF,0.01247470746955881,0.00010000000000000009
2016-11-01,False,IVV,-0.032007052777846434,IEF,0.009373839945974405,0.0003999999999999998
2016-11-02,False,VOO,-0.03323524474767259,IEF,0.014344267076089379,0.0004999999999999999
2016-11-03,False,SPY,-0.03906766288461627,IEF,0.012499223441365226,0.0003999999999999998
2016-11-04,False,IVV,-0.042771172229603915,IEF,0.0159624094400308,0.0008000000000000001
2016-11-07,False,IVV,-0.020028630411525694,IEF,0.008602570141332144,0.0012
2016-11-08,True,SPY,-0.015257297425409155,IEF,-0.004216315642078805,0.0013
2016-11-09,True,SPY,-0.006816747785274746,IEF,-0.016809751810131335,0.0017
2016-11-10,True,IVV,0.000304614004140058,IEF,-0.02413938174278696,0.0019999999999999996
2016-11-11,True,SPY,-0.0008381417293675808,IEF,-0.02728115750118021,0.0027500000000000003
2016-11-14,True,IVV,0.001578846402216394,IEF,-0.03439148514814894,0.0029000000000000002
2016-11-15,False,VOO,0.004633577471868211,IEF,-0.03777046514628435,0.0025
2016-11-16,False,SPY,0.004471944725039867,IEF,-0.038764422428675616,0.0019999999999999996
2016-11-17,False,VOO,0.01208544463998873,IEF,-0.04274535028612514,0.0017
2016-11-18,False,SPY,0.010203251845194883,IEF,-0.0498781814545084,0.0018
2016-11-21,False,IVV,0.013174450071294697,IEF,-0.050086824265182295,0.0019
2016-11-22,False,IVV,0.011459812354450039,IEF,-0.04595450870196682,0.0021999999999999997
2016-11-23,False,IVV,0.012738290905381477,IEF,-0.0452775962456643,0.0023
2016-11-25,False,IVV,0.018837972749495613,IEF,-0.0439436486666952,0.0021999999999999997
2016-11-28,False,SPY,0.039000947792408924,IEF,-0.04148878862862526,0.0020999999999999994
2016-11-29,False,IVV,0.026180216075909257,IEF,-0.035898114986013474,0.0017
2016-11-30,False,IVV,0.03820684133613139,IEF,-0.055415202843314026,0.0020999999999999994
2016-12-01,False,IVV,0.03503674040549187,IEF,-0.06707472326316921,0.0020999999999999994
2016-12-02,False,IVV,0.025499015776335288,IEF,-0.06272158034545627,0.0023
2016-12-05,False,IVV,0.0357462221714111,IEF,-0.059253856423011064,0.0023
2016-12-06,False,SPY,0.03884538140020943,IEF,-0.060978964425779214,0.0023
2016-12-07,False,VOO,0.05220186763279755,IEF,-0.06032933268141738,0.0024
2016-12-08,False,IVV,0.04312984318645352,IEF,-0.06899515521826238,0.0023
2016-12-09,False,SPY,0.04295976747728969,IEF,-0.07394014042223096,0.0027
2016-12-12,False,SPY,0.047502174927029905,IEF,-0.07253981710577562,0.0022
2016-12-13,False,SPY,0.06310674796707838,IEF,-0.07380187343440137,0.0026
2016-12-14,False,SPY,0.04782668119503475,IEF,-0.07663190841343981,0.0024000000000000007
2016-12-15,False,VOO,0.046487084129059886,IEF,-0.07372930161666857,0.0022
2016-12-16,False,SPY,0.054448157169446176,IEF,-0.07494992004230017,0.002
2016-12-19,False,VOO,0.04856812119382359,IEF,-0.06677789175665072,0.002
2016-12-20,False,SPY,0.055412717941199174,IEF,-0.0651718487818953,0.002
2016-12-21,False,SPY,0.0578686991957853,IEF,-0.06339123690433113,0.002
2016-12-22,False,SPY,0.051388663998188644,IEF,-0.06630213781287053,0.002
2016-12-23,False,IVV,0.051603209300552955,IEF,-0.06348319411738046,0.002
2016-12-27,False,SPY,0.05843659319326444,IEF,-0.06691797571649472,0.0019
2016-12-28,False,SPY,0.044250279575885454,IEF,-0.06275066026882614,0.002
2016-12-29,False,SPY,0.05737182597243384,IEF,-0.059116817461750126,0.0014999999999999996
2016-12-30,False,SPY,0.05212673556981673,IEF,-0.05691521796542043,0.002
2017-01-03,False,IVV,0.06352100526048998,IEF,-0.06138412815638228,0.0022
2017-01-04,False,SPY,0.06943520819923354,IEF,-0.06080961500739335,0.0028000000000000004
2017-01-05,False,VOO,0.072037661358763,IEF,-0.05831571349689224,0.0024
2017-01-06,False,SPY,0.0694480562929074,IEF,-0.05933875828212576,0.0024000000000000007
2017-01-09,False,SPY,0.06308252604137299,IEF,-0.05348712868406891,0.0021000000000000003
2017-01-10,False,SPY,0.065070681184352,IEF,-0.05444117670444737,0.0024
2017-01-11,False,SPY,0.06758157433995815,IEF,-0.05563535698650812,0.0026
2017-01-12,False,SPY,0.060392428692009226,IEF,-0.049186614734299194,0.0024
2017-01-13,False,IVV,0.06629391796977968,IEF,-0.05074804969206104,0.0022
2017-01-17,False,SPY,0.0647799669579141,IEF,-0.049374873383843054,0.0026000000000000007
2017-01-18,False,SPY,0.06998653776052688,IEF,-0.058622677786004496,0.0025
2017-01-19,False,SPY,0.06918264404524233,IEF,-0.05768075184496613,0.0024
2017-01-20,False,SPY,0.07306031932122115,IEF,-0.06058669007572137,0.0021000000000000003
2017-01-23,False,SPY,0.07807916347972865,IEF,-0.05287630754950634,0.002
2017-01-24,False,SPY,0.09156121007955265,IEF,-0.05486909662113637,0.0024
2017-01-25,False,IVV,0.10534703757037867,IEF,-0.06106197876913422,0.002
2017-01-26,False,SPY,0.10613408054224949,IEF,-0.06147880159303676,0.0021000000000000003
2017-01-27,False,SPY,0.08056366588242936,IEF,-0.057120051425791685,0.0022
2017-01-30,False,SPY,0.06904747236388942,IEF,-0.05949214137028802,0.0022
2017-01-31,False,IVV,0.05766978543617718,IEF,-0.056173807052779745,0.0022
2017-02-01,False,SPY,0.05552352393554094,IEF,-0.05764090987183723,0.002
2017-02-02,False,IVV,0.05839931869385517,IEF,-0.05576414351810133,0.0019
2017-02-03,False,SPY,0.06511991824921193,IEF,-0.05139700681865711,0.0017
2017-02-06,False,SPY,0.054983945826290626,IEF,-0.050789443454812955,0.002
2017-02-07,False,IVV,0.05679803721220744,IEF,-0.04899190076605786,0.002
2017-02-08,False,SPY,0.05298749756032506,IEF,-0.04400512547032398,0.0021000000000000003
2017-02-09,False,SPY,0.06160992941698851,IEF,-0.051180155249953896,0.0021000000000000003
2017-02-10,False,SPY,0.057811213662938954,IEF,-0.04934475763153212,0.0022
2017-02-13,False,SPY,0.06149505828556401,IEF,-0.055196467543789374,0.002
2017-02-14,False,SPY,0.06515663873243005,IEF,-0.05911743275170622,0.002
2017-02-15,False,VOO,0.0664878580685564,IEF,-0.05628388447714139,0.0019000000000000006
2017-02-16,False,VOO,0.07069820687538053,IEF,-0.04796645146481637,0.0018000000000000004
2017-02-17,False,IVV,0.0704691144845353,IEF,-0.04628472034654141,0.0016000000000000003
2017-02-21,False,VOO,0.07939343739098548,IEF,-0.04320713139155963,0.0017000000000000003
2017-02-22,False,SPY,0.08245797284065337,IEF,-0.04381969142551101,0.0019
2017-02-23,False,SPY,0.08264867133571308,IEF,-0.041536567402470914,0.0022
2017-02-24,False,SPY,0.07754763416279165,IEF,-0.038128872454658125,0.0022
2017-02-27,False,SPY,0.0758241376500417,IEF,-0.03993246176324572,0.002
2017-02-28,False,SPY,0.05906688485912026,IEF,-0.04185536105856702,0.0023000000000000004
2017-03-01,False,SPY,0.07126795324055202,IEF,-0.050062083864117035,0.0041
2017-03-02,False,SPY,0.05813017770853923,IEF,-0.05558356547872456,0.004900000000000001
2017-03-03,False,SPY,0.06001299899475976,IEF,-0.055102975013035405,0.0053
2017-03-06,False,SPY,0.04984967754551062,IEF,-0.05798409046705977,0.0049
2017-03-07,False,SPY,0.055425678337422735,IEF,-0.06092939745767634,0.005
2017-03-08,False,SPY,0.04914668335553807,IEF,-0.06366013564851758,0.0046
2017-03-09,False,VOO,0.05244195842629118,IEF,-0.06685257754577678,0.004699999999999999
2017-03-10,False,VOO,0.053738446429322906,IEF,-0.06253372362915655,0.0046
2017-03-13,False,VOO,0.050333182570578616,IEF,-0.06269883271893817,0.0047
2017-03-14,False,SPY,0.0492979129326645,IEF,-0.05739213993936876,0.0045000000000000005
2017-03-15,False,IVV,0.05968701785320407,IEF,-0.046983609999262876,0.0040999999999999995
2017-03-16,False,SPY,0.05657697312463217,IEF,-0.04764376450112129,0.004
2017-03-17,False,SPY,0.052119648170422916,IEF,-0.04647169947471741,0.004
2017-03-20,False,VOO,0.059558866349607165,IEF,-0.0416133952495602,0.004200000000000001
2017-03-21,False,SPY,0.046350453942937575,IEF,-0.038227219162645154,0.004200000000000001
2017-03-22,False,VOO,0.05215527738541792,IEF,-0.03640101052154143,0.004
2017-03-23,False,SPY,0.04355370269180048,IEF,-0.039408109599675,0.0046
2017-03-24,False,SPY,0.036628564684497045,IEF,-0.03589625546736308,0.0046
2017-03-27,False,SPY,0.036388058253594036,IEF,-0.035619907438529275,0.0044
2017-03-28,False,VOO,0.040086330268296555,IEF,-0.04081377052228563,0.0044
2017-03-29,False,SPY,0.04462867329083342,IEF,-0.03851751244374502,0.004300000000000001
2017-03-30,False,VOO,0.047886622946822444,IEF,-0.04038022042760203,0.004300000000000001
2017-03-31,False,VOO,0.04241606206021675,IEF,-0.03950983636942784,0.0042
2017-04-03,False,SPY,0.04337487945654139,IEF,-0.03348239234690653,0.0046
2017-04-04,False,SPY,0.04164877797055211,IEF,-0.03467617434001635,0.0045000000000000005
2017-04-05,False,SPY,0.04222457528862722,IEF,-0.030747534613741245,0.0047
2017-04-06,False,SPY,0.042849789836707064,IEF,-0.028039969803807185,0.004900000000000001
2017-04-07,False,VOO,0.045561220821105364,IEF,-0.031152361957580976,0.0052
2017-04-10,False,SPY,0.042452777399047736,IEF,-0.030203021958709608,0.0048
2017-04-11,False,SPY,0.043928966726246355,IEF,-0.025744355887676207,0.004699999999999999
2017-04-12,False,SPY,0.03273301852228094,IEF,-0.025645029685709697,0.0044
2017-04-13,False,SPY,0.017220913047019115,IEF,-0.022099739998585055,0.004300000000000001
2017-04-17,False,SPY,0.027307377291030832,IEF,-0.026658153834510534,0.0045
2017-04-18,False,SPY,0.02585202774785844,IEF,-0.017005508813220382,0.0040999999999999995
2017-04-19,False,VOO,0.030120419861990877,IEF,-0.016081875772295473,0.0038000000000000004
2017-04-20,False,VOO,0.038582992022739404,IEF,-0.0031051327425807296,0.0034000000000000002
2017-04-21,False,SPY,0.03511327734077585,IEF,0.0034008621752914525,0.0031000000000000003
2017-04-24,False,SPY,0.045808148640495094,IEF,0.003392573660577103,0.0029500000000000004
2017-04-25,False,VOO,0.04456190324975906,IEF,0.0040311957942227306,0.0026999999999999993
2017-04-26,False,SPY,0.04590525739759732,IEF,0.00667985544018368,0.0031999999999999997
2017-04-27,False,VOO,0.04654728045097167,IEF,0.006397046598998646,0.0034000000000000007
2017-04-28,False,SPY,0.04308886461092287,IEF,0.011898079667771677,0.0036000000000000003
2017-05-01,False,SPY,0.03955028803082583,IEF,0.014209009301480613,0.0038999999999999994
2017-05-02,False,SPY,0.035854654909361905,IEF,0.015444864915064471,0.0035999999999999995
2017-05-03,False,SPY,0.02899613281396074,IEF,0.012388511315960304,0.0036
2017-05-04,False,SPY,0.026104648831485777,IEF,0.013740155879789384,0.0034999999999999996
2017-05-05,False,SPY,0.024794630053335487,IEF,0.014797431968313512,0.0041
2017-05-08,False,IVV,0.025431894419935874,IEF,0.00771797240211991,0.004300000000000001
2017-05-09,False,SPY,0.022942823264073597,IEF,0.005529392445144055,0.004300000000000001
2017-05-10,False,SPY,0.01871320690757905,IEF,0.011928476506300134,0.004200000000000001
2017-05-11,False,VOO,0.017326178322524255,IEF,0.016564083575321353,0.0041
2017-05-12,False,SPY,0.015148076547043532,IEF,0.017194197282206725,0.0039000000000000003
2017-05-15,False,VOO,0.019106342784275032,IEF,0.01691039862808985,0.0041
2017-05-16,False,IVV,0.016843497403241203,IEF,0.017864727405662473,0.0041
2017-05-17,False,IVV,0.0014734599944730142,BND,0.021465285953760516,0.0038
2017-05-18,False,SPY,-0.008249271087708565,BND,0.02261167906637973,0.004200000000000001
2017-05-19,False,VOO,0.0039528779672819425,BND,0.026283759451835254,0.0038
2017-05-22,False,IVV,0.00869598973106478,BND,0.026552117566629452,0.004200000000000001
2017-05-23,False,IVV,0.013829802473183994,BND,0.02327376186820529,0.0038
2017-05-24,False,IVV,0.019330543727142047,BND,0.030648596898483982,0.0038
2017-05-25,False,IVV,0.02623684542470417,BND,0.0321932182501492,0.004299999999999999
2017-05-26,False,SPY,0.02492409963318143,BND,0.03179617277467872,0.004299999999999999
2017-05-30,False,SPY,0.02045773439126175,BND,0.030609187165937524,0.0041
2017-05-31,False,IVV,0.019537415228291,BND,0.030984102658742296,0.0046
2017-06-01,False,IVV,0.03155441272889847,BND,0.029725802986567684,0.0046
2017-06-02,False,SPY,0.026299390875967887,BND,0.03382472873890463,0.004699999999999999
2017-06-05,False,IVV,0.027101603005712294,BND,0.03167291397480154,0.004399999999999999
2017-06-06,False,SPY,0.026072682892766208,BND,0.0343345098218768,0.0046
2017-06-07,False,SPY,0.029099969943827464,BND,0.030379153882795773,0.004699999999999999
2017-06-08,False,VOO,0.042761694437681186,BND,0.02681543199377412,0.0054
2017-06-09,False,SPY,0.03897048420253735,BND,0.023779332941693987,0.005
2017-06-12,False,SPY,0.03986669247475416,BND,0.023402529208909728,0.0045
2017-06-13,False,VOO,0.045498998742604435,BND,0.022893053529055463,0.004699999999999999
2017-06-14,False,SPY,0.045458480555143455,BND,0.02146242811065946,0.0049
2017-06-15,False,SPY,0.035908536242731826,BND,0.02437697054101373,0.0049
2017-06-16,False,IVV,0.03394762366634674,BND,0.022972908595850328,0.0053
2017-06-19,False,SPY,0.04047132248123453,BND,0.021730603264831894,0.005
2017-06-20,False,SPY,0.03586536826207154,BND,0.02272085170079241,0.0049
2017-06-21,False,IVV,0.03719339722210613,BND,0.02296671300791342,0.004699999999999999
2017-06-22,False,VOO,0.03607770582793912,BND,0.02498124045807959,0.004299999999999999
2017-06-23,False,IVV,0.040502793296092854,BND,0.022078308938769498,0.004199999999999999
2017-06-26,False,SPY,0.03838034438314053,BND,0.028509371579547027,0.0046
2017-06-27,False,SPY,0.031066010088655727,BND,0.026789000509662708,0.0048
2017-06-28,False,IVV,0.039588121096261863,BND,0.026026627783136913,0.0052
2017-06-29,False,SPY,0.03176561763935104,BND,0.0211211184842508,0.0053
2017-06-30,False,IVV,0.03794167608983412,BND,0.02188629818242549,0.0052
2017-07-03,False,SPY,0.04679808868957713,BND,0.022918388493232245,0.005600000000000001
2017-07-05,False,VOO,0.039974253238365565,BND,0.023165445435192167,0.0054
2017-07-06,False,VOO,0.03347619278672198,BND,0.01964446427169264,0.0052
2017-07-07,False,IVV,0.042096102108911015,IEF,0.019382761075451338,0.0054
2017-07-10,False,SPY,0.03489332722701799,IEF,0.017234056341543402,0.0052
2017-07-11,False,VOO,0.03716626742651541,IEF,0.020528628706960816,0.0054
2017-07-12,False,SPY,0.03385668577989631,BND,0.02254318572084535,0.0053
2017-07-13,False,VOO,0.02947300752183346,IEF,0.021282610292547854,0.0054
2017-07-14,False,IVV,0.03453068644053392,IEF,0.017868640858745843,0.0051
2017-07-17,False,SPY,0.03406200077659993,IEF,0.01727690927359382,0.0054
2017-07-18,False,SPY,0.03686925148456788,IEF,0.016856565722203287,0.0053
2017-07-19,False,IVV,0.039724518882777504,BND,0.021361701988795723,0.0057
2017-07-20,False,IVV,0.03983677512299111,BND,0.022236942599772602,0.005999999999999998
2017-07-21,False,IVV,0.040081235537464455,BND,0.024496259762041728,0.0063999999999999994
2017-07-24,False,SPY,0.038798353153868925,BND,0.026151563577026415,0.006299999999999999
2017-07-25,False,IVV,0.03711635606903707,BND,0.023922446556712718,0.0063999999999999994
2017-07-26,False,SPY,0.0374549770656476,BND,0.0245224306270031,0.005999999999999998
2017-07-27,False,SPY,0.037442951899772536,BND,0.02087227877425124,0.0058000000000000005
2017-07-28,False,SPY,0.034368339580389096,BND,0.02286941497728945,0.0055000000000000005
2017-07-31,False,SPY,0.03589790553300731,BND,0.022113740397079695,0.0055000000000000005
2017-08-01,False,IVV,0.039756928943862846,IEF,0.0219937962989043,0.0057
2017-08-02,False,SPY,0.034733706237960016,IEF,0.016321881237045144,0.005600000000000001
2017-08-03,False,SPY,0.03367281812314937,BND,0.022089800862190145,0.0058000000000000005
2017-08-04,False,VOO,0.054105320227975984,IEF,0.021222385170717173,0.0055000000000000005
2017-08-07,False,VOO,0.051984091878362726,BND,0.025784272250106488,0.0039000000000000003
2017-08-08,False,SPY,0.04261523696803149,BND,0.02631397774953048,0.0039000000000000003
2017-08-09,False,VOO,0.037041966335545906,BND,0.026302235496012294,0.003500000000000001
2017-08-10,False,SPY,0.0204064405009865,BND,0.028442337483013835,0.0031000000000000003
2017-08-11,False,IVV,0.019532859399775226,BND,0.0312377522288112,0.0027
2017-08-14,False,SPY,0.024744082784977195,BND,0.03292273126610601,0.0029000000000000002
2017-08-15,False,SPY,0.02483128905352827,BND,0.03438128864628398,0.0031000000000000003
2017-08-16,False,IVV,0.027408803721912456,BND,0.033829757743326416,0.0027
2017-08-17,False,SPY,0.011743290974127074,BND,0.0377896721944222,0.0020999999999999994
2017-08-18,False,IVV,0.0019704356915437593,BND,0.037414322276501766,0.0024
2017-08-21,False,SPY,-0.00035066650608661654,BND,0.03147582889450562,0.0027
2017-08-22,False,IVV,0.01069275640469991,BND,0.031758405854048766,0.0027
2017-08-23,False,IVV,0.009929639125061618,BND,0.03271948900095345,0.0027
2017-08-24,False,SPY,0.006236914364853741,BND,0.029120104419397164,0.0026
2017-08-25,False,SPY,0.008091192453401286,BND,0.028003533567536376,0.0026
2017-08-28,False,SPY,0.00966482317632078,BND,0.02710694565366545,0.0020999999999999994
2017-08-29,False,VOO,0.010996338729848176,BND,0.02873696185328245,0.0027
2017-08-30,False,SPY,0.010875228083716992,BND,0.028866247024917024,0.0025
2017-08-31,False,IVV,0.0180809216391018,BND,0.027582566436776368,0.0023
2017-09-01,False,SPY,0.021653439795414675,BND,0.02778281643029601,0.0024
2017-09-05,False,SPY,0.014094959669033846,BND,0.02999890338450162,0.0025
2017-09-06,False,SPY,0.009155546322970665,BND,0.029901755270625552,0.0029000000000000002
2017-09-07,False,VOO,0.015856226752595237,BND,0.032513932633461584,0.0029000000000000002
2017-09-08,False,VOO,0.014695491841660413,BND,0.027668538790933006,0.0025
2017-09-11,False,SPY,0.026231280287125402,BND,0.025694261803088203,0.0026
2017-09-12,False,VOO,0.028383399740339987,BND,0.023316114349104744,0.0023
2017-09-13,False,SPY,0.028279038176467264,BND,0.021693789593279833,0.0025
2017-09-14,False,IVV,0.03612574061882823,BND,0.02458691111767708,0.002300000000000001
2017-09-15,False,SPY,0.028479891813220082,BND,0.023700929094616408,0.002300000000000001
2017-09-18,False,VOO,0.039695069691915164,IEF,0.016905033815983073,0.002300000000000001
2017-09-19,False,SPY,0.038909988729438405,IEF,0.01262354410311417,0.0023
2017-09-20,False,VOO,0.03750168501460349,IEF,0.007614766890098101,0.0023
2017-09-21,False,SPY,0.03235803740242016,IEF,0.007897884273321498,0.0021000000000000007
2017-09-22,False,VOO,0.04196849322243912,IEF,0.00395514909267658,0.0021000000000000007
2017-09-25,False,SPY,0.03326291700563533,IEF,0.009590482119294919,0.0024
2017-09-26,False,SPY,0.03277645344601332,IEF,0.011009314111513513,0.0027
2017-09-27,False,SPY,0.037568994340624995,IEF,0.005352793790727839,0.0028000000000000004
2017-09-28,False,SPY,0.03106561634270033,IEF,0.0072369939903369485,0.0025
2017-09-29,False,SPY,0.032954262622122865,IEF,0.01122220622887915,0.002400000000000001
2017-10-02,False,SPY,0.032619649411609775,IEF,0.007414531623324061,0.0018000000000000004
2017-10-03,False,SPY,0.034956039821945284,IEF,0.008173750220720644,0.0026
2017-10-04,False,VOO,0.03562872323211641,IEF,0.006849427953794285,0.0028000000000000004
2017-10-05,False,SPY,0.03616208868391424,IEF,0.007980204595139817,0.002400000000000001
2017-10-06,False,SPY,0.0345213983128112,IEF,0.0046658783725401776,0.002500000000000001
2017-10-09,False,SPY,0.033733622395081486,IEF,0.007885335870001509,0.002250000000000002
2017-10-10,False,SPY,0.036712892432206434,IEF,0.010548320769469433,0.002200000000000001
2017-10-11,False,SPY,0.03582353022937368,IEF,0.01149842097843079,0.0020000000000000005
2017-10-12,False,IVV,0.034167715453302216,IEF,0.01493878475809507,0.0018000000000000004
2017-10-13,False,IVV,0.036294361507658524,IEF,0.019526692312881844,0.0018000000000000004
2017-10-16,False,SPY,0.039061988268340286,IEF,0.018194997099728605,0.0020000000000000005
2017-10-17,False,SPY,0.040384517186012214,IEF,0.017042515992717888,0.0020000000000000005
2017-10-18,False,SPY,0.039086713136878615,IEF,0.009308688366259199,0.0021000000000000007
2017-10-19,False,SPY,0.03886708978895537,IEF,0.011018900281563493,0.0020000000000000005
2017-10-20,False,IVV,0.04622565807002266,IEF,0.00551459981944169,0.0021000000000000007
2017-10-23,False,SPY,0.04029286645150809,IEF,-0.001524213894283255,0.0019000000000000006
2017-10-24,False,SPY,0.04018674121679533,IEF,-0.0042556106062651144,0.0019000000000000006
2017-10-25,False,VOO,0.03750537079654248,IEF,-0.0055766735896032316,0.0020000000000000005
2017-10-26,False,SPY,0.03897444068029943,IEF,-0.005779921536746002,0.0018000000000000004
2017-10-27,False,IVV,0.06220012234482808,IEF,4.254325524533087e-05,0.0018000000000000004
2017-10-30,False,SPY,0.0569475211844328,IEF,0.001566627823111233,0.0019000000000000006
2017-10-31,False,VOO,0.048177425945556074,IEF,0.0003450244494265231,0.0020999999999999994
2017-11-01,False,SPY,0.04971682726513782,IEF,0.00029614232990904377,0.0024
2017-11-02,False,SPY,0.048295903960220876,IEF,-0.0009045412158826815,0.002399999999999999
2017-11-03,False,IVV,0.06826881815273045,IEF,0.00022854405971184377,0.0019999999999999996
2017-11-06,False,SPY,0.07178292201610348,IEF,0.001977122502337725,0.0020999999999999994
2017-11-07,False,SPY,0.07019984034529503,IEF,-0.002026078808571641,0.0024
2017-11-08,False,SPY,0.06092617801919209,IEF,-0.0015731089092366757,0.0027
2017-11-09,False,SPY,0.06088102733819345,IEF,-0.005098311039863024,0.0027
2017-11-10,False,IVV,0.06288539282344385,IEF,-0.00830797882362777,0.0023
2017-11-13,False,SPY,0.06153850483121692,IEF,-0.007206949199950352,0.0023
2017-11-14,False,SPY,0.05902966076244143,IEF,-0.00487222409566479,0.0025
2017-11-15,False,SPY,0.05252396578981888,IEF,-0.0011161728102080382,0.0027
2017-11-16,False,IVV,0.0562831547899425,IEF,-0.004024574286510485,0.0027
2017-11-17,False,SPY,0.04706262151166141,IEF,-0.007888438802777786,0.0028000000000000004
2017-11-20,False,VOO,0.047144553447855175,IEF,-0.007728611160037313,0.0028000000000000004
2017-11-21,False,IVV,0.06170854463906661,IEF,-0.0080942581941994,0.0027
2017-11-22,False,SPY,0.05729826431465335,IEF,-0.002134261691875916,0.0027
2017-11-24,False,IVV,0.05961943006473902,IEF,-0.005478520004530751,0.0028000000000000004
2017-11-27,False,SPY,0.06058589505592438,IEF,-0.004731062409262021,0.0028000000000000004
2017-11-28,False,SPY,0.06003912155146662,IEF,-0.005467579552050239,0.0034000000000000007
2017-11-29,False,IVV,0.05573560003959477,IEF,-0.00892237987103206,0.0032000000000000006
2017-11-30,False,VOO,0.06415390788327757,IEF,-0.012831104191581288,0.0028000000000000004
2017-12-01,False,VOO,0.0625559126645494,IEF,-0.0043003593654326044,0.0027
2017-12-04,False,VOO,0.05994237490228427,IEF,-0.0038424728222360427,0.0027
2017-12-05,False,SPY,0.05394041326285359,IEF,0.0006418458786385806,0.0026
2017-12-06,False,VOO,0.053029801410328536,IEF,0.005070806544680728,0.0027
2017-12-07,False,IVV,0.05575361097584519,IEF,0.00696276484579772,0.0023
2017-12-08,False,IVV,0.06462459744873583,IEF,0.005444324621307839,0.0023
2017-12-11,False,SPY,0.06763149454779072,IEF,0.0066766723531805905,0.0029000000000000002
2017-12-12,False,SPY,0.07170690555577486,IEF,0.007437271124385525,0.0029000000000000002
2017-12-13,False,SPY,0.07094106311225223,IEF,0.010196583156591332,0.0026
2017-12-14,False,SPY,0.06242751449710049,IEF,0.008482932673217647,0.0027
2017-12-15,False,SPY,0.06994740563211699,IEF,0.005354103553354639,0.0026
2017-12-18,False,SPY,0.072960642069966,IEF,0.004118887352618339,0.0032999999999999987
2017-12-19,False,SPY,0.0642227311162511,IEF,-0.0018423831223903786,0.003300000000000001
2017-12-20,False,SPY,0.06139353653555579,IEF,-0.005992623515921558,0.003099999999999998
2017-12-21,False,SPY,0.0623193174715273,IEF,-0.008919637581454865,0.0028000000000000004
2017-12-22,False,SPY,0.05578576720983297,IEF,-0.008542083157676239,0.0021999999999999997
2017-12-26,False,SPY,0.055725049828222906,IEF,-0.008442743452345414,0.0032000000000000006
2017-12-27,False,SPY,0.05798558805631382,IEF,-0.005962386350441884,0.0028000000000000004
2017-12-28,False,SPY,0.0573726684848479,IEF,-0.006537839360279851,0.0021999999999999997
2017-12-29,False,SPY,0.05173361958740341,IEF,0.0006720958523900311,0.0020999999999999994
2018-01-02,False,SPY,0.06084194266220044,IEF,-0.005820269597995864,0.0031000000000000003
2018-01-03,False,SPY,0.06625382267706015,IEF,-0.0031943986172013883,0.0029999999999999983
2018-01-04,False,SPY,0.06932191796013853,IEF,-0.005346478349338435,0.0032999999999999987
2018-01-05,False,IVV,0.07551026751233869,IEF,-0.006853600411747318,0.0031999999999999984
2018-01-08,False,SPY,0.07660294556322689,IEF,-0.009784071773428216,0.003699999999999999
2018-01-09,False,SPY,0.07874447373069393,IEF,-0.013572573430494672,0.0035999999999999986
2018-01-10,False,SPY,0.07156438619641303,IEF,-0.017258523136925996,0.0033999999999999985
2018-01-11,False,VOO,0.08352481533628064,IEF,-0.013933635382568199,0.0034999999999999988
2018-01-12,False,SPY,0.0887480010525814,IEF,-0.015145890744379886,0.0040999999999999995
2018-01-16,False,IVV,0.0901761512704824,IEF,-0.013845430788149482,0.003899999999999999
2018-01-17,False,SPY,0.09939658969286125,IEF,-0.01720858758196775,0.003799999999999999
2018-01-18,False,SPY,0.08864760053079324,IEF,-0.023963123015164567,0.003999999999999999
2018-01-19,False,SPY,0.09768963053325419,IEF,-0.027581801234350722,0.0040999999999999995
2018-01-22,False,SPY,0.10489353812353874,IEF,-0.02560097457680055,0.004199999999999999
2018-01-23,False,SPY,0.10577659565443964,IEF,-0.01986009876990391,0.003999999999999999
2018-01-24,False,VOO,0.10490463628743085,IEF,-0.02356969266929876,0.0040999999999999995
2018-01-25,False,SPY,0.10170813046948535,IEF,-0.024864764162936703,0.004199999999999999
2018-01-26,False,SPY,0.11274134628761545,IEF,-0.02794994554754693,0.003899999999999999
2018-01-29,False,VOO,0.10564620254341417,IEF,-0.03101601263366094,0.004399999999999999
2018-01-30,False,IVV,0.09217191687091497,IEF,-0.031372974378013674,0.004399999999999999
2018-01-31,False,VOO,0.09722046866310241,IEF,-0.03441715452446259,0.0046
2018-02-01,False,SPY,0.09654672826637967,IEF,-0.03787510828394458,0.0046
2018-02-02,False,SPY,0.07167833031487203,IEF,-0.04303895180264594,0.0045
2018-02-05,False,SPY,0.029248636820117246,IEF,-0.03606915896524354,0.0053
2018-02-06,False,SPY,0.05480665126913631,IEF,-0.04249634773181876,0.0049
2018-02-07,False,SPY,0.0402413376926809,IEF,-0.04450072164797303,0.0052
2018-02-08,False,SPY,0.004173998132388723,IEF,-0.045162200509511474,0.0054
2018-02-09,False,SPY,0.017521989573923813,IEF,-0.04403610345820197,0.0053
2018-02-12,False,IVV,0.02565031036148091,IEF,-0.05092216138555228,0.005900000000000001
2018-02-13,False,SPY,0.02921445586847593,IEF,-0.04705997351779101,0.0052
2018-02-14,False,SPY,0.040701144842445025,IEF,-0.05692661958518752,0.0053
2018-02-15,False,SPY,0.054507137971465225,IEF,-0.05595387387712902,0.0054
2018-02-16,False,SPY,0.044222612517695215,IEF,-0.04829626987306501,0.0057
2018-02-20,False,SPY,0.0383164996982821,IEF,-0.04702875114841332,0.006299999999999999
2018-02-21,False,IVV,0.023965861652953446,IEF,-0.047890556599001655,0.005999999999999998
2018-02-22,False,VOO,0.027615224547884454,IEF,-0.046755876546129116,0.005799999999999999
2018-02-23,False,SPY,0.04529003905798512,IEF,-0.04425694287795523,0.005899999999999999
2018-02-26,False,SPY,0.061245053917312386,IEF,-0.03938750149497183,0.006099999999999999
2018-02-27,False,SPY,0.047794754532106465,IEF,-0.04132137191285734,0.006199999999999999
2018-02-28,False,VOO,0.03286565588120727,IEF,-0.037177101310452376,0.006099999999999999
2018-03-01,False,SPY,0.013360577260404849,IEF,-0.03176953097213531,0.005899999999999999
2018-03-02,False,SPY,0.015524629670589318,IEF,-0.03707389096234748,0.006199999999999999
2018-03-05,False,SPY,0.025452182746397822,IEF,-0.041168110711078953,0.006499999999999999
2018-03-06,False,SPY,0.028167317498282163,IEF,-0.04045740881553517,0.006199999999999999
2018-03-07,False,SPY,0.032007546845219226,IEF,-0.03550992193870517,0.006099999999999999
2018-03-08,False,IVV,0.028339741990446976,IEF,-0.03334160060470226,0.006099999999999999
2018-03-09,False,IVV,0.0393338391939293,IEF,-0.03424649630113985,0.006099999999999999
2018-03-12,False,SPY,0.04248231463113594,IEF,-0.030870134565926244,0.006999999999999999
2018-03-13,False,SPY,0.03628805752162623,IEF,-0.03062610449544445,0.006599999999999999
2018-03-14,False,SPY,0.028851184692426424,IEF,-0.028457544075240926,0.0068
2018-03-15,False,SPY,0.02799895331015545,IEF,-0.027831131875088122,0.006999999999999999
2018-03-16,False,SPY,0.0303408810209973,IEF,-0.027779851897707708,0.0070999999999999995
2018-03-19,False,SPY,0.01590580678814013,IEF,-0.029826631382706692,0.007249999999999999
2018-03-20,False,SPY,0.015544033438061433,IEF,-0.032088334470516955,0.0073
2018-03-21,False,VOO,0.017041053446940957,IEF,-0.032516915255889955,0.0063999999999999994
2018-03-22,False,VOO,-0.015459953862964948,IEF,-0.029450792088529187,0.006299999999999999
2018-03-23,False,VOO,-0.04212262632764452,IEF,-0.03140008000027128,0.006499999999999999
2018-03-26,True,VOO,-0.020173442819947818,IEF,-0.03241100643070727,0.0069
2018-03-27,True,VOO,-0.043283895931174654,IEF,-0.02656660019399093,0.0068
2018-03-28,True,VOO,-0.047932876551309844,IEF,-0.024285220754253767,0.0063999999999999994
2018-03-29,True,SPY,-0.037653599453697506,IEF,-0.023305538305136042,0.006299999999999999
2018-04-02,True,SPY,-0.05698284977281143,IEF,-0.01825458164918148,0.006599999999999999
2018-04-03,True,VOO,-0.05196201615355556,IEF,-0.022318312607102375,0.006599999999999999
2018-04-04,True,SPY,-0.04787629254434489,IEF,-0.019934212836010934,0.005899999999999999
2018-04-05,True,SPY,-0.037070655217671944,IEF,-0.020841648005601177,0.005999999999999998
2018-04-06,True,SPY,-0.06741940182338468,IEF,-0.015236705955599894,0.006199999999999999
2018-04-09,True,VOO,-0.062098417173234055,IEF,-0.01820910670425746,0.006599999999999999
2018-04-10,True,VOO,-0.05066848610815455,IEF,-0.023431724100652085,0.006199999999999999
2018-04-11,True,SPY,-0.06323173525243841,IEF,-0.02183682693636102,0.0058000000000000005
2018-04-12,True,SPY,-0.05752514877613446,IEF,-0.025945420034164446,0.0057
2018-04-13,True,SPY,-0.059924497986785785,IEF,-0.026375261148467666,0.005900000000000001
2018-04-16,True,SPY,-0.052596891983433425,IEF,-0.02840511336737217,0.006100000000000001
2018-04-17,True,SPY,-0.053420544725778285,IEF,-0.029023219708763426,0.006100000000000001
2018-04-18,True,SPY,-0.04639756822432406,IEF,-0.03317220103570384,0.005900000000000001
2018-04-19,True,SPY,-0.04185995035736523,IEF,-0.03464337635463233,0.005900000000000001
2018-04-20,True,IVV,-0.05091586401260351,IEF,-0.03750226630960751,0.0057
2018-04-23,True,IVV,-0.04971190936672132,IEF,-0.03354355492008976,0.006400000000000001
2018-04-24,True,VOO,-0.041727994513573674,IEF,-0.034230217782201255,0.006300000000000001
2018-04-25,True,VOO,0.0018849542710481781,IEF,-0.03769119991172987,0.005900000000000001
2018-04-26,True,IVV,-0.006890381145136626,IEF,-0.038381277322106166,0.0057
2018-04-27,True,SPY,-0.0001635575250961141,IEF,-0.03431682758756038,0.0055000000000000005
2018-04-30,False,VOO,0.030453082990374858,IEF,-0.034545848677347446,0.0058000000000000005
2018-05-01,False,IVV,0.016667829707950554,IEF,-0.03450773647574068,0.0055000000000000005
2018-05-02,False,SPY,-0.004097456839024072,IEF,-0.034499362876032724,0.0054
2018-05-03,False,VOO,-0.009309060839977179,IEF,-0.03511701956498037,0.0055000000000000005
2018-05-04,True,IVV,-0.00953657989066481,IEF,-0.03420491646690926,0.0055000000000000005
2018-05-07,True,VOO,-0.018763206985859315,IEF,-0.03531539978582254,0.005900000000000001
2018-05-08,True,IVV,-0.01878160643229221,IEF,-0.03711077560051512,0.0057
2018-05-09,True,VOO,-0.003121063426996251,IEF,-0.03621377655544733,0.005899999999999999
2018-05-10,False,SPY,0.011324051690454473,IEF,-0.031198400176672192,0.006299999999999999
2018-05-11,False,IVV,0.012373470700149714,IEF,-0.0346618320308848,0.006499999999999999
2018-05-14,False,VOO,-0.0024720632579567914,IEF,-0.03630117225333329,0.0063999999999999994
2018-05-15,False,IVV,-0.021029860521675325,IEF,-0.04235798786184164,0.006199999999999999
2018-05-16,True,IVV,-0.004020363248292358,IEF,-0.0463364946055046,0.006199999999999999
2018-05-17,True,SPY,0.005330462579560713,IEF,-0.04519776284451438,0.006299999999999999
2018-05-18,True,VOO,0.017554148750269283,IEF,-0.04076337097994076,0.006299999999999999
2018-05-21,True,IVV,0.019482251864229916,IEF,-0.03946204729807612,0.005999999999999998
2018-05-22,False,VOO,0.005132445088976478,IEF,-0.03902598276261671,0.005899999999999999
2018-05-23,False,IVV,0.005723847292960604,IEF,-0.03854916066382452,0.006199999999999999
2018-05-24,True,SPY,0.0040735394901221245,IEF,-0.03571674238755629,0.005899999999999999
2018-05-25,True,IVV,-0.003194529220835185,IEF,-0.03173416062788337,0.005899999999999999
2018-05-29,True,SPY,-0.031462472199138225,IEF,-0.01906335351411592,0.0055000000000000005
2018-05-30,True,VOO,-0.017483141563026328,IEF,-0.01880558228061746,0.0056999999999999985
2018-05-31,True,VOO,-0.017352417064182113,IEF,-0.016390965946095126,0.0055000000000000005
2018-06-01,True,SPY,-0.0021998545449927187,IEF,-0.02070886023159002,0.0056999999999999985
2018-06-04,True,VOO,0.003615341218766499,IEF,-0.02453915964543052,0.006099999999999999
2018-06-05,True,SPY,0.003282275711160798,IEF,-0.0224144360180073,0.004699999999999999
2018-06-06,False,SPY,0.025546230914267998,IEF,-0.030502333439202278,0.0051
2018-06-07,False,VOO,0.02341018839306841,IEF,-0.02519101721329442,0.0055000000000000005
2018-06-08,False,IVV,0.02842498337018684,IEF,-0.028098543826073463,0.0054
2018-06-11,False,SPY,0.05647210528311852,IEF,-0.025824385897870727,0.005
2018-06-12,False,SPY,0.0808757992637068,IEF,-0.027416396578819557,0.0051
2018-06-13,False,VOO,0.04837186383608039,IEF,-0.02810432548056141,0.0053
2018-06-14,False,SPY,0.06957022256331546,IEF,-0.023832732541478108,0.0055000000000000005
2018-06-15,False,SPY,0.07137589962667956,IEF,-0.02260046562104867,0.0049
2018-06-18,False,IVV,0.05400007536646845,IEF,-0.017446172376143654,0.005
2018-06-19,False,SPY,0.07483696638190218,GBF,-0.01589937027598376,0.0052
2018-06-20,False,SPY,0.06304554287631059,GBF,-0.01844841048717627,0.0051
2018-06-21,False,IVV,0.04400858336784319,GBF,-0.01733165160129524,0.0051
2018-06-22,False,SPY,0.038905502961922744,GBF,-0.019150766139057307,0.0048
2018-06-25,False,IVV,0.047903046985509734,GBF,-0.016989215265519997,0.0049
2018-06-26,False,SPY,0.0452902093198575,GBF,-0.013649722958736454,0.0048
2018-06-27,False,IVV,0.020302663994468784,GBF,-0.009214148939832856,0.0049
2018-06-28,False,SPY,0.03164829176909101,GBF,-0.01054774919340884,0.0049
2018-06-29,False,IVV,0.02441929979552837,GBF,-0.01247647596212309,0.0049
2018-07-02,False,SPY,0.02991481515848915,GBF,-0.012243001717741286,0.0055000000000000005
2018-07-03,False,VOO,0.01778191016005848,GBF,-0.010771247995311484,0.005600000000000001
2018-07-05,False,SPY,0.015350425778726695,GBF,-0.008838080258726122,0.0055000000000000005
2018-07-06,False,SPY,0.02318101321434951,GBF,-0.00600246217480227,0.0053
2018-07-09,False,SPY,0.038153374517305494,GBF,-0.005315360478372222,0.0054
2018-07-10,False,VOO,0.05033085401373616,GBF,-0.0057458952515725414,0.0053
2018-07-11,False,IVV,0.043234622438225845,GBF,-0.0036997292940268434,0.0049
2018-07-12,False,IVV,0.0663186458214231,GBF,0.0011223094082901675,0.005
2018-07-13,False,IVV,0.06528711004065979,GBF,-0.0016446276476846933,0.004699999999999999
2018-07-16,False,SPY,0.05364249618010497,GBF,5.0979045324694994e-05,0.004899999999999998
2018-07-17,False,SPY,0.05691256040900061,GBF,0.002016128178460974,0.004699999999999999
2018-07-18,False,SPY,0.06734438751317695,GBF,0.0034473055465218394,0.0045
2018-07-19,False,SPY,0.06143293690511098,GBF,0.006076057375349331,0.0045
2018-07-20,False,SPY,0.06739005066806625,GBF,0.00262865599154094,0.003699999999999999
2018-07-23,False,SPY,0.0717363435740499,GBF,0.00016718121990488832,0.003999999999999999
2018-07-24,False,VOO,0.06330702636966956,GBF,0.003424676783138514,0.004399999999999999
2018-07-25,False,SPY,0.06880909311234551,GBF,0.002981630254201173,0.004299999999999997
2018-07-26,False,SPY,0.06628769565315173,GBF,-8.24130409941004e-05,0.003699999999999999
2018-07-27,False,IVV,0.04880469655405251,GBF,0.002975438707049527,0.0034000000000000007
2018-07-30,False,IVV,0.03355274791263452,GBF,0.005329416086213845,0.004000000000000001
2018-07-31,False,SPY,0.03571367965665084,GBF,0.004441685928365802,0.003999999999999999
2018-08-01,False,SPY,0.03349097008136126,IEF,0.0031777120864833197,0.003899999999999999
2018-08-02,False,SPY,0.046326970912247134,GBF,0.0006241369327977253,0.0036000000000000008
2018-08-03,False,SPY,0.04641008055587359,GBF,0.00606921199220678,0.0034999999999999988
2018-08-06,False,SPY,0.051135453688078814,GBF,0.006716713609975722,0.003999999999999999
2018-08-07,False,IVV,0.057123832431205335,IEF,0.0006592120672319624,0.004300000000000002
2018-08-08,False,SPY,0.04891919509722631,GBF,0.0043071924667485995,0.004100000000000001
2018-08-09,False,SPY,0.05040639541301206,GBF,0.006489237779913282,0.0036000000000000008
2018-08-10,False,SPY,0.04050593608527131,GBF,0.008592665312563863,0.003699999999999999
2018-08-13,False,VOO,0.03859659843538177,GBF,0.008319679206831632,0.0038000000000000013
2018-08-14,False,SPY,0.04786341621525869,GBF,0.006497754172949177,0.004100000000000001
2018-08-15,False,IVV,0.051854373779160134,GBF,0.009595844508650142,0.003999999999999999
2018-08-16,False,SPY,0.046684816645104155,GBF,0.00813800903900952,0.0035999999999999986
2018-08-17,False,SPY,0.056843738492385665,GBF,0.007867921178854376,0.0031999999999999984
2018-08-20,False,VOO,0.048726599721065966,GBF,0.00823698158976538,0.0030000000000000005
2018-08-21,False,IVV,0.04613403732727739,GBF,0.008781239069705737,0.0031000000000000003
2018-08-22,False,VOO,0.04461831356674595,GBF,0.009234818276657508,0.003099999999999998
2018-08-23,False,IVV,0.034490482262133026,GBF,0.00941744058744498,0.0028000000000000004
2018-08-24,False,SPY,0.041216621764472716,GBF,0.01361039740489578,0.0027999999999999982
2018-08-27,False,SPY,0.046344071372175666,BND,0.012340875955016761,0.0038000000000000013
2018-08-28,False,IVV,0.04544404848365491,GBF,0.0074117031620661855,0.0040999999999999995
2018-08-29,False,VOO,0.04960511297220105,IEF,0.006479610835512295,0.003899999999999999
2018-08-30,False,SPY,0.048824926909354804,GBF,0.007596745532836735,0.0031999999999999984
2018-08-31,False,SPY,0.04622695574578528,GBF,0.004611389778815367,0.0033999999999999985
2018-09-04,False,SPY,0.045754699960310896,IEF,0.0035050999180112896,0.003999999999999999
2018-09-05,False,SPY,0.04508967312698875,GBF,0.001359373478577286,0.004100000000000001
2018-09-06,False,SPY,0.04595281306715249,GBF,0.00013273755086751216,0.0035999999999999986
2018-09-07,False,IVV,0.04192222505948773,GBF,-8.269816977257705e-05,0.003900000000000001
2018-09-10,False,VOO,0.05053243721505618,IEF,0.0022767740091567124,0.004300000000000002
2018-09-11,False,SPY,0.0520856082113994,GBF,0.0011269213954026025,0.004299999999999999
2018-09-12,False,SPY,0.0668634686346854,IEF,-0.002026270258107199,0.004300000000000002
2018-09-13,False,SPY,0.07080265095729055,IEF,-0.0023182553343839007,0.003899999999999999
2018-09-14,False,SPY,0.07993317245220166,IEF,-0.0024376519862253643,0.0042000000000000015
2018-09-17,False,SPY,0.06810882646092531,IEF,-0.003211143105099179,0.004300000000000002
2018-09-18,False,VOO,0.07129974750511114,IEF,-0.003750530631131399,0.004199999999999999
2018-09-19,False,IVV,0.07106858520195969,IEF,-0.006298000195492426,0.004000000000000001
2018-09-20,False,SPY,0.08372093023255656,IEF,-0.005714926274229426,0.003799999999999999
2018-09-21,False,IVV,0.0737630421347295,IEF,-0.005902734323702807,0.0038000000000000013
2018-09-24,False,SPY,0.061426934431184854,IEF,-0.003098480037143525,0.004100000000000001
2018-09-25,False,SPY,0.050978709201507044,IEF,-0.0013502930680566738,0.003899999999999999
2018-09-26,False,SPY,0.04407688249858044,GBF,0.0016875153838393775,0.003900000000000001
2018-09-27,False,VOO,0.05464071975925644,IEF,0.006264000350993948,0.0031000000000000003
2018-09-28,False,SPY,0.04534075741448351,IEF,0.007953581266901377,0.0031999999999999984
2018-10-01,False,SPY,0.04814700919965986,IEF,0.007592499392177876,0.003799999999999999
2018-10-02,False,SPY,0.04847373189988402,IEF,0.007305226261000497,0.0040999999999999995
2018-10-03,False,SPY,0.044822537191362866,IEF,-0.001850082366270156,0.0040999999999999995
2018-10-04,False,SPY,0.03448035829251905,IEF,-0.005516385953285852,0.003500000000000001
2018-10-05,False,SPY,0.032584684064523195,IEF,-0.006352379772329386,0.003799999999999999
2018-10-08,False,SPY,0.03376613107146431,IEF,-0.006149927076762318,0.004000000000000001
2018-10-09,False,SPY,0.030341931131519395,IEF,-0.006804477935056008,0.0040999999999999995
2018-10-10,False,VOO,-0.00742987262380812,IEF,-0.0064053976273817925,0.004299999999999999
2018-10-11,False,SPY,-0.037347899067899815,IEF,-0.0018406329143408895,0.0040999999999999995
2018-10-12,True,SPY,-0.021670272108210153,IEF,-0.0013624200772047734,0.004099999999999997
2018-10-15,True,SPY,-0.020528305700616256,IEF,0.0015062429983287995,0.004300000000000002
2018-10-16,True,SPY,0.006144318102532242,IEF,-0.0006674769875510966,0.003999999999999999
2018-10-17,True,SPY,0.0013874394240285248,IEF,-0.0036539802500208385,0.003900000000000001
2018-10-18,False,SPY,-0.011422119831623112,GBF,-0.0012348060115431325,0.003899999999999999
2018-10-19,True,SPY,-0.0173118595452606,GBF,0.0019329936423799765,0.003900000000000001
2018-10-22,True,SPY,-0.025896730359266207,GBF,0.003035381924392455,0.004199999999999999
2018-10-23,True,VOO,-0.03524511529834273,GBF,0.006080127282560133,0.004100000000000001
2018-10-24,True,SPY,-0.06673508167044628,GBF,0.00590515418107862,0.004299999999999999
2018-10-25,True,SPY,-0.049592390153707866,GBF,0.003970883740578968,0.0040999999999999995
2018-10-26,False,IVV,-0.06562515187192486,BND,0.006875826329871382,0.004000000000000001
2018-10-29,True,IVV,-0.06418828704906476,BND,0.0029104191462745455,0.004199999999999999
2018-10-30,True,SPY,-0.046498075455015275,BND,-0.0005313279131291537,0.0042000000000000015
2018-10-31,True,SPY,-0.04242392535868189,BND,-0.004724337470194739,0.004399999999999999
2018-11-01,True,SPY,-0.02495247051123417,GBF,-0.013616602308040182,0.003899999999999999
2018-11-02,True,SPY,-0.03850751638486294,IEF,-0.013497305969040863,0.003900000000000001
2018-11-05,True,SPY,-0.036594579013248474,IEF,-0.012423764055319642,0.004299999999999999
2018-11-06,True,SPY,-0.03256839875765272,IEF,-0.009858680327873626,0.004300000000000002
2018-11-07,True,SPY,-0.014168942819088315,IEF,-0.006349269329725016,0.004300000000000002
2018-11-08,True,IVV,-0.015488815459562044,IEF,-0.010275003034847852,0.004100000000000001
2018-11-09,True,SPY,-0.023695217852786277,IEF,-0.002389868982605403,0.0040999999999999995
2018-11-12,True,VOO,-0.04790111148363407,GBF,-0.005472233684856498,0.004300000000000002
2018-11-13,True,SPY,-0.05689721537395531,GBF,-0.003756284941668686,0.0045
2018-11-14,True,SPY,-0.06379725489933619,GBF,-0.0012100143615957348,0.004399999999999999
2018-11-15,True,IVV,-0.05919893621001082,GBF,-0.0020355927130289997,0.004500000000000001
2018-11-16,True,SPY,-0.05280782165716924,GBF,0.00016991101231722539,0.004199999999999999
2018-11-19,True,SPY,-0.06886115775657442,GBF,-0.0018259149561219434,0.004399999999999999
2018-11-20,True,IVV,-0.08455561433708803,GBF,-0.0032764488551539905,0.004500000000000001
2018-11-21,True,IVV,-0.07910513033794297,GBF,-0.00164462652803532,0.004700000000000002
2018-11-23,True,SPY,-0.08230698539112091,GBF,-0.0017272881008892904,0.004700000000000002
2018-11-26,True,SPY,-0.065675695687754,GBF,-0.000445871970187417,0.004700000000000002
2018-11-27,True,IVV,-0.06459105000265275,GBF,-0.001827081871485614,0.004700000000000002
2018-11-28,True,VOO,-0.04594540333419439,GBF,-0.0013680673777268781,0.004699999999999999
2018-11-29,True,SPY,-0.04807338899170388,GBF,-0.001829416338079537,0.004400000000000002
2018-11-30,True,SPY,-0.04790225829967276,GBF,-0.0019059687419386018,0.004400000000000002
2018-12-03,True,VOO,-0.035859453427956045,GBF,-0.002588014940216987,0.0045
2018-12-04,True,SPY,-0.06174698852580751,GBF,0.001344611228192738,0.0049
2018-12-06,True,IVV,-0.06845119215758544,BND,0.004304820578070689,0.004800000000000002
2018-12-07,False,SPY,-0.09084586029808273,GBF,0.004579008174099064,0.004199999999999999
2018-12-10,True,VOO,-0.0967602771458067,GBF,0.0029520258031989766,0.004300000000000002
2018-12-11,True,VOO,-0.09586276752049983,GBF,0.002849955924362213,0.004500000000000001
2018-12-12,True,SPY,-0.08782901518795849,GBF,0.0022312418004475365,0.004600000000000002
2018-12-13,True,IVV,-0.08754087897301355,GBF,0.002862014189088491,0.004500000000000001
2018-12-14,True,SPY,-0.10145577480336676,GBF,0.0033243628833901084,0.004299999999999999
2018-12-17,False,IVV,-0.12201303531179508,GBF,0.004561319744172065,0.004299999999999999
2018-12-18,False,SPY,-0.1225921849201993,GBF,0.006543212869667192,0.004100000000000001
2018-12-19,False,VOO,-0.13935254758151627,GBF,0.008467933790760052,0.004199999999999999
2018-12-20,False,VOO,-0.15340059191137867,GBF,0.006911373515252395,0.0038000000000000035
2018-12-21,False,VOO,-0.1709577530216958,GBF,0.005990941206180933,0.003700000000000001
2018-12-24,False,VOO,-0.1871198521881654,GBF,0.008000519123030347,0.004500000000000001
2018-12-26,False,VOO,-0.14115534368408422,GBF,0.004804644916318823,0.004399999999999999
2018-12-27,False,SPY,-0.13296730403531754,GBF,0.008545811566692763,0.0042000000000000015
2018-12-28,False,IVV,-0.133048118393448,GBF,0.014148145953958524,0.0040999999999999995
2018-12-31,False,SPY,-0.09662097406937264,GBF,0.01617174018315204,0.004300000000000002
2019-01-02,False,IVV,-0.07605006982539353,GBF,0.016222926076999933,0.004100000000000001
2019-01-03,False,IVV,-0.11112640521120265,GBF,0.02139966991350928,0.0042000000000000015
2019-01-04,False,VOO,-0.0754065869232502,GBF,0.0177344277507554,0.004199999999999999
2019-01-07,False,IVV,-0.08872232917832179,GBF,0.01644673846123812,0.004100000000000001
2019-01-08,False,IVV,-0.07954846189897768,GBF,0.01543364812871384,0.004300000000000002
2019-01-09,False,VOO,-0.06191737432886457,GBF,0.013955409981043276,0.004200000000000004
2019-01-10,False,IVV,-0.05732491612821411,GBF,0.01654201048456927,0.004100000000000001
2019-01-11,False,IVV,-0.054262954147158204,GBF,0.01542681299797155,0.004200000000000004
2019-01-14,False,SPY,-0.05363477414040185,GBF,0.012761797831312593,0.0040000000000000036
2019-01-15,False,SPY,-0.012880364859989446,GBF,0.015616944201412686,0.003900000000000001
2019-01-16,False,VOO,-0.02798407102063505,GBF,0.014785429604804001,0.003700000000000001
2019-01-17,False,VOO,-0.003094660203567523,GBF,0.014049051609088314,0.0035999999999999986
2019-01-18,False,VOO,0.015561268090298563,GBF,0.00983250982927375,0.0036000000000000034
2019-01-22,False,IVV,-0.013059030190390897,GBF,0.012625099188430466,0.003700000000000001
2019-01-23,False,IVV,-0.022149407220565687,GBF,0.013952154170307374,0.003300000000000001
2019-01-24,False,VOO,-0.030914960411321135,GBF,0.0138551960036144,0.0030000000000000027
2019-01-25,False,SPY,-0.01664289575060829,GBF,0.014405753659333609,0.0032000000000000028
2019-01-28,False,IVV,-0.030403200824755228,GBF,0.012940955812402732,0.003700000000000001
2019-01-29,False,IVV,-0.03730977852193551,GBF,0.01257276088957382,0.0035999999999999986
2019-01-30,False,IVV,-0.0424938333473458,GBF,0.015216792049828953,0.0033999999999999985
2019-01-31,False,VOO,-0.03235804315654711,GBF,0.018683357700877368,0.0032000000000000028
2019-02-01,False,IVV,-0.02276801974068765,GBF,0.01636794874378289,0.0031999999999999984
2019-02-04,False,SPY,0.0037121368212220673,GBF,0.013992649183140804,0.003300000000000001
2019-02-05,False,IVV,0.009549162969782587,GBF,0.018108301391690063,0.0029999999999999983
2019-02-06,False,IVV,0.01507907592831792,BND,0.020528473766589617,0.0029000000000000002
2019-02-07,False,SPY,-0.004648144192289538,BND,0.021940798106725,0.0029000000000000002
2019-02-08,False,IVV,-0.006241931470717832,GBF,0.022690999355153618,0.0032000000000000028
2019-02-11,False,IVV,0.011211931412153486,GBF,0.021226905826428943,0.003400000000000003
2019-02-12,False,IVV,0.043722142221195304,GBF,0.022156159845555745,0.0030000000000000027
2019-02-13,False,VOO,0.0434228471168252,GBF,0.01995677589599243,0.0029999999999999983
2019-02-14,False,IVV,0.0476270010613149,GBF,0.021876406266292392,0.0030000000000000027
2019-02-15,False,VOO,0.04308057953039235,GBF,0.024945555020879695,0.0029000000000000002
2019-02-19,False,IVV,0.041322698702245475,GBF,0.025382204427851107,0.0031000000000000003
2019-02-20,False,IVV,0.019535480765769053,GBF,0.027023415081651514,0.0030000000000000027
2019-02-21,False,IVV,0.018393856553885035,GBF,0.023330279532530307,0.0029000000000000002
2019-02-22,False,IVV,0.017155276842180767,GBF,0.02576205564201417,0.0031000000000000003
2019-02-25,False,IVV,0.0065473255671471,GBF,0.02522388227842165,0.0031000000000000003
2019-02-26,False,IVV,0.03842058998389897,GBF,0.027060171792091747,0.0029000000000000002
2019-02-27,False,VOO,0.04059570449073613,GBF,0.026635025329364348,0.0028000000000000026
2019-02-28,False,IVV,0.06274735116874952,GBF,0.0273119026912767,0.0029000000000000002
2019-03-01,False,SPY,0.06824806996432731,BND,0.025558200893520233,0.0027
2019-03-04,False,SPY,0.0641206418305873,BND,0.026713176516613535,0.0027999999999999982
2019-03-05,False,IVV,0.057045228391557234,GBF,0.02823432348449373,0.0023999999999999976
2019-03-06,False,VOO,0.05096262223186865,GBF,0.030461887049835212,0.0026000000000000025
2019-03-07,False,IVV,0.06204644271901105,BND,0.031223187223559767,0.0025
2019-03-08,False,SPY,0.08120584951941145,GBF,0.03143156506322953,0.0027999999999999982
2019-03-11,False,IVV,0.09761443447658524,GBF,0.030489717881941214,0.0027
2019-03-12,False,IVV,0.11846937881549824,GBF,0.0330132354803625,0.0023
2019-03-13,False,SPY,0.14503278796071428,GBF,0.03283055900250731,0.002200000000000002
2019-03-14,False,SPY,0.1680930619027865,GBF,0.03598943428888557,0.002200000000000002
2019-03-15,False,IVV,0.20567352558870922,GBF,0.039886083142049555,0.0023
2019-03-18,False,SPY,0.15187087126831966,BND,0.04344864618184996,0.0020999999999999994
2019-03-19,False,IVV,0.14336195850018996,BND,0.04333043092337108,0.0021999999999999975
2019-03-20,False,IVV,0.14113665824409516,GBF,0.0457453692805041,0.0023
2019-03-21,False,IVV,0.1434850705352524,BND,0.0469365630296088,0.002200000000000002
2019-03-22,False,SPY,0.12108909646623367,BND,0.04969252210083508,0.0018999999999999996
2019-03-25,False,SPY,0.14763174986950922,BND,0.05125894058591918,0.0018000000000000017
2019-03-26,False,IVV,0.11819211605183577,BND,0.051788000137278356,0.0014999999999999992
2019-03-27,False,SPY,0.10415843825022875,BND,0.05292471585285985,0.0014000000000000013
2019-03-28,False,SPY,0.09802730049360875,BND,0.055335892213682625,0.001200000000000001
2019-03-29,False,SPY,0.09981094158971149,BND,0.05523351065540316,0.0008000000000000007
2019-04-01,False,SPY,0.10894203128988167,BND,0.0516089525279142,0.001200000000000001
2019-04-02,False,SPY,0.10905678716188483,BND,0.05253610830223443,0.0008000000000000007
2019-04-03,False,SPY,0.11762043231692498,GBF,0.04935992397412359,0.0010999999999999988
2019-04-04,False,SPY,0.10788872931783722,BND,0.04783552150683179,0.0010000000000000009
2019-04-05,False,IVV,0.11046361165494001,BND,0.04982419116689907,0.0010000000000000009
2019-04-08,False,SPY,0.10304186182227237,BND,0.04690576150187753,0.0010000000000000009
2019-04-09,False,SPY,0.08297455724144354,GBF,0.04791025164944296,0.0008000000000000007
2019-04-10,False,SPY,0.10155100157715724,BND,0.05231418380775765,0.0010000000000000009
2019-04-11,False,SPY,0.09894592308924599,BND,0.052651956696054825,0.000900000000000003
2019-04-12,False,SPY,0.10579356202151269,BND,0.04875121642493219,0.001200000000000001
2019-04-15,False,IVV,0.0956396407283926,BND,0.05293681804791461,0.0010000000000000009
2019-04-16,False,SPY,0.10491315313455063,BND,0.05029499081469657,0.0007000000000000028
2019-04-17,False,SPY,0.10367404822241455,BND,0.0504304253718626,0.0008999999999999986
2019-04-18,False,SPY,0.08861379621761434,BND,0.05091772725053478,0.0004999999999999983
2019-04-22,False,SPY,0.08006659299453456,BND,0.05163568069576585,0.0008999999999999986
2019-04-23,False,SPY,0.08925355911400268,BND,0.05088790947786026,0.000900000000000003
2019-04-24,False,SPY,0.07924314954791312,BND,0.051999468829414086,0.0006999999999999984
2019-04-25,False,SPY,0.07407608178460001,BND,0.05228025208218168,0.0005000000000000026
2019-04-26,False,SPY,0.08050208765547051,BND,0.053810445374860905,0.00040000000000000034
2019-04-29,False,IVV,0.09248070432876432,BND,0.05146390258794087,0.0006999999999999984
2019-04-30,False,IVV,0.09182974226738616,BND,0.05072965610931979,0.0007000000000000028
2019-05-01,False,SPY,0.0830283272281136,BND,0.050791757658287695,0.0005000000000000026
2019-05-02,False,SPY,0.06696958905364148,BND,0.0491225299143514,0.0008000000000000007
2019-05-03,False,SPY,0.07392580496678747,BND,0.04999762205467073,0.00020000000000000017
2019-05-06,False,SPY,0.07188407744406144,BND,0.05143283701180246,0.000299999999999998
2019-05-07,False,SPY,0.04262219505793663,BND,0.053804008944877024,0.00020000000000000017
2019-05-08,False,SPY,0.039375076030405465,BND,0.05234809948085961,0.00020000000000000017
2019-05-09,False,SPY,0.03414586868028491,BND,0.0528488870761008,0.00030000000000000247
2019-05-10,False,VOO,0.04277990713084878,BND,0.05191023027545949,0.0006000000000000005
2019-05-13,False,SPY,0.0105722127276906,BND,0.053714057177699726,0.00040000000000000034
2019-05-14,False,SPY,0.018325205168466585,BND,0.052719414332985215,0.00030000000000000247
2019-05-15,False,SPY,0.025023406224393252,BND,0.05171577422388829,0.0
2019-05-16,False,IVV,0.034901558676216915,BND,0.04828832496143054,-0.00010000000000000231
2019-05-17,False,SPY,0.03018859227260262,BND,0.0464110231577608,-9.999999999999786e-05
2019-05-20,False,SPY,0.017026860530363397,BND,0.04405930147235404,-0.00020000000000000017
2019-05-21,False,VOO,0.029800675445376346,BND,0.04341173379772023,-0.00020000000000000017
2019-05-22,False,SPY,0.028177321970610292,BND,0.04640667723587266,-0.0005000000000000026
2019-05-23,False,SPY,0.021803404748689914,BND,0.049341593714068877,-0.0006000000000000005
2019-05-24,False,SPY,0.03276078552789152,BND,0.048408253033510595,-0.0006999999999999984
2019-05-28,False,SPY,0.025205914276420716,BND,0.04859625343394525,-0.000299999999999998
2019-05-29,False,SPY,0.003770199690795062,BND,0.04674647690222855,-0.00020000000000000017
2019-05-30,False,SPY,0.002730351001567044,BND,0.04770910891470326,-0.00020000000000000017
2019-05-31,False,SPY,-0.01728647138470296,BND,0.05378079807086533,-0.00040000000000000034
2019-06-03,False,VOO,-0.019593637688398058,BND,0.05677248995721729,-0.00040000000000000034
2019-06-04,False,VOO,-0.002870224672958055,BND,0.054729847003884835,-0.0010000000000000009
2019-06-05,False,VOO,0.0019798521248821643,BND,0.05700961908259594,-0.0008999999999999986
2019-06-06,False,VOO,0.008187197162635718,BND,0.054473034282432664,-0.0008000000000000007
2019-06-07,False,SPY,0.02166577872491593,BND,0.05475542751417217,-0.001200000000000001
2019-06-10,False,SPY,0.014891300530325724,BND,0.049920079647814974,-0.0016000000000000014
2019-06-11,False,SPY,0.03455684870188036,BND,0.047038472631835804,-0.0014999999999999992
2019-06-12,False,IVV,0.033391477697483074,BND,0.04474319055877074,-0.0016999999999999993
2019-06-13,False,SPY,0.03009391007398743,BND,0.049683173145226744,-0.0023
2019-06-14,False,VOO,0.034023668639051374,BND,0.05139879304096495,-0.0025
2019-06-17,False,SPY,0.030850343771154254,BND,0.05272598162091935,-0.0023
2019-06-18,False,IVV,0.03403279669681436,BND,0.053690294487651835,-0.0023
2019-06-19,False,IVV,0.024975576850336356,BND,0.05939925178190486,-0.0025
2019-06-20,False,IVV,0.03444108405231261,BND,0.058921109607398936,-0.0029000000000000002
2019-06-21,False,IVV,0.031006503519255713,BND,0.05691936500188177,-0.003400000000000003
2019-06-24,False,SPY,0.027473525386198405,BND,0.05870119478157587,-0.0032000000000000028
2019-06-25,False,SPY,0.012495488732971571,BND,0.05868356467078062,-0.0031000000000000003
2019-06-26,False,IVV,0.010668578035168963,BND,0.057458753701511434,-0.0027
2019-06-27,False,SPY,0.019523951587526067,BND,0.06132926879538836,-0.0027
2019-06-28,False,SPY,0.02128665792169615,BND,0.06034882772886774,-0.0031000000000000003
2019-07-01,False,VOO,0.030811212053007075,BND,0.0592094692064562,-0.0020000000000000018
2019-07-02,False,SPY,0.026583376799848013,BND,0.058986313824885395,-0.0016999999999999993
2019-07-03,False,VOO,0.035449986231164354,BND,0.06210122709788113,-0.0018000000000000017
2019-07-05,False,VOO,0.033391568756493406,BND,0.056722416401094655,-0.0018999999999999996
2019-07-08,False,SPY,0.03045545577291353,BND,0.05447203561199565,-0.0016000000000000014
2019-07-09,False,SPY,0.02971220380297357,BND,0.05201405898799227,-0.0016000000000000014
2019-07-10,False,SPY,0.033741164700282766,BND,0.04804062877338744,-0.0020999999999999994
2019-07-11,False,IVV,0.026917660398250165,BND,0.047519715027637854,-0.0023
2019-07-12,False,SPY,0.033822610370501494,BND,0.04933081052903665,-0.0027999999999999982
2019-07-15,False,SPY,0.03480386361015819,BND,0.04861686185119973,-0.0025999999999999977
2019-07-16,False,IVV,0.02646472459618221,BND,0.04761540085391425,-0.0027
2019-07-17,False,SPY,0.018102601525176842,BND,0.0499980039296839,-0.0027999999999999982
2019-07-18,False,SPY,0.02130847950090775,BND,0.050320744535626405,-0.0038000000000000035
2019-07-19,False,SPY,0.023326945475425243,BND,0.049575140686797026,-0.003900000000000001
2019-07-22,False,IVV,0.027818726918357184,BND,0.050846693831838374,-0.003400000000000003
2019-07-23,False,SPY,0.025374833888251347,BND,0.051539582264643835,-0.003799999999999999
2019-07-24,False,VOO,0.03425148630008534,BND,0.05071030599833737,-0.003300000000000001
2019-07-25,False,VOO,0.04616421648190827,BND,0.049176498629401655,-0.003300000000000001
2019-07-26,False,SPY,0.05547457237825082,BND,0.048258469193100506,-0.003300000000000001
2019-07-29,False,IVV,0.05666546704177766,BND,0.04928442247527376,-0.003300000000000001
2019-07-30,False,SPY,0.048886922199633975,BND,0.051134396358699874,-0.003700000000000001
2019-07-31,False,VOO,0.06380618941462979,BND,0.05003414968354525,-0.003799999999999999
2019-08-01,False,SPY,0.04543292267365584,BND,0.05793820218914436,-0.0040000000000000036
2019-08-02,False,SPY,0.03151925996245719,BND,0.05749822356505585,-0.003900000000000001
2019-08-05,False,SPY,-0.00868255254551964,BND,0.06418509914903758,-0.0040000000000000036
2019-08-06,False,IVV,0.01130787135742195,BND,0.06805355264033075,-0.0040000000000000036
2019-08-07,False,VOO,0.019051731679430306,BND,0.07135989652344521,-0.004199999999999999
2019-08-08,False,SPY,0.029806113687664837,BND,0.07036463479364286,-0.004399999999999999
2019-08-09,False,VOO,0.025832241734293326,BND,0.06765052597030463,-0.0046
2019-08-12,False,VOO,0.02580542172043443,BND,0.07100929437121972,-0.004700000000000002
2019-08-13,False,SPY,0.03958745097869509,BND,0.06628097886681106,-0.004500000000000001
2019-08-14,False,VOO,0.017715024583424555,BND,0.06874236337614525,-0.005
2019-08-15,False,SPY,0.02790840271854722,BND,0.07446446155707331,-0.0055000000000000005
2019-08-16,False,VOO,0.040160806757393974,BND,0.07078197841384193,-0.005899999999999999
2019-08-19,False,IVV,0.06698273491142182,BND,0.06790667579865706,-0.005100000000000002
2019-08-20,False,SPY,0.061669376457290204,BND,0.07162119903885023,-0.005100000000000002
2019-08-21,False,SPY,0.04756729208633237,BND,0.06911251444384137,-0.004800000000000002
2019-08-22,False,SPY,0.0382513931441959,BND,0.0677594952283096,-0.004399999999999999
2019-08-23,False,SPY,0.005045804431319967,BND,0.07220804826138716,-0.0049
2019-08-26,False,SPY,0.0060920690890633455,BND,0.06691575509276948,-0.004700000000000002
2019-08-27,False,SPY,-0.002433189378458933,BND,0.07029667406834594,-0.005100000000000002
2019-08-28,False,IVV,0.004579508845643954,BND,0.06485281236122109,-0.004699999999999999
2019-08-29,False,SPY,0.019469071290222795,BND,0.0629142304085688,-0.004699999999999999
2019-08-30,False,SPY,0.01482855324600929,BND,0.0625270880583455,-0.004699999999999999
2019-09-03,False,SPY,0.010010806181008913,BND,0.06153883938066351,-0.0046
2019-09-04,False,VOO,0.02071695095712678,BND,0.06301361321985421,-0.004600000000000002
2019-09-05,False,SPY,0.02349589966218746,BND,0.0583022596974101,-0.004299999999999999
2019-09-06,False,SPY,0.021979529858761726,BND,0.0637498707006472,-0.004700000000000002
2019-09-09,False,SPY,0.012817046672651822,BND,0.05833336490177521,-0.0046
2019-09-10,False,SPY,0.01404761904762064,BND,0.05437985636708231,-0.0049
2019-09-11,False,SPY,0.022510557144804544,BND,0.05270717428860161,-0.0048
2019-09-12,False,VOO,0.036151707445204684,BND,0.04991968475937392,-0.0049
2019-09-13,False,SPY,0.0365614349158232,BND,0.044939880383291,-0.004700000000000002
2019-09-16,False,IVV,0.0296644844517171,BND,0.04614305808918617,-0.004299999999999999
2019-09-17,False,IVV,0.02700593723494804,BND,0.047096900667134234,-0.004400000000000002
2019-09-18,False,SPY,0.018399512954070163,BND,0.049664344509188885,-0.004800000000000002
2019-09-19,False,IVV,0.01562552392448935,BND,0.05312449280431575,-0.0051
2019-09-20,False,IVV,0.0024627263045788883,BND,0.05662836029859508,-0.005200000000000002
2019-09-23,False,SPY,0.0037971396298293048,BND,0.05922100128474872,-0.0049000000000000024
2019-09-24,False,VOO,0.0013206162875993854,BND,0.062866984553267,-0.0052
2019-09-25,False,IVV,0.005521431355823392,BND,0.056393984225714844,-0.0053
2019-09-26,False,IVV,-0.0010716265063276387,BND,0.059203290661375085,-0.006099999999999999
2019-09-27,False,SPY,-0.008485317349656851,BND,0.05849352272832076,-0.0065000000000000014
2019-09-30,False,SPY,-0.008326576996655066,BND,0.056494984817881955,-0.005600000000000001
2019-10-01,False,SPY,-0.02044807926141412,BND,0.05777843242851066,-0.006100000000000001
2019-10-02,False,SPY,-0.03463802818034478,BND,0.05780603981647392,-0.006299999999999999
2019-10-03,False,SPY,-0.02006059264558946,BND,0.0635422166010382,-0.0074
2019-10-04,False,IVV,-0.010493014186157112,BND,0.06371906549253459,-0.0072000000000000015
2019-10-07,False,SPY,-0.009188350180706517,BND,0.060901262763638275,-0.006800000000000001
2019-10-08,False,SPY,-0.026960751656594395,BND,0.06377283159371272,-0.007500000000000002
2019-10-09,False,SPY,-0.02469385726339235,BND,0.060543828787979814,-0.007400000000000002
2019-10-10,False,SPY,-0.02269028608635193,BND,0.055978908407625205,-0.0076
2019-10-11,False,SPY,-0.007818861055383097,BND,0.0505408756682979,-0.007500000000000002
2019-10-14,False,SPY,-0.015519979715429955,BND,0.0530703406751476,-0.007550000000000004
2019-10-15,False,SPY,-0.003959390317173739,BND,0.04928222134686089,-0.007600000000000003
2019-10-16,False,SPY,-0.003111945866596577,BND,0.05053604631696973,-0.007700000000000002
2019-10-17,False,IVV,0.010626092252512542,BND,0.048335021817660584,-0.007500000000000002
2019-10-18,False,SPY,0.015303829249506906,BND,0.048187722318059345,-0.007500000000000002
2019-10-21,False,SPY,0.029941737084635323,BND,0.04415291663278342,-0.0075
2019-10-22,False,VOO,0.0577283735550389,BND,0.04756483919331567,-0.0075
2019-10-23,False,SPY,0.04680695223520548,BND,0.04780503384834023,-0.007400000000000002
2019-10-24,False,SPY,0.047898440100924145,BND,0.04922156546669054,-0.0072000000000000015
2019-10-25,False,SPY,0.03194271284511041,BND,0.047992597859740194,-0.007300000000000002
2019-10-28,False,SPY,0.044876569044317804,BND,0.04381557667146807,-0.0073
2019-10-29,False,IVV,0.05734646972248347,BND,0.04035001704840857,-0.007400000000000002
2019-10-30,False,SPY,0.044439588233406324,BND,0.043700380891479096,-0.0073
2019-10-31,False,IVV,0.07314383547743852,BND,0.04648130623956703,-0.0083
2019-11-01,False,SPY,0.08048508292393675,BND,0.045812438902454344,-0.0085
2019-11-04,False,SPY,0.06905239537481922,BND,0.040031324170229476,-0.008499999999999999
2019-11-05,False,IVV,0.05511840026724579,IEF,0.0291837389654952,-0.0079
2019-11-06,False,SPY,0.06354762992958451,IEF,0.0272235192340764,-0.0079
2019-11-07,False,SPY,0.05867512982474277,IEF,0.02275361071887927,-0.0079
2019-11-08,False,SPY,0.061612625179775504,IEF,0.021363873952792378,-0.008
2019-11-11,False,SPY,0.08752090675498736,IEF,0.022663618450835754,-0.0076
2019-11-12,False,SPY,0.0778935604758968,IEF,0.01909925910841692,-0.006899999999999997
2019-11-13,False,SPY,0.08248966180809592,IEF,0.026992449576142663,-0.0072
2019-11-14,False,SPY,0.07648550202196902,IEF,0.032139761650136434,-0.006999999999999999
2019-11-15,False,SPY,0.07060047601933084,IEF,0.028654969265146324,-0.006700000000000001
2019-11-18,False,IVV,0.07151132059178367,IEF,0.027866088096642594,-0.006199999999999999
2019-11-19,False,VOO,0.0775959837275344,IEF,0.029050631911054392,-0.006300000000000001
2019-11-20,False,SPY,0.06179960495940118,IEF,0.03302086218849487,-0.006599999999999999
2019-11-21,False,SPY,0.04663634582334719,IEF,0.028462077266156793,-0.006400000000000001
2019-11-22,False,SPY,0.04815446128951795,IEF,0.025468699821799667,-0.006000000000000001
2019-11-25,False,IVV,0.05567344836956267,IEF,0.024248825460434942,-0.0053
2019-11-26,False,IVV,0.05785465590696082,IEF,0.030389373098707928,-0.005099999999999998
2019-11-27,False,IVV,0.0553127209896811,IEF,0.02416731892699553,-0.005099999999999998
2019-11-29,False,IVV,0.0480241146256799,IEF,0.021761586007121192,-0.0053
2019-12-02,False,SPY,0.03984055091497707,IEF,0.02227844046368821,-0.005499999999999998
2019-12-03,False,IVV,0.035834085227741674,IEF,0.028300207841669422,-0.0057
2019-12-04,False,IVV,0.03974363450415508,IEF,0.023886739517551936,-0.0057
2019-12-05,False,SPY,0.04107390954880952,IEF,0.022780913448136708,-0.006699999999999999
2019-12-06,False,IVV,0.05060595994438799,IEF,0.01604427648785034,-0.006700000000000001
2019-12-09,False,SPY,0.052299852487593945,IEF,0.014932129322078547,-0.006699999999999999
2019-12-10,False,SPY,0.05137319338720947,IEF,0.020219346101578717,-0.006699999999999999
2019-12-11,False,SPY,0.06269645452394768,IEF,0.025479265885535174,-0.006899999999999997
2019-12-12,False,SPY,0.06555339022915141,IEF,0.018028718269856414,-0.0069999999999999975
2019-12-13,False,VOO,0.06836760878331494,IEF,0.023455321861785672,-0.006300000000000001
2019-12-16,False,IVV,0.0805460740740751,IEF,0.023717510966364985,-0.005999999999999998
2019-12-17,False,IVV,0.07514516456054832,IEF,0.022683424334656976,-0.0058000000000000005
2019-12-18,False,IVV,0.08837419848210648,IEF,0.017764081257883202,-0.006000000000000001
2019-12-19,False,IVV,0.11296933615912574,IEF,0.020802888948068254,-0.005799999999999999
2019-12-20,False,IVV,0.10942863138854686,IEF,0.016050634512983386,-0.005600000000000001
2019-12-23,False,IVV,0.09529319482723086,IEF,0.012633532358247379,-0.004599999999999997
2019-12-24,False,IVV,0.1003729079108322,IEF,0.01623048941325833,-0.0048
2019-12-26,False,IVV,0.12345249176507345,IEF,0.017239703010713425,-0.005099999999999998
2019-12-27,False,IVV,0.11269793221309987,IEF,0.02038697788737398,-0.0049
2019-12-30,False,IVV,0.09892588501115984,IEF,0.01825369327649673,-0.0053
2019-12-31,False,IVV,0.0905429942249425,IEF,0.01633279297011092,-0.0055000000000000005
2020-01-02,False,IVV,0.10167391047774976,IEF,0.02122206874831134,-0.0058000000000000005
2020-01-03,False,IVV,0.0825451151531813,IEF,0.027108303906748343,-0.006000000000000001
2020-01-06,False,IVV,0.08881639251146356,IEF,0.02553448877787523,-0.0052
2020-01-07,False,IVV,0.08280439113802252,IEF,0.021451102625500207,-0.0054
2020-01-08,False,IVV,0.09307392587168328,IEF,0.007657628072416767,-0.005299999999999998
2020-01-09,False,IVV,0.09261304610740573,IEF,0.0062977008462239414,-0.0052
2020-01-10,False,IVV,0.0933868332211254,IEF,-0.00016229168802606164,-0.005099999999999998
2020-01-13,False,IVV,0.09786421326786332,IEF,-0.0029315006140491207,-0.004799999999999998
2020-01-14,False,IVV,0.09420526257567663,IEF,-0.0009574629082838015,-0.0045
2020-01-15,False,IVV,0.09232819497291977,IEF,0.0014657630584020698,-0.0045
2020-01-16,False,IVV,0.09526839360039019,IEF,0.0009173711724768108,-0.0045
2020-01-17,False,IVV,0.0992533271061331,IEF,-0.00618412071608998,-0.004399999999999999
2020-01-21,False,IVV,0.09343747140019087,IEF,0.001294140931669574,-0.004399999999999999
2020-01-22,False,IVV,0.0968950080377664,IEF,-0.005162430054121869,-0.0040999999999999995
2020-01-23,False,IVV,0.08761853473295389,IEF,-0.008973898309159178,-0.0035999999999999986
2020-01-24,False,IVV,0.07368549961152615,IEF,-0.002809524162201371,-0.003300000000000001
2020-01-27,False,IVV,0.05752423091837611,IEF,0.008725220845107629,-0.003899999999999999
2020-01-28,False,IVV,0.06830287347614972,IEF,0.0009129641669862743,-0.003699999999999999
2020-01-29,False,IVV,0.06376617051831102,IEF,0.008367364769908514,-0.0040999999999999995
2020-01-30,False,IVV,0.06460618936349105,IEF,0.011578514904250659,-0.004299999999999999
2020-01-31,False,IVV,0.04740086584236369,IEF,0.00986919340170922,-0.004199999999999999
2020-02-03,False,IVV,0.0531188423183262,IEF,0.009989241277724714,-0.004399999999999998
2020-02-04,False,IVV,0.06886968870243226,IEF,-0.00017880931605374073,-0.0040999999999999995
2020-02-05,False,IVV,0.07923962667134066,IEF,-0.00485801835837385,-0.004199999999999999
2020-02-06,False,IVV,0.07539210537404317,IEF,-0.0022290907695489137,-0.004199999999999999
2020-02-07,False,IVV,0.06908234689951076,IEF,0.0022870560979368904,-0.004299999999999999
2020-02-10,False,IVV,0.07723469629242685,IEF,0.002034281634466728,-0.003999999999999999
2020-02-11,False,IVV,0.083226962674539,IEF,-0.001924773542708924,-0.003999999999999999
2020-02-12,False,IVV,0.09174521148240378,IEF,0.0036000517003746957,-0.003899999999999999
2020-02-13,False,IVV,0.08805659910055175,IEF,0.0038687677286168842,-0.003699999999999999
2020-02-14,False,IVV,0.0814702614135645,IEF,0.01260644706162073,-0.003799999999999999
2020-02-18,False,IVV,0.07673396638524821,IEF,0.021648645924587484,-0.003699999999999999
2020-02-19,False,IVV,0.07670715062573641,IEF,0.022473880520712308,-0.003799999999999999
2020-02-20,False,IVV,0.07634110367924252,IEF,0.0277465580149725,-0.003699999999999999
2020-02-21,False,IVV,0.0742825958761506,BND,0.04126438420282197,-0.003999999999999999
2020-02-24,False,IVV,0.04563795298664308,BND,0.04178966502118775,-0.0046
2020-02-25,False,IVV,0.00803401579528451,BND,0.04027042812651249,-0.0046
2020-02-26,False,IVV,0.0020393254757276047,BND,0.03892194476336286,-0.004199999999999999
2020-02-27,False,IVV,-0.05189245329197856,BND,0.03864088406381905,-0.0048
2020-02-28,False,IVV,-0.057983133906939655,BND,0.04178418739100409,-0.0063999999999999994
2020-03-02,False,IVV,-0.010820851651930918,BND,0.04035531522951885,-0.008100000000000001
2020-03-03,False,IVV,-0.04161440877121403,BND,0.04301709880509086,-0.0097
2020-03-04,False,SPY,-0.008635336625145817,BND,0.04773480720440704,-0.011699999999999999
2020-03-05,False,IVV,-0.04323645512164187,BND,0.049960581186987874,-0.0121
2020-03-06,False,VOO,-0.06469290112162818,BND,0.05604413211508219,-0.013500000000000002
2020-03-09,False,IVV,-0.13950211366838872,BND,0.053014145515984934,-0.015499999999999998
2020-03-10,False,IVV,-0.09337132479569177,BND,0.03785342784547874,-0.013800000000000002
2020-03-11,False,VOO,-0.14155729782533621,BND,0.015907764390973522,-0.0137
2020-03-12,True,VOO,-0.22850929797344188,BND,-0.042514293548467585,-0.013699999999999999
2020-03-13,True,SPY,-0.16157150862337333,BND,-0.0037522633222065727,-0.0143
2020-03-16,True,VOO,-0.2561797389581293,BND,0.00933376229741989,-0.0151
2020-03-17,True,SPY,-0.21719204805846049,GBF,-0.01277207176983064,-0.015300000000000001
2020-03-18,True,SPY,-0.2566437465155176,BND,-0.03472258520417859,-0.0167
2020-03-19,True,SPY,-0.25093434658029146,BND,-0.032347776486439384,-0.016399999999999998
2020-03-20,False,IVV,-0.2848657344388068,BND,-0.012313041749878462,-0.0163
2020-03-23,False,VOO,-0.31243839568377874,GBF,0.006388992958233475,-0.01655
2020-03-24,False,VOO,-0.2413275766814027,BND,0.011607645664957644,-0.0166
2020-03-25,False,VOO,-0.2344646571546508,GBF,0.0239008348563039,-0.0166
2020-03-26,False,VOO,-0.18621133761708863,BND,0.028793362464093697,-0.0166
2020-03-27,False,VOO,-0.2152593508527103,BND,0.033830210200511246,-0.0163
2020-03-30,False,VOO,-0.1954437496446776,GBF,0.03718470141281194,-0.015499999999999998
2020-03-31,False,IVV,-0.20523631670201015,BND,0.02591069595531148,-0.015399999999999999
2020-04-01,False,IVV,-0.24619126974323513,BND,0.03071477702043124,-0.015599999999999998
2020-04-02,False,IVV,-0.2273104742769545,BND,0.03540812880883393,-0.015799999999999998
2020-04-03,False,VOO,-0.2403628879177293,BND,0.036651421205365464,-0.015599999999999998
2020-04-06,False,VOO,-0.19541675818759352,BND,0.04214069761562844,-0.015
2020-04-07,False,IVV,-0.19773474186703255,BND,0.042858712161154555,-0.014899999999999998
2020-04-08,False,VOO,-0.16875816502517393,BND,0.042160713346532486,-0.014000000000000002
2020-04-09,False,VOO,-0.1566396762867801,BND,0.04861556380057963,-0.0129
2020-04-13,False,VOO,-0.1656422750455695,BND,0.04618390683511464,-0.0126
2020-04-14,False,VOO,-0.13225475885793225,GBF,0.04895254776312208,-0.013300000000000001
2020-04-15,False,VOO,-0.13743655727919257,BND,0.057998499454236185,-0.014199999999999999
2020-04-16,False,VOO,-0.14236813991703268,BND,0.05633103617610313,-0.014199999999999999
2020-04-17,False,IVV,-0.11807510342391314,BND,0.06031962368630506,-0.0144
2020-04-20,False,VOO,-0.13641802586521057,BND,0.05963986351685002,-0.014300000000000002
2020-04-21,False,IVV,-0.14752302140428097,BND,0.06033743111908185,-0.0146
2020-04-22,False,VOO,-0.13505498105750602,BND,0.05885495110029049,-0.014700000000000001
2020-04-23,False,VOO,-0.14834837425160163,BND,0.058647903369068555,-0.0146
2020-04-24,False,VOO,-0.14565436579723268,BND,0.05525735456925518,-0.014500000000000002
2020-04-27,False,VOO,-0.1362429473748219,BND,0.051897932306474326,-0.014500000000000002
2020-04-28,False,VOO,-0.1358433361557575,BND,0.05352444135289769,-0.0146
2020-04-29,False,VOO,-0.11988428561122533,BND,0.053117949243901785,-0.0147
2020-04-30,False,IVV,-0.1302644823209752,BND,0.04940490483129101,-0.0148
2020-05-01,False,IVV,-0.15845281127988908,BND,0.05071656952731218,-0.0146
2020-05-04,False,VOO,-0.15481713297918898,BND,0.05117519829171191,-0.014500000000000002
2020-05-05,False,VOO,-0.1484640914911476,BND,0.0492160342534782,-0.0148
2020-05-06,False,VOO,-0.15187067172105573,BND,0.04279713055730805,-0.0148
2020-05-07,False,VOO,-0.1459524767329391,BND,0.04776982932879936,-0.0151
2020-05-08,False,VOO,-0.1282525259462266,BND,0.044765902065815544,-0.014700000000000001
2020-05-11,False,VOO,-0.11899125149972345,BND,0.0442474450220911,-0.0148
2020-05-12,False,VOO,-0.10685183004982501,GBF,0.04181719073975687,-0.0144
2020-05-13,False,VOO,-0.09551276970816036,BND,0.04533634071134229,-0.014199999999999999
2020-05-14,False,IVV,-0.0806005355899938,BND,0.049340061954183057,-0.014199999999999999
2020-05-15,False,VOO,-0.033561718818808206,BND,0.05131647258731076,-0.014100000000000001
2020-05-18,False,SPY,0.0018640293898193327,BND,0.04914087941660217,-0.014100000000000001
2020-05-19,False,IVV,-0.050247951349618236,BND,0.05121544631368713,-0.014300000000000002
2020-05-20,False,VOO,-0.006960622032161745,BND,0.05048044961087639,-0.014500000000000002
2020-05-21,False,IVV,-0.054359058955613326,BND,0.056579356771502054,-0.0144
2020-05-22,False,VOO,-0.018310017303843407,BND,0.05217050679948687,-0.014500000000000002
2020-05-26,False,IVV,0.011139826176091105,BND,0.054450966810388524,-0.014300000000000002
2020-05-27,False,VOO,0.11180060966989669,BND,0.0548068192049449,-0.014100000000000001
2020-05-28,False,VOO,0.05568401501080111,BND,0.056551963809544414,-0.014100000000000001
2020-05-29,False,IVV,0.1147074752040056,BND,0.05880727663622731,-0.014300000000000002
2020-06-01,False,SPY,0.23907560303534425,BND,0.05769703052696973,-0.0144
2020-06-02,False,VOO,0.1439185915037957,BND,0.05920665403573788,-0.014400000000000001
2020-06-03,False,SPY,0.30955921257276375,BND,0.055783395848355566,-0.0142
2020-06-04,False,VOO,0.22934558570937713,BND,0.05224619202991043,-0.014300000000000002
2020-06-05,False,VOO,0.3336815807404001,BND,0.0506223203345737,-0.0142
2020-06-08,False,IVV,0.3484565911694597,BND,0.052080896713220026,-0.014000000000000002
2020-06-09,False,VOO,0.40011388440732265,BND,0.053932870148575285,-0.013600000000000001
2020-06-10,False,SPY,0.4308140838753085,BND,0.05700403670476728,-0.0137
2020-06-11,False,IVV,0.23416403573120714,BND,0.05132286378552875,-0.013500000000000002
2020-06-12,False,SPY,0.23266745005875733,BND,0.05365221039068113,-0.014000000000000002
2020-06-15,False,IVV,0.17448974349201385,BND,0.05669160741186863,-0.013600000000000001
2020-06-16,False,SPY,0.23494593954699838,BND,0.05700403670476728,-0.0137
2020-06-17,False,SPY,0.1911331931970175,BND,0.055987098441310446,-0.0137
2020-06-18,False,SPY,0.20962172647914867,BND,0.05543127164551587,-0.013800000000000002
2020-06-19,False,SPY,0.25942003656307255,BND,0.0564184528405578,-0.0142
2020-06-22,False,SPY,0.23891119712414555,BND,0.05455466759929939,-0.014100000000000001
2020-06-23,False,SPY,0.26286851559176516,BND,0.05245177795931477,-0.014100000000000001
2020-06-24,False,VOO,0.1529996304356751,BND,0.053195326925989495,-0.014000000000000002
2020-06-25,False,SPY,0.1643741998958641,BND,0.0543981813497767,-0.014000000000000002
2020-06-26,False,IVV,0.0995536356984299,BND,0.05369131773588576,-0.014199999999999999
2020-06-29,False,SPY,0.09923701866615531,BND,0.05353606332661509,-0.014100000000000001
2020-06-30,False,SPY,0.12357615373040898,BND,0.052744584297105934,-0.013900000000000001
2020-07-01,False,SPY,0.0990329613676717,BND,0.051399257650599495,-0.013999999999999999
2020-07-02,False,SPY,0.12907594211605167,BND,0.04960695178560681,-0.014100000000000001
2020-07-06,False,SPY,0.14100132621559602,BND,0.05110125600567139,-0.0142
2020-07-07,False,VOO,0.09903669260815029,BND,0.04980483192103091,-0.014100000000000001
2020-07-08,False,VOO,0.12751305259653,BND,0.04896538155220309,-0.0142
2020-07-09,False,SPY,0.15650326320259644,BND,0.04910746423703993,-0.014199999999999999
2020-07-10,False,SPY,0.14294468125787718,BND,0.04887439159853235,-0.0144
2020-07-13,False,SPY,0.13312916455835455,BND,0.05255801605134991,-0.014300000000000002
2020-07-14,False,SPY,0.1320343074770478,BND,0.05560374016283176,-0.0142
2020-07-15,False,IVV,0.12595065812940764,BND,0.0547284385964979,-0.014100000000000001
2020-07-16,False,SPY,0.12767306837499603,BND,0.05222106431217499,-0.014499999999999999
2020-07-17,False,SPY,0.10209113813830073,BND,0.05168330407727084,-0.0147
2020-07-20,False,SPY,0.12143917622486433,BND,0.05447867114015548,-0.0144
2020-07-21,False,SPY,0.15438560875547624,BND,0.05631142220322394,-0.014500000000000002
2020-07-22,False,IVV,0.15770756427507981,BND,0.05674229335791958,-0.0146
2020-07-23,False,SPY,0.13347647249211758,BND,0.0565745085461149,-0.0146
2020-07-24,False,SPY,0.13386253025683637,BND,0.05472938552880757,-0.0147
2020-07-27,False,SPY,0.12851356574021966,BND,0.05414313803342763,-0.0147
2020-07-28,False,SPY,0.10310391175866607,BND,0.052028763429932345,-0.0147
2020-07-29,False,SPY,0.11644168626230922,BND,0.05110191655392238,-0.014499999999999999
2020-07-30,False,SPY,0.13508235362936394,BND,0.048391371687800167,-0.0144
2020-07-31,False,SPY,0.16464982437890963,BND,0.0489464542743292,-0.0144
2020-08-03,False,SPY,0.1588779136262537,BND,0.04918892316738255,-0.0143
2020-08-04,False,SPY,0.1580308121232188,BND,0.050202101608866956,-0.0136
2020-08-05,False,SPY,0.13078012044771636,BND,0.0419029668713673,-0.011699999999999999
2020-08-06,False,VOO,0.149911446160661,BND,0.044224726739574116,-0.010299999999999998
2020-08-07,False,SPY,0.13175167580576552,BND,0.03682694726526692,-0.0085
2020-08-10,False,SPY,0.14302581304061457,BND,0.03590492834778192,-0.0060999999999999995
2020-08-11,False,SPY,0.13144188302951054,BND,0.02840852098869573,-0.0051
2020-08-12,False,VOO,0.13303074052166486,IEF,0.015149990782379774,-0.0034000000000000002
2020-08-13,False,SPY,0.11462138612807293,IEF,0.004056776399694817,-0.0023
2020-08-14,False,SPY,0.11671476911238354,IEF,0.02333849227165441,-0.0034
2020-08-17,False,SPY,0.11529248855171437,IEF,0.03535582380083069,-0.0031999999999999997
2020-08-18,False,VOO,0.11312422757725193,IEF,0.03661658974079396,-0.0024000000000000002
2020-08-19,False,VOO,0.09936370371814074,IEF,0.04204820533921905,-0.0017000000000000003
2020-08-20,False,IVV,0.08827821978986017,IEF,0.018149400307081898,-0.0013
2020-08-21,False,SPY,0.09513990223645541,IEF,0.04510382590926887,-0.0009
2020-08-24,False,SPY,0.07859331009154702,IEF,0.058339360321023825,0.001
2020-08-25,False,IVV,0.06938799065092582,IEF,0.05232598319196091,0.0007000000000000001
2020-08-26,False,VOO,0.08814103290069797,IEF,0.025801655384191324,0.0006
2020-08-27,False,SPY,0.09677722832029967,IEF,0.010218776526176754,0.0009
2020-08-28,False,SPY,0.17139115732044363,IEF,0.018816227050548973,0.0009000000000000001
2020-08-31,False,SPY,0.15333576790223136,IEF,0.0193114569716748,0.0011
2020-09-01,False,SPY,0.15343050851642692,IEF,0.02018067583026606,0.0012
2020-09-02,False,SPY,0.14801704232893398,IEF,0.014088817466569425,0.0009
2020-09-03,False,SPY,0.11313264928475908,IEF,0.013074187578053342,-9.999999999999995e-05
2020-09-04,False,SPY,0.10361934157511787,IEF,0.0056100171149395806,0.0
2020-09-08,False,SPY,0.07960730948678152,IEF,0.003680857799372328,0.0004000000000000001
2020-09-09,False,IVV,0.09373597486696061,IEF,0.00302149022068976,0.0003
2020-09-10,False,VOO,0.06996778017247784,IEF,0.0035168475410576328,0.0001999999999999999
2020-09-11,False,IVV,0.09852603996069687,IEF,0.009635887715579994,-0.00039999999999999996
2020-09-14,False,SPY,0.10122010736944631,IEF,0.01323297326354167,-0.00030000000000000014
2020-09-15,False,SPY,0.133711048158641,IEF,0.013992829300680798,-0.0011
2020-09-16,False,SPY,0.11285554752676652,IEF,0.011231970242794098,-0.0013
2020-09-17,False,VOO,0.0887697138623329,IEF,0.01370154770986276,-0.0017000000000000001
2020-09-18,False,VOO,0.0687878894067353,IEF,0.011486875265141583,-0.001
2020-09-21,False,SPY,0.051450273777799316,IEF,0.004340617732773389,-0.0004000000000000001
2020-09-22,False,SPY,0.046011059464264426,IEF,0.0032710324103772948,-0.0004000000000000001
2020-09-23,False,SPY,0.03240098566961369,IEF,0.005907966540731557,-9.999999999999995e-05
2020-09-24,False,SPY,0.02729541565373328,IEF,0.003764768154675302,-0.0001999999999999999
2020-09-25,False,IVV,0.04970960167060601,IEF,0.0017973677462421733,-9.999999999999995e-05
2020-09-28,False,IVV,0.05650612619334727,IEF,0.004752320563655488,-9.999999999999995e-05
2020-09-29,False,SPY,0.059954867475451756,IEF,0.004834421110813114,-0.00020000000000000004
2020-09-30,False,SPY,0.05432834934568587,IEF,0.0018736236217151703,-0.0001999999999999999
2020-10-01,False,SPY,0.051437331888426474,IEF,0.007806505993781965,-0.0003
2020-10-02,False,SPY,0.04489586453056882,IEF,0.0023993406302447173,-0.00020000000000000004
2020-10-05,False,SPY,0.06035099471897576,IEF,-0.0034124225773192185,0.0
2020-10-06,False,IVV,0.0367348137182657,IEF,0.0012761194222952188,0.00010000000000000009
2020-10-07,False,VOO,0.052611933836208546,IEF,-0.002991868179896273,-0.0001999999999999999
2020-10-08,False,VOO,0.05591640488180727,IEF,-0.0013409808100982579,-0.0004000000000000001
2020-10-09,False,VOO,0.07820117743724353,IEF,-0.0010973674782736031,-0.0003
2020-10-12,False,VOO,0.10273199635954566,IEF,0.003688832602008363,-0.00015
2020-10-13,False,SPY,0.0876434731472504,IEF,-0.0001791399964194973,0.0
2020-10-14,False,VOO,0.0876900365868305,IEF,0.003442126094511888,0.0
2020-10-15,False,SPY,0.0731652041180526,IEF,0.0051801978807652915,-9.999999999999995e-05
2020-10-16,False,IVV,0.07627955162498856,IEF,0.0012953447168237986,-0.00020000000000000004
2020-10-19,False,VOO,0.05137126411515136,IEF,-0.0024074167434960936,-0.00020000000000000004
2020-10-20,False,SPY,0.04860483598267096,IEF,-0.0061000283718684045,-0.0001999999999999999
2020-10-21,False,SPY,0.04259271448485191,IEF,-0.006765419912559079,-0.0001999999999999999
2020-10-22,False,SPY,0.04184085352177891,IEF,-0.004098731523484278,-0.0004000000000000001
2020-10-23,False,IVV,0.038318062538486464,IEF,-0.005480242994245876,-0.0003
2020-10-26,False,SPY,0.01851517894192356,IEF,-0.003082633390519174,-9.999999999999995e-05
2020-10-27,False,SPY,0.01197927286357281,IEF,-0.001509641628334557,-0.0001999999999999999
2020-10-28,False,VOO,-0.014693200946002793,IEF,-0.003476279414946881,-0.0001999999999999999
2020-10-29,False,SPY,-0.018146899257372895,IEF,-0.005065659069343087,-0.0005000000000000001
2020-10-30,True,VOO,-0.027155784938763694,IEF,-0.009102266363268607,-0.0006
2020-11-02,True,VOO,-0.015831569374212595,IEF,-0.00650426755146527,-0.0006
2020-11-03,True,VOO,-0.0016975273385330114,IEF,-0.011906452843245874,-0.0004000000000000001
2020-11-04,True,SPY,0.018578526066086898,IEF,-0.0031938620543982,-0.0004000000000000001
2020-11-05,False,IVV,0.04277577632840446,IEF,-0.001719101626762476,-0.0004999999999999999
2020-11-06,False,SPY,0.039311354200535664,IEF,0.0008231647994543234,-0.0006
2020-11-09,False,SPY,0.048651072571457066,IEF,-0.0026072970078079294,-0.00039999999999999996
2020-11-10,False,SPY,0.036609004936018597,IEF,-0.00046012007720241943,-0.0004999999999999999
2020-11-11,False,VOO,0.04058888432754304,IEF,4.6706765329140865e-05,-0.0007000000000000001
2020-11-12,False,SPY,0.02034294744360965,IEF,0.00214523911573683,-0.0009
2020-11-13,False,IVV,0.032168737961829175,IEF,-0.006619320270654705,-0.0008000000000000001
2020-11-16,False,VOO,0.038110261575226456,IEF,-0.010872890902649646,-0.0008000000000000001
2020-11-17,False,SPY,0.036559533919808374,IEF,-0.006109560672215353,-0.0007000000000000001
2020-11-18,False,VOO,0.014514155238603665,IEF,-0.005621145805935646,-0.0009
2020-11-19,False,IVV,0.00409181174121942,IEF,-0.0024892916324896763,-0.001
2020-11-20,False,SPY,0.03294590124103047,IEF,-0.0023139530973020905,-0.001
2020-11-23,False,VOO,0.04767038664469925,IEF,-0.006513709981868843,-0.0008
2020-11-24,False,IVV,0.09435909554495736,IEF,-0.00840977855526659,-0.0006
2020-11-25,False,SPY,0.07162916318329904,IEF,-0.0071808884197054335,-0.0007000000000000001
2020-11-27,False,SPY,0.0936025761105379,IEF,-0.0038770280714035543,-0.0007000000000000001
2020-11-30,False,SPY,0.08820703823270137,IEF,-0.006421072580097054,-0.0006999999999999999
2020-12-01,False,SPY,0.08580772406741688,IEF,-0.011867544005443875,-0.0007000000000000001
2020-12-02,False,SPY,0.0826222212450769,IEF,-0.01618797949387929,-0.0005000000000000001
2020-12-03,False,SPY,0.08663950172146029,IEF,-0.014522402892906294,-0.0006000000000000002
2020-12-04,False,IVV,0.10562558541397027,IEF,-0.016616950138688136,-0.0007000000000000001
2020-12-07,False,SPY,0.11625585967034446,IEF,-0.01202770748502524,-0.0006000000000000002
2020-12-08,False,SPY,0.13212221304706917,IEF,-0.012255911315005252,-0.0005000000000000001
2020-12-09,False,SPY,0.11065697850439049,IEF,-0.012196667184948273,-0.0006999999999999999
2020-12-10,False,SPY,0.13665385569055166,IEF,-0.0131340971365006,-0.0006999999999999999
2020-12-11,False,SPY,0.13230293663060233,IEF,-0.00961559648817023,-0.0006999999999999999
2020-12-14,False,SPY,0.10929942506008117,IEF,-0.013353369847351915,-0.0004000000000000001
2020-12-15,False,SPY,0.10592776564230055,IEF,-0.012398604751399533,-0.0005
2020-12-16,False,SPY,0.11372867587327451,IEF,-0.014273192874597052,-0.0005000000000000001
2020-12-17,False,SPY,0.11152915882827141,IEF,-0.01491177199507665,-0.0006999999999999999
2020-12-18,False,SPY,0.10004747211013387,IEF,-0.015411946965468104,-0.0008
2020-12-21,False,SPY,0.10662098826750932,IEF,-0.01547982365370848,-0.00020000000000000004
2020-12-22,False,SPY,0.08550652600377218,IEF,-0.01359212926866571,-0.00020000000000000004
2020-12-23,False,SPY,0.10215003013834312,IEF,-0.01629409720989916,-0.0004000000000000001
2020-12-24,False,SPY,0.08750801045919632,IEF,-0.01594384351162781,-0.0004000000000000001
2020-12-28,False,SPY,0.08721506913679633,IEF,-0.016183631369284135,-0.00020000000000000004
2020-12-29,False,SPY,0.07553627747355973,IEF,-0.017312225636336387,-0.0001999999999999999
2020-12-30,False,SPY,0.060017666237050626,IEF,-0.016173684172639757,-0.0003
2020-12-31,False,SPY,0.07240200739475555,IEF,-0.01398576033953658,-0.00020000000000000004
2021-01-04,False,SPY,0.06449093465782973,IEF,-0.016075119768028445,-0.00020000000000000004
2021-01-05,False,SPY,0.07314878121880963,IEF,-0.019652408655136955,-0.00020000000000000004
2021-01-06,False,SPY,0.08021740484877538,IEF,-0.026695347965025595,0.0
2021-01-07,False,SPY,0.11319100368679003,IEF,-0.030406969446337695,0.0
2021-01-08,False,SPY,0.11506697956202094,IEF,-0.03271345497275169,-0.00020000000000000004
2021-01-11,False,SPY,0.10965103863482839,IEF,-0.03788991464775526,-9.999999999999995e-05
2021-01-12,False,SPY,0.10383054134159142,IEF,-0.034837330040629166,-0.00010000000000000009
2021-01-13,False,SPY,0.1030580374861485,IEF,-0.032587776320697426,-0.00010000000000000009
2021-01-14,False,SPY,0.11989073375065318,IEF,-0.03274576919100858,-0.00010000000000000009
2021-01-15,False,SPY,0.11556946367295251,IEF,-0.029095498138016707,-0.00020000000000000004
2021-01-19,False,SPY,0.16411721447716343,IEF,-0.025176744194448375,-0.00020000000000000004
2021-01-20,False,VOO,0.16833935648678655,IEF,-0.021878763151723213,-0.0003
2021-01-21,False,SPY,0.18173716271299978,IEF,-0.021269284455942783,-0.00010000000000000009
2021-01-22,False,SPY,0.16450221879261773,IEF,-0.02026568688173125,-0.00020000000000000004
2021-01-25,False,SPY,0.14881140099268797,IEF,-0.017917349072836264,-0.00010000000000000009
2021-01-26,False,SPY,0.12194366659629985,IEF,-0.01993941590272308,-0.0001999999999999999
2021-01-27,False,SPY,0.07358492210868528,IEF,-0.017496375764941896,-0.0003
2021-01-28,False,SPY,0.08306535278408034,IEF,-0.02286303624923358,-0.00039999999999999996
2021-01-29,False,SPY,0.048211329484622256,IEF,-0.025308429898933227,-0.0004000000000000001
2021-02-01,False,VOO,0.06715011457660669,IEF,-0.022735778946066154,-0.0004999999999999999
2021-02-02,False,SPY,0.07433465267893391,IEF,-0.022841719361938573,-0.00039999999999999996
2021-02-03,False,SPY,0.08571168567576204,IEF,-0.024874197225525085,-0.0007000000000000001
2021-02-04,False,SPY,0.08305724276685833,IEF,-0.021745408550341683,-0.0007000000000000001
2021-02-05,False,SPY,0.07391484089311007,IEF,-0.025425052563994188,-0.0007000000000000001
2021-02-08,False,SPY,0.08751951410622438,IEF,-0.026054613001394777,-0.0006
2021-02-09,False,SPY,0.10003417099093981,IEF,-0.028493203562537484,-0.0007999999999999999
2021-02-10,False,SPY,0.09494506926681079,IEF,-0.02737993573724129,-0.0006999999999999999
2021-02-11,False,SPY,0.10427530219236303,IEF,-0.029393102495350543,-0.0006
2021-02-12,False,SPY,0.10311756016175377,IEF,-0.027180540680257548,-0.0007000000000000001
2021-02-16,False,SPY,0.08468407009160916,IEF,-0.03626345808268605,-0.0009
2021-02-17,False,SPY,0.08660820911221556,IEF,-0.03512857537956582,-0.0007999999999999999
2021-02-18,False,SPY,0.07897870576501975,IEF,-0.03639899761679444,-0.0009
2021-02-19,False,SPY,0.08186276554858996,IEF,-0.04176408230699036,-0.0007000000000000001
2021-02-22,False,SPY,0.061926653267919685,IEF,-0.042463051878300906,-0.0008
2021-02-23,False,SPY,0.06098422834329176,IEF,-0.04125046712691671,-0.0007000000000000001
2021-02-24,False,SPY,0.07296811930637248,IEF,-0.04201749927478737,-0.0009
2021-02-25,False,SPY,0.038167578153302184,IEF,-0.05505890554525228,-0.0005
2021-02-26,False,VOO,0.034914407691300386,IEF,-0.04575300982352348,-0.0006000000000000001
2021-03-01,False,SPY,0.056939533200185855,IEF,-0.04854567185138714,-0.0005
2021-03-02,False,SPY,0.05818262654793038,IEF,-0.04681665308268024,-0.0006000000000000001
2021-03-03,False,SPY,0.044507905551300686,IEF,-0.051921375161708694,-0.0006
2021-03-04,False,SPY,0.03279329445427259,IEF,-0.057078462295145904,-0.0006000000000000001
2021-03-05,False,SPY,0.05652345324870178,IEF,-0.05916646341917875,-0.0006000000000000001
2021-03-08,False,SPY,0.037240369407634644,IEF,-0.0627130948522937,-0.0006
2021-03-09,False,SPY,0.05040114756690817,IEF,-0.05896601026214465,-0.00039999999999999996
2021-03-10,False,SPY,0.05106196809776731,IEF,-0.05443918583437246,-0.0006000000000000001
2021-03-11,False,SPY,0.06595698575220976,IEF,-0.05530586202123322,-0.0005
2021-03-12,False,SPY,0.07122274778448268,IEF,-0.061177918275761245,-0.0005
2021-03-15,False,SPY,0.07943034527829052,IEF,-0.05407700727464304,-0.0006000000000000001
2021-03-16,False,SPY,0.07710096036129399,IEF,-0.05642784689213831,-0.0008
2021-03-17,False,SPY,0.07658536585365949,IEF,-0.0552722930761671,-0.0008
2021-03-18,False,SPY,0.051884891313108694,IEF,-0.06287193036072969,-0.0008
2021-03-19,False,SPY,0.051951187207236016,IEF,-0.06298757327197568,-0.0009000000000000001
2021-03-22,False,SPY,0.058840267599658214,IEF,-0.06092912954948415,-0.00075
2021-03-23,False,IVV,0.04483337329177606,IEF,-0.058390426576727994,-0.001
2021-03-24,False,IVV,0.053994921938304685,IEF,-0.057461562479242945,-0.001
2021-03-25,False,SPY,0.05291387651372381,IEF,-0.05769190315430206,-0.0009
2021-03-26,False,SPY,0.06352325766260658,IEF,-0.06029183373636615,-0.0009
2021-03-29,False,SPY,0.04742404840174563,IEF,-0.06197124867599191,-0.0008
2021-03-30,False,SPY,0.03872688442948391,IEF,-0.06078264981052239,-0.0008
2021-03-31,False,SPY,0.050015213403326264,IEF,-0.06086746961804179,-0.0007000000000000001
2021-04-01,False,IVV,0.061093742216608904,IEF,-0.053416094168294515,-0.0006999999999999999
2021-04-05,False,SPY,0.07346998900596868,IEF,-0.05742116023791677,-0.0007000000000000001
2021-04-06,False,SPY,0.0766061928437829,IEF,-0.05534613561548285,-0.0009
2021-04-07,False,SPY,0.08577035320190896,IEF,-0.058035408656983645,-0.0008
2021-04-08,False,SPY,0.08242507210574157,IEF,-0.054721130781402394,-0.0009000000000000001
2021-04-09,False,SPY,0.07541222066660147,IEF,-0.05321878710623851,-0.0006999999999999999
2021-04-12,False,SPY,0.07482430123041572,IEF,-0.050728533428234246,-0.0006999999999999999
2021-04-13,False,IVV,0.08180636841825528,IEF,-0.0484312726014865,-0.0006
2021-04-14,False,SPY,0.07390896267215119,IEF,-0.04745993619228306,-0.0008
2021-04-15,False,IVV,0.08707987408603968,IEF,-0.04935993219067991,-0.0008
2021-04-16,False,SPY,0.1181029548924315,IEF,-0.05177464945463495,-0.0008
2021-04-19,False,SPY,0.10312263802116695,IEF,-0.04954730933509832,-0.0008
2021-04-20,False,SPY,0.11741624099306569,IEF,-0.039623610331987025,-0.0008
2021-04-21,False,SPY,0.1095208336502218,IEF,-0.03638124488260419,-0.0007000000000000001
2021-04-22,False,SPY,0.08405859357799761,IEF,-0.03715810853138202,-0.0007000000000000001
2021-04-23,False,VOO,0.09475766122965212,IEF,-0.043860329880214155,-0.0007000000000000001
2021-04-26,False,SPY,0.08490658899794234,IEF,-0.04358858093955509,-0.0006
2021-04-27,False,VOO,0.08032468236491175,IEF,-0.04663587539474123,-0.0008
2021-04-28,False,VOO,0.07190883528591474,IEF,-0.047842784645816594,-0.0008
2021-04-29,False,IVV,0.07991245962503002,IEF,-0.04919551067986905,-0.0008
2021-04-30,False,VOO,0.07322200582541538,IEF,-0.04938912327590639,-0.0006000000000000001
2021-05-03,False,IVV,0.07385440368149587,IEF,-0.04942683985199503,-0.0003000000000000001
2021-05-04,False,VOO,0.06197269561445884,IEF,-0.04627776162919328,-0.0006
2021-05-05,False,IVV,0.06301273848462574,IEF,-0.043598159941109715,-0.0006999999999999999
2021-05-06,False,SPY,0.07149740183414477,IEF,-0.04349879999930262,-0.0006999999999999999
2021-05-07,False,VOO,0.08385750546323978,IEF,-0.04602381265829203,-0.0006999999999999999
2021-05-10,False,SPY,0.0750741180265031,IEF,-0.04730761370152148,-0.0006
2021-05-11,False,SPY,0.07373826587630639,IEF,-0.04380666611270079,-0.0008
2021-05-12,False,SPY,0.04965174298952957,IEF,-0.04682404126087314,-0.0006999999999999999
2021-05-13,False,SPY,0.05068286923341114,IEF,-0.046188135516134876,-0.0006
2021-05-14,False,SPY,0.09315694930733875,IEF,-0.04032930691311942,-0.0008
2021-05-17,False,SPY,0.09602276482705308,IEF,-0.04421787781786357,-0.0006
2021-05-18,False,SPY,0.06086419665004272,IEF,-0.045175175661631206,-0.0006999999999999999
2021-05-19,False,SPY,0.06640433206599927,IEF,-0.04666920624842752,-0.0007000000000000001
2021-05-20,False,SPY,0.09234552841670651,IEF,-0.044883914541449466,-0.0007000000000000001
2021-05-21,False,SPY,0.10512693387948024,IEF,-0.046457800884303846,-0.0007000000000000001
2021-05-24,False,SPY,0.09622603441097666,IEF,-0.04498301033563312,-0.0006999999999999999
2021-05-25,False,SPY,0.09926685130468638,IEF,-0.040515530249482845,-0.0006
2021-05-26,False,SPY,0.08594381151871189,IEF,-0.04080302529686042,-0.0006999999999999999
2021-05-27,False,SPY,0.07979256448365168,IEF,-0.04177763035711646,-0.0006
2021-05-28,False,VOO,0.07080066062230217,IEF,-0.04106026448829636,-0.0007000000000000001
2021-06-01,False,VOO,0.06846279543213218,IEF,-0.04188040350981814,-0.0006999999999999999
2021-06-02,False,SPY,0.06382028519845839,IEF,-0.04239096116909824,-0.0006999999999999999
2021-06-03,False,SPY,0.061210581393630115,IEF,-0.04282171263343859,-0.0006999999999999999
2021-06-04,False,SPY,0.06727696361754165,IEF,-0.038904294621049385,-0.0006999999999999999
2021-06-07,False,SPY,0.08198401312362336,IEF,-0.039738119231564006,-0.0009
2021-06-08,False,SPY,0.08421485056998912,IEF,-0.03681411061171436,-0.0008
2021-06-09,False,SPY,0.07402124353651374,IEF,-0.03444401461618818,-0.0005
2021-06-10,False,VOO,0.0872279433162031,IEF,-0.03165889855726445,-0.0006
2021-06-11,False,SPY,0.09493703550784494,IEF,-0.03332248580278929,-0.0006
2021-06-14,False,SPY,0.09124967924044247,IEF,-0.034078447157509184,-0.0006
2021-06-15,False,SPY,0.07197333198646527,IEF,-0.028227947697215816,-0.0006
2021-06-16,False,SPY,0.06652685835565064,IEF,-0.031469620112892116,-0.0005
2021-06-17,False,SPY,0.06900919615940082,IEF,-0.02520592356976259,-0.0004
2021-06-18,False,SPY,0.05037689551636193,IEF,-0.017780332746096805,-0.0003
2021-06-21,False,SPY,0.0540315320236846,IEF,-0.02075978913378318,-0.00039999999999999996
2021-06-22,False,IVV,0.04422377079903139,IEF,-0.022371383932853206,-0.0005
2021-06-23,False,SPY,0.044029700298392926,IEF,-0.022090170732920966,-0.00039999999999999996
2021-06-24,False,IVV,0.048989362390000846,IEF,-0.024901445483032747,-0.00039999999999999996
2021-06-25,False,SPY,0.04774463685471719,IEF,-0.027508845788797975,-0.0003
2021-06-28,False,SPY,0.0422792554095337,IEF,-0.02487298747367972,-0.0003
2021-06-29,False,SPY,0.04246004637213319,IEF,-0.02296450235134062,-0.0005
2021-06-30,False,SPY,0.04025443794232375,IEF,-0.02292475914429115,-0.0003
2021-07-01,False,SPY,0.04959850813091915,IEF,-0.027565545515396916,-0.00039999999999999996
2021-07-02,False,SPY,0.04638039727002963,IEF,-0.02369620390484528,-0.00020000000000000004
2021-07-06,False,IVV,0.040333202553127556,IEF,-0.01970419936557355,-0.0003
2021-07-07,False,VOO,0.04973006046956385,IEF,-0.014275402007003835,-0.00020000000000000004
2021-07-08,False,IVV,0.04893600168604606,IEF,-0.009992127923834526,0.0
2021-07-09,False,SPY,0.050217955185187346,IEF,-0.016208020979489812,-0.00010000000000000009
2021-07-12,False,IVV,0.06359923142540636,IEF,-0.014223865723662965,-0.00020000000000000004
2021-07-13,False,SPY,0.0486980293083199,IEF,-0.014861247540791434,0.00010000000000000002
2021-07-14,False,IVV,0.04790793272548588,IEF,-0.010279436065866787,0.00019999999999999998
2021-07-15,False,IVV,0.04464370090490233,IEF,-0.004007581742972666,0.00020000000000000004
2021-07-16,False,SPY,0.03682396677307209,IEF,-0.00460025404420028,0.0
2021-07-19,False,SPY,0.01504356712560484,IEF,0.0031444566499052584,0.00010000000000000002
2021-07-20,False,SPY,0.03639922178502686,IEF,-0.0006724687043904165,0.0
2021-07-21,False,SPY,0.04254176971125512,IEF,-0.005683947640184095,0.0
2021-07-22,False,SPY,0.051210205605747516,IEF,-9.217223646640349e-05,0.00010000000000000002
2021-07-23,False,SPY,0.06169294368462985,IEF,0.005631620683060445,0.00010000000000000002
2021-07-26,False,VOO,0.05581507015527265,IEF,0.004258275191080907,0.00010000000000000002
2021-07-27,False,SPY,0.0434610003227911,IEF,0.008631041036836207,0.00020000000000000004
2021-07-28,False,IVV,0.053246919740387755,IEF,0.0135596452848048,0.00010000000000000002
2021-07-29,False,VOO,0.06733046517627672,IEF,0.01211068708476648,0.0003
2021-07-30,False,SPY,0.08523247935649958,IEF,0.014171626387488478,0.00019999999999999998
2021-08-02,False,SPY,0.07010102548332298,IEF,0.02002003768226035,0.00020000000000000004
2021-08-03,False,IVV,0.06248582938141656,BND,0.02959508864674021,0.00010000000000000002
2021-08-04,False,IVV,0.059960218534304666,BND,0.02072959684317177,0.00010000000000000002
2021-08-05,False,IVV,0.07580521079023406,BND,0.01969904770445563,0.0
2021-08-06,False,SPY,0.08055614354915352,IEF,0.014188459101492468,0.00019999999999999998
2021-08-09,False,SPY,0.0681855696839766,BND,0.016311780784676877,9.999999999999995e-05
2021-08-10,False,SPY,0.0703907243908346,BND,0.017994654011262545,0.00010000000000000002
2021-08-11,False,SPY,0.06222194999516906,BND,0.01930383025506166,0.00010000000000000002
2021-08-12,False,IVV,0.067047080034085,BND,0.024115702384373217,9.999999999999995e-05
2021-08-13,False,SPY,0.06759889999503521,BND,0.024776300203697144,9.999999999999995e-05
2021-08-16,False,SPY,0.06955127196362709,BND,0.02379823028194905,0.00019999999999999998
2021-08-17,False,SPY,0.060642883867372266,BND,0.022612171912138823,0.0003000000000000001
2021-08-18,False,SPY,0.049959065876456155,BND,0.028534934099099685,0.0003000000000000001
2021-08-19,False,IVV,0.04987002113044503,BND,0.02958231106435094,0.00019999999999999998
2021-08-20,False,SPY,0.06223029839575944,BND,0.029465783268289192,0.00030000000000000003
2021-08-23,False,SPY,0.06186255196834778,BND,0.03006847907807475,0.00030000000000000003
2021-08-24,False,SPY,0.06458103892158218,BND,0.032309774301063854,0.0004
2021-08-25,False,VOO,0.0664526379674737,BND,0.029781592327314366,0.0005
2021-08-26,False,SPY,0.061875485500177074,BND,0.026981753094007965,0.00020000000000000004
2021-08-27,False,IVV,0.06638524667484047,BND,0.027653486817479367,0.0004
2021-08-30,False,SPY,0.06933514408139607,BND,0.02726822960437736,0.00030000000000000003
2021-08-31,False,VOO,0.06491705315496343,BND,0.02668773928007573,0.0002
2021-09-01,False,SPY,0.06789052276877072,BND,0.028683023537768193,0.00030000000000000003
2021-09-02,False,SPY,0.07719025454461259,BND,0.03145102558493429,0.00020000000000000004
2021-09-03,False,IVV,0.07721623860811988,BND,0.028210723633315116,0.00030000000000000003
2021-09-07,False,VOO,0.08781423168292046,BND,0.02571549536051254,0.00020000000000000004
2021-09-08,False,SPY,0.07140141614788775,BND,0.02409131988952251,0.00030000000000000003
2021-09-09,False,SPY,0.061142492496041534,BND,0.029353547527519508,0.00010000000000000002
2021-09-10,False,SPY,0.05404637955513425,BND,0.02322849094777757,0.00030000000000000003
2021-09-13,False,SPY,0.05052928722653349,BND,0.025977849767811145,0.00039999999999999996
2021-09-14,False,SPY,0.041161716790510505,BND,0.026174231167606088,0.0003
2021-09-15,False,SPY,0.04774604065782384,BND,0.0265539181136627,0.0002
2021-09-16,False,IVV,0.045443963309586666,BND,0.024897042564862693,0.0002
2021-09-17,False,IVV,0.03444826944547663,BND,0.020947114279653123,0.00010000000000000002
2021-09-20,False,IVV,0.011287151613276203,BND,0.024509590539374626,0.0002
2021-09-21,False,SPY,0.0030272473960619717,BND,0.019957458971973097,9.999999999999999e-05
2021-09-22,False,SPY,0.014659791634332953,BND,0.023774556717156115,9.999999999999999e-05
2021-09-23,False,SPY,0.02337125640595783,BND,0.0189922545307446,9.999999999999999e-05
2021-09-24,False,SPY,0.033477763666232896,IEF,0.013855354862688962,0.0
2021-09-27,False,SPY,0.019636592873204517,IEF,0.010609592417345937,0.00010000000000000002
2021-09-28,False,SPY,-0.004476825915271765,IEF,0.005966082355622904,0.00010000000000000002
2021-09-29,False,SPY,0.0006098183839682303,BND,0.008045374865107702,0.00010000000000000002
2021-09-30,False,VOO,-0.013261947668155138,BND,0.008517637807509137,0.00010000000000000002
2021-10-01,False,VOO,0.0017694545096107461,BND,0.014556656456422346,0.0003
2021-10-04,False,IVV,-0.0031061186838059474,BND,0.01336967368979547,0.0003
2021-10-05,False,VOO,0.02217607479526973,BND,0.011713272511240325,0.0003
2021-10-06,False,SPY,0.012172520603943582,BND,0.010762863145644452,0.0003
2021-10-07,False,IVV,0.01246761813180619,BND,0.0076785318232988065,0.00010000000000000002
2021-10-08,False,VOO,0.008562676777345235,BND,0.0038961956183545254,0.00030000000000000003
2021-10-11,False,SPY,-0.008736629331060008,IEF,0.001189384282480166,0.00035000000000000005
2021-10-12,False,IVV,-0.013651935433830586,BND,0.0049630120461021665,0.00039999999999999996
2021-10-13,False,IVV,-0.005604421407943483,IEF,0.006887661004814749,0.00030000000000000003
2021-10-14,False,SPY,0.011625631721871255,IEF,0.011285502124221969,0.00030000000000000003
2021-10-15,False,SPY,0.015119889603656844,IEF,0.007956111874036997,0.0004
2021-10-18,False,SPY,0.023093772356532316,IEF,0.011425410034249017,0.00039999999999999996
2021-10-19,False,SPY,0.033154350728944015,IEF,0.004439208869438049,0.00030000000000000003
2021-10-20,False,SPY,0.028842205688204725,IEF,0.0017998842377096036,0.0004
2021-10-21,False,VOO,0.03650749096455019,IEF,0.0001266411677092183,0.00039999999999999996
2021-10-22,False,SPY,0.029033946468112637,IEF,0.002678209091857786,0.00039999999999999996
2021-10-25,False,VOO,0.03259495376025545,IEF,0.006912018095173167,0.0005
2021-10-26,False,VOO,0.03457301413542324,IEF,0.003997284312921012,0.0005
2021-10-27,False,SPY,0.02875370299314617,IEF,0.009268317026023487,0.0005
2021-10-28,False,SPY,0.03610541350787577,IEF,0.005664099550140911,0.00039999999999999996
2021-10-29,False,SPY,0.035105635354467646,IEF,0.0024201583150353922,0.00030000000000000003
2021-11-01,False,SPY,0.035002747889986585,IEF,0.003482209238715006,0.00030000000000000003
2021-11-02,False,SPY,0.03674618706246169,IEF,0.007693756966774101,0.00030000000000000003
2021-11-03,False,SPY,0.0499584882722206,IEF,0.004622101072067064,0.0004
2021-11-04,False,VOO,0.06640247329635973,IEF,0.010252725640514049,0.0002
2021-11-05,False,VOO,0.06852144341598332,IEF,0.01462930966516307,0.00030000000000000003
2021-11-08,False,SPY,0.061095246020185234,IEF,0.012811715743183738,0.00039999999999999996
2021-11-09,False,SPY,0.04836599151575638,IEF,0.011885806963396028,0.0002
2021-11-10,False,SPY,0.038283831872420127,IEF,0.004017812857267211,0.00030000000000000003
2021-11-11,False,SPY,0.03644492989190762,IEF,-0.0020910981425246167,0.00030000000000000003
2021-11-12,False,SPY,0.050467927818953484,IEF,-0.0031176208350756074,0.00020000000000000004
2021-11-15,False,SPY,0.04151545838230608,IEF,-0.010547696655692218,0.00020000000000000004
2021-11-16,False,VOO,0.04104062374237882,IEF,-0.009960668219074376,0.00020000000000000004
2021-11-17,False,IVV,0.03992678084276147,IEF,-0.003298539378393972,0.00020000000000000004
2021-11-18,False,VOO,0.04280373454704067,IEF,-0.0028621348967741156,0.00020000000000000004
2021-11-19,False,VOO,0.03775075126647165,GBF,0.0059749773262030015,0.00010000000000000002
2021-11-22,False,SPY,0.035320005509541064,IEF,-0.004192907301016846,0.00010000000000000002
2021-11-23,False,IVV,0.04022322684038726,IEF,-0.013876784054610125,9.999999999999995e-05
2021-11-24,False,VOO,0.044168156616139154,IEF,-0.0076593883878395275,9.999999999999995e-05
2021-11-26,False,IVV,0.025254785624995835,BND,0.002265964144690269,0.00019999999999999998
2021-11-29,False,IVV,0.04632375890100193,BND,0.0028502084756407697,9.999999999999995e-05
2021-11-30,False,SPY,0.02340886432664413,BND,0.004263326170774073,0.0
2021-12-01,False,IVV,0.01752116015939076,BND,0.006788256067693954,0.0
2021-12-02,False,SPY,0.024559890628473635,BND,0.004206749340769589,0.0
2021-12-03,False,SPY,0.017257434129142935,BND,0.007619639288182434,0.00019999999999999998
2021-12-06,False,SPY,0.039397371998188824,BND,0.004212776736196577,0.0
2021-12-07,False,VOO,0.07859060594625089,BND,0.002072055699734232,9.999999999999995e-05
2021-12-08,False,VOO,0.08267673132551567,IEF,-0.0032654262538475143,0.00020000000000000004
2021-12-09,False,VOO,0.0650269122538012,IEF,-0.005989678732804871,9.999999999999995e-05
2021-12-10,False,SPY,0.06218692179249996,GBF,-0.009224585648705763,9.999999999999995e-05
2021-12-13,False,SPY,0.05104638327588762,IEF,-0.006023555849251405,-9.999999999999995e-05
2021-12-14,False,SPY,0.046810048798120896,GBF,-0.003943953673284373,-9.999999999999995e-05
2021-12-15,False,SPY,0.08503181776261326,BND,-0.004566506757842093,0.0
2021-12-16,False,IVV,0.07339719715611182,GBF,-0.0002685038602641132,0.0
2021-12-17,False,SPY,0.07541474810085336,GBF,-0.001760875927436456,-9.999999999999995e-05
2021-12-20,False,IVV,0.05146420986493849,GBF,-0.006058170324588441,0.00020000000000000004
2021-12-21,False,VOO,0.08374445092717053,IEF,-0.00855286237894859,0.00020000000000000004
2021-12-22,False,SPY,0.0837018288964404,IEF,-0.016021169767732157,0.0003
2021-12-23,False,IVV,0.08587248542088499,IEF,-0.016814503628175825,0.00020000000000000004
2021-12-27,False,SPY,0.09185988075486962,IEF,-0.010763596784169605,9.999999999999995e-05
2021-12-28,False,SPY,0.09296092355829733,IEF,-0.013209781787755781,9.999999999999995e-05
2021-12-29,False,SPY,0.10233968286533357,IEF,-0.01674998253873916,0.0
2021-12-30,False,VOO,0.10178152223147352,IEF,-0.01282017613699582,0.0
2021-12-31,False,VOO,0.09524567201364409,IEF,-0.018125886784095213,9.999999999999995e-05
2022-01-03,False,SPY,0.08340531913698634,IEF,-0.02808776002936131,0.0003
2022-01-04,False,SPY,0.07485653977349083,IEF,-0.025620358983770686,0.00020000000000000004
2022-01-05,False,IVV,0.05091282962181776,IEF,-0.03244785244059001,0.0003
2022-01-06,False,VOO,0.04162533976077554,IEF,-0.03905052299417944,0.0005
2022-01-07,False,IVV,0.03379568143465339,IEF,-0.042437073901068434,0.0005
2022-01-10,False,IVV,0.029178721664200324,IEF,-0.042448806000126904,0.0008
2022-01-11,False,VOO,0.0401949877610428,IEF,-0.03664890512519092,0.0006
2022-01-12,False,SPY,0.03763163307830619,IEF,-0.030797519904971482,0.0006
2022-01-13,False,SPY,0.022414329307762104,IEF,-0.025628338166147957,0.0006
2022-01-14,False,SPY,0.027384043006176917,IEF,-0.030506316476394457,0.0008
2022-01-18,False,SPY,-0.0004549680500175457,IEF,-0.03889809679439604,0.0011
2022-01-19,False,SPY,-0.012836924795873284,IEF,-0.03558378311195387,0.0011
2022-01-20,True,VOO,-0.025554574140521313,IEF,-0.03904040698625577,0.0011
2022-01-21,True,SPY,-0.048417989941083706,IEF,-0.03561402738039132,0.0011
2022-01-24,True,IVV,-0.05073526431545017,IEF,-0.03597603032598595,0.0012
2022-01-25,True,SPY,-0.06617278978397223,IEF,-0.036765975276163765,0.0012
2022-01-26,True,SPY,-0.071736300816304,IEF,-0.04572088109674255,0.0013
2022-01-27,True,IVV,-0.07717386434577045,IEF,-0.040813694938040435,0.0015000000000000002
2022-01-28,True,IVV,-0.0513083169532621,IEF,-0.03883849886796531,0.0014000000000000002
2022-01-31,True,IVV,-0.026465393237601997,IEF,-0.036215062495032146,0.0017
2022-02-01,True,IVV,-0.02014190636475144,IEF,-0.03372409799869536,0.0013
2022-02-02,True,IVV,-0.01796118780788114,IEF,-0.03174525855910659,0.0014000000000000002
2022-02-03,True,VOO,-0.041188251288545974,IEF,-0.03900208021825158,0.0015000000000000002
2022-02-04,True,SPY,-0.04045813051906344,IEF,-0.0482456354409313,0.0018
2022-02-07,True,SPY,-0.041208412982827514,IEF,-0.04620135800905678,0.0023
2022-02-08,True,VOO,-0.03676522702971796,IEF,-0.049697218991991754,0.002
2022-02-09,True,IVV,-0.02091224021898408,IEF,-0.049547454677629776,0.0021000000000000003
2022-02-10,True,SPY,-0.035618173137516806,IEF,-0.05602608010147281,0.0035000000000000005
2022-02-11,True,IVV,-0.055930985407347866,GBF,-0.04388807643881665,0.0031
2022-02-14,True,SPY,-0.061478730856486585,GBF,-0.052062354079206674,0.0038
2022-02-15,True,VOO,-0.025023071102297956,GBF,-0.05755103258511651,0.0036000000000000003
2022-02-16,True,VOO,-0.03551042682398209,GBF,-0.054662129109993574,0.0033
2022-02-17,True,VOO,-0.03759106401841428,GBF,-0.053339517480118226,0.003
2022-02-18,True,IVV,-0.032768943721374955,GBF,-0.05398711792150335,0.0031
2022-02-22,True,IVV,-0.05778042858754695,GBF,-0.0535076454564789,0.0033
2022-02-23,True,IVV,-0.06657611923270557,GBF,-0.05745197694778137,0.0030000000000000005
2022-02-24,True,IVV,-0.06317591353684049,GBF,-0.05414407169765734,0.0028000000000000004
2022-02-25,True,IVV,-0.062038131517227924,GBF,-0.05519668164098035,0.0029000000000000002
2022-02-28,True,VOO,-0.06693238771409604,GBF,-0.047482756491523004,0.0031999999999999997
2022-03-01,True,SPY,-0.07471359712514136,GBF,-0.04342729019908487,0.0029000000000000002
2022-03-02,True,IVV,-0.06669437646179677,GBF,-0.04933196070411128,0.0031000000000000003
2022-03-03,True,VOO,-0.0629065069308885,GBF,-0.044677306648216786,0.0034999999999999996
2022-03-04,True,IVV,-0.06429911378485009,GBF,-0.039799135839038935,0.0030000000000000005
2022-03-07,True,IVV,-0.10584638899503263,GBF,-0.03938778469938986,0.0034000000000000002
2022-03-08,True,SPY,-0.104451614917492,GBF,-0.04555483721130571,0.0032
2022-03-09,True,IVV,-0.07097877128822005,GBF,-0.04625566813784954,0.0034000000000000002
2022-03-10,True,VOO,-0.06489156206232627,GBF,-0.055899440289610025,0.0035000000000000005
2022-03-11,True,VOO,-0.09286100213770487,GBF,-0.05497364232029067,0.0036000000000000003
2022-03-14,True,VOO,-0.10849089513709442,GBF,-0.06172529317156994,0.0041
2022-03-15,True,VOO,-0.0945127588757394,GBF,-0.06036129444881544,0.004200000000000001
2022-03-16,True,IVV,-0.08735919899874789,GBF,-0.0558384355269963,0.0039000000000000003
2022-03-17,True,VOO,-0.07541963145411423,GBF,-0.0510441707159619,0.0035000000000000005
2022-03-18,True,IVV,-0.0663774946301603,GBF,-0.04725480586905295,0.00365
2022-03-21,True,IVV,-0.06392990087414907,GBF,-0.060835674826598685,0.0048000000000000004
2022-03-22,True,SPY,-0.05050617083743869,GBF,-0.06708966996094645,0.0046
2022-03-23,True,SPY,-0.06812962583669024,GBF,-0.06534485029536363,0.0045000000000000005
2022-03-24,True,VOO,-0.0539237479217447,GBF,-0.06331477855597656,0.0047
2022-03-25,True,VOO,-0.03055619814499999,GBF,-0.07027603779417224,0.004900000000000001
2022-03-28,True,SPY,-0.022714428248489016,GBF,-0.06497098683158054,0.005399999999999999
2022-03-29,True,VOO,-0.006748231632633606,GBF,-0.05960266670961245,0.005
2022-03-30,True,VOO,-0.01163699740288704,GBF,-0.05461965651239653,0.004900000000000001
2022-03-31,True,SPY,-0.03559789516844414,GBF,-0.05863417450904829,0.0046
2022-04-01,True,IVV,-0.03551389962693796,IEF,-0.060257013337160714,0.0047
2022-04-04,True,VOO,-0.013713313787252934,IEF,-0.062024705978895645,0.006000000000000001
2022-04-05,True,IVV,-0.02651770039902146,IEF,-0.07836477804554076,0.005900000000000001
2022-04-06,True,VOO,-0.018864325349333133,IEF,-0.07919828431250353,0.006100000000000001
2022-04-07,True,SPY,-0.0035438423003416597,IEF,-0.08188031409930097,0.0063
2022-04-08,True,SPY,0.004914116717208872,IEF,-0.0864605488517507,0.006499999999999999
2022-04-11,False,IVV,0.0072875033873904815,IEF,-0.09306330187540746,0.0072
2022-04-12,False,SPY,-0.0004618401612974665,IEF,-0.08582204495439483,0.0069
2022-04-13,False,IVV,0.023411430106460296,IEF,-0.08873927893453648,0.0070999999999999995
2022-04-14,False,IVV,0.013112730687554919,IEF,-0.10186250008463282,0.0074
2022-04-18,False,VOO,0.018625550428380988,IEF,-0.10058078394502512,0.0075
2022-04-19,False,SPY,0.010086224593001347,IEF,-0.11060212989691043,0.0077
2022-04-20,False,VOO,-0.008759985362285838,IEF,-0.09592462941089941,0.007699999999999999
2022-04-21,False,SPY,-0.02990140758593207,IEF,-0.09800677975673289,0.007799999999999999
2022-04-22,True,SPY,-0.06559698261744784,IEF,-0.09945717817998712,0.007799999999999999
2022-04-25,True,VOO,-0.037710097818577704,IEF,-0.09009982350233492,0.0086
2022-04-26,True,IVV,-0.07007149718014616,GBF,-0.08461013578933241,0.007799999999999999
2022-04-27,True,SPY,-0.06418577603888032,GBF,-0.09207182039149042,0.007699999999999999
2022-04-28,True,SPY,-0.04837747991731289,GBF,-0.09364120024551748,0.007699999999999999
2022-04-29,True,IVV,-0.09703136429573411,GBF,-0.1009937578133362,0.008
2022-05-02,True,IVV,-0.07487527683518524,GBF,-0.1012786249614902,0.0085
2022-05-03,True,SPY,-0.05176512091728602,IEF,-0.09605642313835117,0.0085
2022-05-04,True,IVV,-0.019867230782650735,GBF,-0.09411868582489258,0.0083
2022-05-05,True,IVV,-0.06961991877321083,IEF,-0.11354245118157258,0.0079
2022-05-06,True,SPY,-0.07612170413869812,IEF,-0.11660862563206686,0.0079
2022-05-09,True,VOO,-0.08646284782283808,IEF,-0.11535741218818296,0.0087
2022-05-10,True,VOO,-0.0782209450468857,IEF,-0.11406952765130751,0.0083
2022-05-11,True,VOO,-0.08303567878478679,IEF,-0.10668082413167235,0.0086
2022-05-12,True,SPY,-0.0673168385526971,GBF,-0.11091069369514694,0.009
2022-05-13,True,VOO,-0.05938782408678289,GBF,-0.11055637042026745,0.0098
2022-05-16,True,SPY,-0.08322221426395693,GBF,-0.10559804925590399,0.0101
2022-05-17,True,IVV,-0.062334677937759264,IEF,-0.10597258920799135,0.009899999999999999
2022-05-18,True,SPY,-0.08585472595533372,GBF,-0.10375255739641176,0.0097
2022-05-19,True,VOO,-0.1080039844328139,GBF,-0.1012553913509594,0.009899999999999999
2022-05-20,True,VOO,-0.10328050705637315,GBF,-0.10208276063141142,0.0098
2022-05-23,True,VOO,-0.07882311521052254,GBF,-0.1036909669032251,0.0102
2022-05-24,True,SPY,-0.058006286819393904,GBF,-0.09536556076758562,0.0101
2022-05-25,True,VOO,-0.042561490972156446,IEF,-0.09502302716818767,0.0101
2022-05-26,True,VOO,-0.04887807135910782,IEF,-0.09748406882511407,0.0102
2022-05-27,True,SPY,-0.021020745785486517,IEF,-0.09540585398457235,0.0101
2022-05-31,True,SPY,-0.013976401556353046,IEF,-0.1012828211558886,0.010899999999999998
2022-06-01,True,SPY,-0.014751392840680055,IEF,-0.10718495499323832,0.010699999999999998
2022-06-02,True,SPY,-0.017592419530725767,IEF,-0.10401898497119433,0.011
2022-06-03,True,SPY,-0.05467703839726312,IEF,-0.10607288560216521,0.0115
2022-06-06,True,SPY,-0.06351502078879878,IEF,-0.11263046833177526,0.012
2022-06-07,True,SPY,-0.06474399352110338,IEF,-0.10447534473379394,0.0121
2022-06-08,True,VOO,-0.07481116816429323,IEF,-0.1107498775901925,0.0123
2022-06-09,True,SPY,-0.10709757779309992,IEF,-0.11053154641950891,0.0124
2022-06-10,True,IVV,-0.12234002234565355,IEF,-0.11100343648890054,0.013099999999999999
2022-06-13,True,IVV,-0.16808076394589955,IEF,-0.12634104863492202,0.0165
2022-06-14,True,IVV,-0.17445936396722794,IEF,-0.12964807492723673,0.0174
2022-06-15,True,IVV,-0.16853242027450666,IEF,-0.11531490472208661,0.016399999999999998
2022-06-16,True,IVV,-0.20598483391698286,IEF,-0.10661431595268311,0.0149
2022-06-17,True,IVV,-0.1995634672391028,IEF,-0.10610889158084924,0.015
2022-06-21,True,IVV,-0.16636252853322364,IEF,-0.11287298534399581,0.015899999999999997
2022-06-22,True,VOO,-0.17010953112990035,GBF,-0.10206104916222092,0.014900000000000002
2022-06-23,True,IVV,-0.16882532716019427,GBF,-0.10107955258337475,0.015299999999999998
2022-06-24,True,VOO,-0.13181883953118156,GBF,-0.09786611519738819,0.016
2022-06-27,True,IVV,-0.12634332016585725,GBF,-0.09577767654460156,0.016300000000000002
2022-06-28,True,VOO,-0.1493951955009334,GBF,-0.09878170105704898,0.016200000000000003
2022-06-29,True,VOO,-0.1469100673097946,GBF,-0.09337409697519161,0.0161
2022-06-30,True,IVV,-0.13895093751863208,GBF,-0.09350864517811208,0.0155
2022-07-01,True,VOO,-0.12668674490769416,GBF,-0.085243302412498,0.0154
2022-07-05,True,IVV,-0.13491688829139592,GBF,-0.0803940758239694,0.0171
2022-07-06,True,VOO,-0.12110424812611897,GBF,-0.08398634670213778,0.0171
2022-07-07,True,VOO,-0.10836261708412431,GBF,-0.08773041696479911,0.0175
2022-07-08,True,IVV,-0.12312823647672455,GBF,-0.09235456734514036,0.0179
2022-07-11,True,IVV,-0.13233965398285563,GBF,-0.08817750358963028,0.019600000000000003
2022-07-12,True,IVV,-0.1274936221026327,GBF,-0.08540841403880861,0.020300000000000002
2022-07-13,True,IVV,-0.10698237932562538,GBF,-0.08256316951499842,0.022000000000000002
2022-07-14,True,IVV,-0.11460400960682682,GBF,-0.08226969177119625,0.022
2022-07-15,True,VOO,-0.07078998483286314,GBF,-0.07317443561272285,0.021400000000000002
2022-07-18,True,IVV,-0.08093692351267023,GBF,-0.07731881049069655,0.0223
2022-07-19,True,IVV,-0.07936553216728315,GBF,-0.07607916054137376,0.0227
2022-07-20,True,VOO,-0.03774361258584835,GBF,-0.07739774197724458,0.0225
2022-07-21,True,VOO,-0.034083326423036575,GBF,-0.06043510687822262,0.0208
2022-07-22,True,SPY,-0.04704151628206621,GBF,-0.059064012771586905,0.021300000000000003
2022-07-25,True,VOO,-0.07415093547817764,GBF,-0.05704786550176899,0.0219
2022-07-26,True,VOO,-0.051955473571523525,GBF,-0.054612831248937566,0.0215
2022-07-27,True,IVV,-0.02137847113805702,GBF,-0.052797191809661026,0.0206
2022-07-28,False,IVV,0.023986145031937856,GBF,-0.049967459396959235,0.0206
2022-07-29,False,SPY,0.03677289111640314,GBF,-0.05088640316519455,0.0206
2022-08-01,False,SPY,0.05038939495258532,GBF,-0.04670279951379541,0.0219
2022-08-02,False,SPY,0.04455001952633797,GBF,-0.052477937314482914,0.0222
2022-08-03,False,SPY,0.03613535749394914,IEF,-0.049645753705738094,0.022000000000000002
2022-08-04,False,VOO,0.03939105647826224,GBF,-0.04810209082065686,0.0217
2022-08-05,False,IVV,0.016794106857344282,IEF,-0.06897013425047782,0.0223
2022-08-08,False,VOO,0.05787583342727132,IEF,-0.07251219018096822,0.0233
2022-08-09,False,IVV,0.06062231357243619,IEF,-0.06116139086024586,0.0233
2022-08-10,False,IVV,0.08228218667712084,IEF,-0.06464900345146396,0.0227
2022-08-11,False,VOO,0.06258401269170344,IEF,-0.07998524717766242,0.0228
2022-08-12,False,IVV,0.08811035937022038,IEF,-0.07239163651597824,0.0225
2022-08-15,False,IVV,0.08332048951195303,IEF,-0.06336194975598042,0.023600000000000003
2022-08-16,False,SPY,0.06474556244034924,IEF,-0.058632398580851786,0.023200000000000002
2022-08-17,False,IVV,0.030936385685410572,IEF,-0.0606644754843797,0.0229
2022-08-18,False,IVV,0.03989738328912473,IEF,-0.058588149529348876,0.0231
2022-08-19,False,IVV,0.03451695326334536,IEF,-0.05472371087127592,0.0229
2022-08-22,False,IVV,-0.005901653333244883,IEF,-0.058443240540531405,0.0236
2022-08-23,False,VOO,0.00835237457831739,IEF,-0.05945727918679744,0.0236
2022-08-24,True,IVV,0.00855097297044538,IEF,-0.06078904500545379,0.0242
2022-08-25,True,IVV,0.01335589482400601,IEF,-0.057544039752651543,0.0246
2022-08-26,True,IVV,-0.010559472016364646,GBF,-0.0467145944196381,0.0235
2022-08-29,True,VOO,0.006680297683436587,GBF,-0.04732069792892468,0.0246
2022-08-30,False,IVV,0.02578627636941566,IEF,-0.05308368952573361,0.024700000000000003
2022-08-31,False,SPY,0.058355310277374395,GBF,-0.05459682218136208,0.024399999999999998
2022-09-01,False,VOO,0.06449948607541689,GBF,-0.05250199854108628,0.0242
2022-09-02,False,VOO,0.038466592945765044,GBF,-0.0516770940510618,0.0235
2022-09-06,False,IVV,0.07008365350554557,GBF,-0.06453377149529149,0.024900000000000002
2022-09-07,False,VOO,0.08648557086231934,GBF,-0.06140774687802519,0.025199999999999997
2022-09-08,False,IVV,0.06718654677594937,IEF,-0.06441969562950589,0.0254
2022-09-09,False,SPY,0.08603328080343986,GBF,-0.06207458085039819,0.0255
2022-09-12,False,VOO,0.0867232465462644,GBF,-0.06528437700201062,0.025099999999999997
2022-09-13,False,SPY,0.007742001640689056,GBF,-0.06003289797681777,0.0263
2022-09-14,False,SPY,0.015466172572632608,GBF,-0.05324408123354585,0.025700000000000004
2022-09-15,True,IVV,0.024724915710514717,GBF,-0.055199606949831836,0.0254
2022-09-16,True,IVV,0.017680598420254823,GBF,-0.050240778193629376,0.025
2022-09-19,True,VOO,0.033758071955719116,GBF,-0.04649718101874045,0.026000000000000002
2022-09-20,True,IVV,0.011563862277792492,GBF,-0.05488725171359654,0.0261
2022-09-21,False,SPY,-0.007873676839764365,GBF,-0.05305367794317517,0.0256
2022-09-22,True,VOO,-0.019754207703008286,IEF,-0.058101719638742444,0.025
2022-09-23,True,SPY,-0.0501722810432631,IEF,-0.05418980062907486,0.024300000000000002
2022-09-26,True,SPY,-0.05879431625437748,IEF,-0.06374477283244717,0.0258
2022-09-27,True,VOO,-0.05055909412597337,IEF,-0.07734065535107226,0.025300000000000003
2022-09-28,True,SPY,-0.023017706591428766,GBF,-0.052462668236919585,0.025699999999999997
2022-09-29,True,VOO,-0.03887196320060615,IEF,-0.056195389097416504,0.0253
2022-09-30,True,VOO,-0.0510112759908552,GBF,-0.06511035565767564,0.0242
2022-10-03,True,SPY,-0.04414629820375704,IEF,-0.059854509230723774,0.0263
2022-10-04,True,IVV,-0.006806245240367548,IEF,-0.05263605750578304,0.026300000000000004
2022-10-05,True,IVV,-0.035068559321465576,IEF,-0.0602465853141928,0.0264
2022-10-06,True,VOO,-0.050920584674929326,IEF,-0.060423262081426676,0.026099999999999998
2022-10-07,True,VOO,-0.08680447599441854,IEF,-0.058030106420256744,0.025500000000000002
2022-10-10,True,VOO,-0.08529221587175262,IEF,-0.06467119252151476,0.0265
2022-10-11,True,VOO,-0.09221914771269213,IEF,-0.06832588576803256,0.0278
2022-10-12,True,IVV,-0.08420133396944118,IEF,-0.05581303183870168,0.0285
2022-10-13,True,VOO,-0.08405897645618776,IEF,-0.0543853098681516,0.0294
2022-10-14,True,VOO,-0.11585730057499821,IEF,-0.06659646024204025,0.028900000000000002
2022-10-17,True,VOO,-0.10648595922374215,IEF,-0.06871558528250865,0.0308
2022-10-18,True,VOO,-0.0932309959183173,IEF,-0.07206865565264475,0.0313
2022-10-19,True,VOO,-0.09365120654613979,IEF,-0.08480413044873059,0.031100000000000003
2022-10-20,True,VOO,-0.11491554082800415,IEF,-0.08686600822497792,0.030599999999999995
2022-10-21,True,VOO,-0.09293285293146758,IEF,-0.08862178367150053,0.030199999999999994
2022-10-24,True,VOO,-0.07997253067608012,IEF,-0.08285330136681635,0.031
2022-10-25,True,IVV,-0.06424501352536194,IEF,-0.07799794657667725,0.031099999999999996
2022-10-26,True,VOO,-0.06747482586038489,IEF,-0.07661618116191304,0.030600000000000006
2022-10-27,True,SPY,-0.09151814519215518,IEF,-0.0743790537247856,0.030999999999999996
2022-10-28,True,IVV,-0.07041362177667476,IEF,-0.07351577824345201,0.031099999999999996
2022-10-31,True,VOO,-0.09215972884618939,IEF,-0.08560145054852952,0.031599999999999996
2022-11-01,True,SPY,-0.09967800234213553,IEF,-0.08760884008759973,0.031700000000000006
2022-11-02,True,IVV,-0.12436241588046515,IEF,-0.08872190116065759,0.03149999999999999
2022-11-03,True,VOO,-0.12754062731405102,IEF,-0.0939988304308389,0.0317
2022-11-04,True,VOO,-0.11748890216823205,IEF,-0.08639665134654329,0.0305
2022-11-07,True,VOO,-0.09655114749943561,IEF,-0.08447797362712595,0.031400000000000004
2022-11-08,True,VOO,-0.07207778256242336,IEF,-0.07972569348639924,0.031100000000000003
2022-11-09,True,SPY,-0.08893155698866706,IEF,-0.0747824148140066,0.0308
2022-11-10,True,SPY,-0.041931490190489806,IEF,-0.04686491095825429,0.030200000000000005
2022-11-11,True,VOO,-0.04663881115759583,IEF,-0.05266349472628984,0.030500000000000006
2022-11-14,True,SPY,-0.021104880577335283,IEF,-0.051407518334324886,0.030599999999999995
2022-11-15,True,IVV,-0.006336991388740998,IEF,-0.04352518885304313,0.0301
2022-11-16,True,SPY,-0.002819248118027584,IEF,-0.02691672200178008,0.029300000000000007
2022-11-17,True,SPY,0.0017519541557833307,IEF,-0.01604366275898106,0.025900000000000003
2022-11-18,True,SPY,0.003152587349509517,IEF,-0.011619671728681169,0.025099999999999997
2022-11-21,True,SPY,0.010156502157651737,IEF,-0.0258342015931059,0.026699999999999998
2022-11-22,True,VOO,0.02751911309684285,IEF,-0.02661463100163619,0.028100000000000003
2022-11-23,True,VOO,0.015740239781935728,IEF,-0.02166896121267403,0.027700000000000006
2022-11-25,True,SPY,0.009031004574988177,IEF,-0.016869024826423495,0.0271
2022-11-28,True,SPY,-0.02225958725726751,IEF,-0.02874121676025987,0.027999999999999997
2022-11-29,True,VOO,-0.034357398557378294,IEF,-0.03827100445948384,0.0273
2022-11-30,False,VOO,0.0407492280336097,IEF,-0.02616836093161201,0.0264
2022-12-01,False,SPY,0.036661791596818816,IEF,-0.009973817053606782,0.0254
2022-12-02,False,VOO,0.047211558033171785,IEF,-0.00924375924838694,0.0255
2022-12-05,False,SPY,0.0363886295258824,IEF,-0.027108713757277414,0.0258
2022-12-06,False,SPY,0.013588984686653927,IEF,-0.028596227219927384,0.026500000000000003
2022-12-07,False,VOO,0.023520432981603223,IEF,-0.03047702954746956,0.0256
2022-12-08,False,SPY,0.049948329314501994,IEF,-0.039488850995106684,0.0238
2022-12-09,False,SPY,0.05093260648816278,IEF,-0.0384354297167383,0.024099999999999996
2022-12-12,False,IVV,0.08404642496328973,IEF,-0.033887010101906534,0.0243
2022-12-13,False,VOO,0.10300276236961148,IEF,-0.019230845972982746,0.023699999999999995
2022-12-14,False,SPY,0.09912488304254641,IEF,-0.024236402730440476,0.0215
2022-12-15,False,SPY,0.051547782905568384,IEF,-0.02463161703879635,0.021199999999999997
2022-12-16,False,IVV,0.0609831447556477,IEF,-0.03125545295446974,0.019199999999999995
2022-12-19,False,VOO,0.06856533658239572,IEF,-0.03376597399482617,0.019700000000000002
2022-12-20,False,IVV,0.042588675415570876,IEF,-0.044047255834106847,0.019799999999999995
2022-12-21,False,SPY,0.02660305785938366,IEF,-0.040063116398264764,0.0183
2022-12-22,False,SPY,0.014318989788145053,IEF,-0.035936591395276385,0.018299999999999997
2022-12-23,False,IVV,0.030575078262574884,IEF,-0.039359123979013866,0.0183
2022-12-27,False,IVV,0.05605517618134792,IEF,-0.05812582559355384,0.019799999999999998
2022-12-28,False,IVV,0.051055377149599845,IEF,-0.0710223356480032,0.0197
2022-12-29,False,IVV,0.07662952770309217,IEF,-0.06313439138425803,0.0183
2022-12-30,False,VOO,0.07746210451972546,IEF,-0.06738990680940904,0.0187
2023-01-03,False,IVV,0.04533235991090123,IEF,-0.061983232768758834,0.020900000000000002
2023-01-04,False,VOO,0.0777279094873804,IEF,-0.06405295744179096,0.0213
2023-01-05,False,SPY,0.039047270256323374,IEF,-0.06575552174067179,0.0225
2023-01-06,False,SPY,0.050531502144951945,IEF,-0.059225258283944315,0.021099999999999997
2023-01-09,False,IVV,0.05709331716581256,IEF,-0.043611801262261496,0.021400000000000002
2023-01-10,False,VOO,0.07371492510656852,IEF,-0.05353179330550639,0.022100000000000005
2023-01-11,False,IVV,0.06158220250179891,IEF,-0.05225152056896831,0.022199999999999998
2023-01-12,False,SPY,0.0526170711019347,IEF,-0.02976439183537083,0.0208
2023-01-13,False,SPY,0.04009193466654337,IEF,-0.04058161823527129,0.0202
2023-01-17,False,SPY,0.04606773081527682,IEF,-0.04073201891784084,0.0204
2023-01-18,False,VOO,0.03499067886720564,IEF,-0.028267145696002305,0.020400000000000005
2023-01-19,False,SPY,0.0036665446869861285,IEF,-0.023631500097387903,0.0209
2023-01-20,False,VOO,0.02957831339119288,IEF,-0.0339227446862177,0.0209
2023-01-23,False,IVV,0.046331065043590636,IEF,-0.040095905443592095,0.020100000000000003
2023-01-24,False,SPY,0.07253204822749004,IEF,-0.033445435860602446,0.020199999999999996
2023-01-25,False,SPY,0.08409688715611763,IEF,-0.02581077381655894,0.020399999999999995
2023-01-26,False,VOO,0.0802947971895549,IEF,-0.031212457329721777,0.02
2023-01-27,False,SPY,0.07268208817472788,IEF,-0.024276973936113944,0.0199
2023-01-30,False,SPY,0.05353900942249945,IEF,-0.023041729003483558,0.019
2023-01-31,False,VOO,0.09118370156513289,IEF,-0.015681263780313315,0.019000000000000003
2023-02-01,False,IVV,0.045639764602702027,IEF,-0.005292482831126044,0.018400000000000003
2023-02-02,False,IVV,0.05069096333394274,IEF,-0.012022216658466922,0.017800000000000003
2023-02-03,False,VOO,0.04801829070277086,IEF,-0.021478392919263234,0.0181
2023-02-06,False,SPY,0.03323759236150048,IEF,-0.024364560921075196,0.0174
2023-02-07,False,IVV,0.05454737703787682,IEF,-0.0264719285065953,0.0174
2023-02-08,False,VOO,0.04623191741259047,IEF,-0.018812035971542684,0.017599999999999998
2023-02-09,False,SPY,0.03270487826341495,IEF,-0.015410355139417131,0.017999999999999995
2023-02-10,False,VOO,0.03888200796958485,IEF,-0.02561871084794254,0.018500000000000003
2023-02-13,False,IVV,0.03693708880672841,IEF,-0.01230238170306397,0.017699999999999997
2023-02-14,False,SPY,0.03016229008124305,IEF,-0.023161676669566034,0.0173
2023-02-15,False,IVV,0.033589258730255755,IEF,-0.02247463116299908,0.0173
2023-02-16,False,VOO,0.035811803394728337,IEF,-0.0258152414791748,0.017599999999999998
2023-02-17,False,VOO,0.03495380935287229,IEF,-0.020721760445620907,0.0167
2023-02-21,False,SPY,-0.016520482359028588,IEF,-0.025901949217225106,0.015800000000000005
2023-02-22,False,IVV,-0.017312724531974077,IEF,-0.024658551600241108,0.015999999999999997
2023-02-23,True,IVV,-0.011070085456921674,IEF,-0.017504655827661697,0.016199999999999996
2023-02-24,True,IVV,-0.0038198710148515946,IEF,-0.02423844782815965,0.0166
2023-02-27,True,IVV,0.014162570174432343,IEF,-0.01848480231854721,0.015199999999999997
2023-02-28,True,IVV,0.012223108823205209,IEF,-0.010812772493888678,0.015299999999999998
2023-03-01,True,IVV,0.0007543818958803961,IEF,-0.02260064926978278,0.015900000000000004
2023-03-02,True,VOO,0.015814704996439444,IEF,-0.011723974063337916,0.016200000000000003
2023-03-03,False,VOO,0.01738576672748149,IEF,-0.005003100080546163,0.0167
2023-03-06,False,SPY,0.01089617495083317,IEF,0.010014890933501164,0.015399999999999995
2023-03-07,False,IVV,0.0013263263263272318,IEF,0.01706472336434972,0.0169
2023-03-08,False,VOO,0.02840421017851491,IEF,-0.005654433605647102,0.016599999999999997
2023-03-09,False,SPY,0.021629660552612506,IEF,0.0052005285990559535,0.0169
2023-03-10,False,SPY,0.01549918425345953,IEF,0.02637831617802533,0.016799999999999995
2023-03-13,False,VOO,0.01261189121171502,IEF,0.026665626017656097,0.014100000000000001
2023-03-14,False,SPY,0.014240219558293354,IEF,0.014879388853634268,0.014299999999999997
2023-03-15,False,IVV,0.0223732357553581,GBF,0.03934297409309817,0.0129
2023-03-16,False,VOO,0.03407508454827246,IEF,0.03574816056360386,0.012800000000000002
2023-03-17,False,IVV,0.02625877685260214,GBF,0.050911785243343166,0.010699999999999994
2023-03-20,False,VOO,0.048993269202992185,GBF,0.05149127252811647,0.012499999999999995
2023-03-21,False,VOO,0.044194033663536025,IEF,0.04330570249540666,0.011100000000000004
2023-03-22,False,SPY,0.029271740659479795,IEF,0.053597334973064514,0.010899999999999998
2023-03-23,False,VOO,0.03614388982542427,GBF,0.06130360634762,0.009400000000000004
2023-03-24,False,SPY,0.03522631343775595,GBF,0.0673276278812307,0.009300000000000001
2023-03-27,False,VOO,0.04872900454738982,GBF,0.05529013515854686,0.009399999999999999
2023-03-28,False,SPY,0.023314447332475563,GBF,0.05136411624378345,0.007599999999999998
2023-03-29,False,SPY,0.038777079729942265,GBF,0.061811193061410474,0.007299999999999996
2023-03-30,False,IVV,0.0375215542744618,GBF,0.06974413958751868,0.008799999999999999
2023-03-31,False,VOO,0.03895606280510422,BND,0.07468329838319154,0.007599999999999998
2023-04-03,False,IVV,0.03877080905554897,GBF,0.08060263370737886,0.007400000000000002
2023-04-04,False,VOO,0.029314809416641774,GBF,0.07490488838154552,0.007400000000000002
2023-04-05,False,VOO,0.028392374688456234,GBF,0.07353069349942865,0.0075
2023-04-06,False,SPY,0.04924865892592267,IEF,0.0669824479060459,0.007800000000000002
2023-04-10,False,SPY,0.058027942544124134,IEF,0.06192813541199005,0.009000000000000003
2023-04-11,False,IVV,0.03894225004538643,IEF,0.06633590243064025,0.008200000000000002
2023-04-12,False,SPY,0.022454520679585643,GBF,0.06469701310876963,0.007899999999999992
2023-04-13,False,VOO,0.036910179470794224,BND,0.06748490744351066,0.008799999999999999
2023-04-14,False,IVV,0.03420748743804536,GBF,0.06523567430608757,0.008899999999999996
2023-04-17,False,SPY,0.026655226054624004,BND,0.06073597820749255,0.01
2023-04-18,False,VOO,0.02474553793931822,GBF,0.06569176317400593,0.009100000000000002
2023-04-19,False,VOO,0.03765999540275988,IEF,0.05895060017418352,0.008799999999999999
2023-04-20,False,SPY,0.017198255005998808,GBF,0.06134189515524935,0.0083
2023-04-21,False,VOO,0.006910420029092812,IEF,0.035652179987369026,0.008599999999999995
2023-04-24,False,SPY,-0.006133587707508492,IEF,0.04286490030743506,0.008899999999999996
2023-04-25,False,IVV,-0.011627511168050386,BND,0.05426467420171521,0.007800000000000002
2023-04-26,False,VOO,-0.00982414185702618,GBF,0.04279670493725174,0.008500000000000006
2023-04-27,False,VOO,-0.0030410176672338585,IEF,0.02946413354840649,0.008599999999999995
2023-04-28,False,IVV,0.016562444561555978,GBF,0.042882419893485624,0.007799999999999994
2023-05-01,False,IVV,0.02452371392909658,GBF,0.03230637086759214,0.009299999999999998
2023-05-02,False,SPY,0.010750735339298378,BND,0.04412477881620869,0.0083
2023-05-03,False,IVV,-0.008076500913813622,GBF,0.04087808436157547,0.008599999999999995
2023-05-04,False,VOO,-0.014629090544709178,GBF,0.03478916566724233,0.008599999999999995
2023-05-05,False,VOO,0.000106301337946757,BND,0.031630307045005024,0.008499999999999997
2023-05-08,False,IVV,0.01455119061016208,BND,0.028012850017029578,0.008999999999999994
2023-05-09,False,SPY,0.012908406527276206,GBF,0.03048461393725521,0.009100000000000002
2023-05-10,False,VOO,0.03803633032273379,GBF,0.026200095117593802,0.008700000000000001
2023-05-11,False,VOO,0.03788708884946379,BND,0.023910797208137824,0.008700000000000001
2023-05-12,False,SPY,0.031247508282018055,BND,0.01436166246887205,0.009100000000000002
2023-05-15,False,SPY,0.04597888626136748,GBF,0.01894732613656025,0.008499999999999997
2023-05-16,False,SPY,0.03546237742466474,GBF,0.010738983423936865,0.008600000000000003
2023-05-17,False,VOO,0.05190901576931051,GBF,0.0019693244887113437,0.009699999999999997
2023-05-18,False,VOO,0.06608923298392311,GBF,0.0005126928441112621,0.010299999999999993
2023-05-19,False,IVV,0.05635842196572338,GBF,0.0028403424123577548,0.009800000000000005
2023-05-22,False,IVV,0.03998047514124159,GBF,0.004078904144756201,0.010200000000000004
2023-05-23,False,IVV,0.027441512626822595,GBF,-0.002396466503647887,0.009900000000000003
2023-05-24,False,VOO,0.03605378248209323,BND,-0.0063445598734925834,0.0104
2023-05-25,False,IVV,0.04338059237749303,IEF,-0.012903521926499795,0.0104
2023-05-26,False,VOO,0.076724863484394,IEF,-0.008559881188832441,0.010300000000000002
2023-05-30,False,IVV,0.09258380585414061,GBF,0.005061375999619866,0.011799999999999998
2023-05-31,False,IVV,0.08812502936909539,BND,0.015775855478653344,0.011699999999999999
2023-06-01,False,SPY,0.08097193620832277,GBF,0.015779789025680557,0.011699999999999999
2023-06-02,False,IVV,0.103343373962129,BND,0.01057658226085123,0.011500000000000003
2023-06-05,False,SPY,0.08240016353711499,BND,0.013881061569857023,0.011200000000000002
2023-06-06,False,VOO,0.0973633251982009,GBF,0.02188826343568251,0.009800000000000005
2023-06-07,False,SPY,0.08332910042159747,GBF,0.016596155095406795,0.0096
2023-06-08,False,SPY,0.07575643628888806,BND,0.02006381639291832,0.009299999999999998
2023-06-09,False,VOO,0.09637390223913678,BND,0.022210088499651892,0.009500000000000001
2023-06-12,False,SPY,0.10333952234402233,IEF,0.016974901562832434,0.008700000000000001
2023-06-13,False,SPY,0.10337334175615664,IEF,0.002066349187208383,0.008100000000000005
2023-06-14,False,SPY,0.10262553910565253,IEF,0.004863836484916062,0.007000000000000002
2023-06-15,False,IVV,0.11876875062128711,IEF,-0.00019639966171702827,0.006600000000000002
2023-06-16,False,IVV,0.09888069183388137,IEF,-0.007035829932879101,0.006399999999999997
2023-06-20,False,SPY,0.08697019283647922,IEF,0.0022369916226936404,0.006599999999999992
2023-06-21,False,SPY,0.06637073651443637,IEF,-0.003241707212487288,0.006800000000000006
2023-06-22,False,SPY,0.06615736463420796,IEF,-0.01764283319272486,0.007400000000000002
2023-06-23,False,SPY,0.06400045548969224,IEF,-0.008297936681884721,0.007400000000000002
2023-06-26,False,IVV,0.06232270143987173,IEF,-0.002723667894403148,0.0079
2023-06-27,False,SPY,0.06990909218190478,IEF,-0.019521228293739812,0.0075
2023-06-28,False,IVV,0.06915070414111701,IEF,-0.01370551234017403,0.007300000000000004
2023-06-29,False,SPY,0.0732776872383929,IEF,-0.017336153220936512,0.007400000000000002
2023-06-30,False,SPY,0.09038747330619246,IEF,-0.012007235823370488,0.006999999999999993
2023-07-03,False,SPY,0.07733211558846476,IEF,-0.021923787622177948,0.007200000000000007
2023-07-05,False,SPY,0.07836408200085088,IEF,-0.0276886270699771,0.007200000000000007
2023-07-06,False,VOO,0.06608648633736203,IEF,-0.03213006457534506,0.0075
2023-07-07,False,SPY,0.06270967479179324,IEF,-0.03189206489326524,0.007299999999999996
2023-07-10,False,SPY,0.06557954466451132,IEF,-0.023820917216136217,0.007600000000000007
2023-07-11,False,SPY,0.07824985775083348,IEF,-0.026697642731726035,0.0079
2023-07-12,False,SPY,0.08608157102725822,IEF,-0.024202279513058533,0.008099999999999996
2023-07-13,False,SPY,0.09356086853045809,IEF,-0.01569351328429336,0.008099999999999996
2023-07-14,False,SPY,0.11050772582598944,IEF,-0.009935036123392416,0.0079
2023-07-17,False,SPY,0.11910375209425372,GBF,0.00023099622963851374,0.007800000000000002
2023-07-18,False,SPY,0.10541277479965805,GBF,0.003383564433402375,0.007800000000000002
2023-07-19,False,SPY,0.09849505415165871,IEF,0.003649566303614016,0.007700000000000005
2023-07-20,False,SPY,0.0923101463265652,IEF,0.00018972712437914652,0.007200000000000007
2023-07-21,False,SPY,0.10472638715838478,IEF,0.005872409198107276,0.0070999999999999995
2023-07-24,False,SPY,0.11733081647099364,IEF,0.0010987828969324376,0.007000000000000002
2023-07-25,False,SPY,0.1283734668529415,IEF,0.0037701025838003943,0.0070999999999999995
2023-07-26,False,SPY,0.10803432517196643,IEF,0.010247616770974854,0.007199999999999997
2023-07-27,False,SPY,0.10039478757222287,IEF,0.002565261971096078,0.006699999999999999
2023-07-28,False,IVV,0.11585607956448918,IEF,0.003009294203058399,0.006799999999999997
2023-07-31,False,SPY,0.11298705037573531,IEF,0.015325939359239316,0.006899999999999995
2023-08-01,False,SPY,0.11174100378135066,IEF,0.007607172598520728,0.007000000000000002
2023-08-02,False,SPY,0.09771409951578347,IEF,0.0017109291728081288,0.006900000000000004
2023-08-03,False,SPY,0.0908049125280832,IEF,0.000360573635213024,0.006799999999999997
2023-08-04,False,VOO,0.09294871561176543,IEF,0.007930538407513898,0.006500000000000003
2023-08-07,False,SPY,0.08949331343845146,IEF,0.00391655107089206,0.006799999999999997
2023-08-08,False,SPY,0.07440546094246936,GBF,0.01710856913843517,0.006699999999999999
2023-08-09,False,SPY,0.06877792981821096,GBF,0.019469757358304918,0.006399999999999997
2023-08-10,False,SPY,0.06872755672864028,IEF,0.006033965808647901,0.006299999999999999
2023-08-11,False,SPY,0.08022759343818442,IEF,0.002509106411477946,0.006100000000000003
2023-08-14,False,SPY,0.09411714073160815,IEF,0.0008062191770847882,0.005199999999999995
2023-08-15,False,SPY,0.07208767516999592,IEF,-0.0007951209315213426,0.005
2023-08-16,False,SPY,0.0506143470897209,IEF,-0.010774924414116982,0.005099999999999998
2023-08-17,False,SPY,0.04221178734430442,IEF,-0.029910330898157533,0.005499999999999998
2023-08-18,False,SPY,0.048527777228814406,IEF,-0.03865471071813242,0.006799999999999997
2023-08-21,False,SPY,0.04541728610209139,IEF,-0.035506302074900464,0.006900000000000004
2023-08-22,False,SPY,0.027723600534647286,IEF,-0.04883557897883972,0.008200000000000002
2023-08-23,False,VOO,0.040875380174118625,IEF,-0.029789412649743108,0.0083
2023-08-24,False,SPY,0.024504790992249115,IEF,-0.04469537147675695,0.010600000000000005
2023-08-25,False,VOO,0.035107438185722595,IEF,-0.041137121361500495,0.008000000000000007
2023-08-28,False,SPY,0.03560848659253324,IEF,-0.030038309806124985,0.007999999999999998
2023-08-29,False,VOO,0.048669388011358894,IEF,-0.035812923983577494,0.007699999999999996
2023-08-30,False,VOO,0.043452073801039104,IEF,-0.041417814647183526,0.008299999999999991
2023-08-31,False,SPY,0.03519664363532038,IEF,-0.039781216860934276,0.008199999999999994
2023-09-01,False,SPY,0.035893906502387773,IEF,-0.033740143182194315,0.006200000000000001
2023-09-05,False,SPY,0.018786326655999996,IEF,-0.039016203869156274,0.0075
2023-09-06,False,SPY,0.015382514904655809,IEF,-0.039829811049061914,0.0075
2023-09-07,False,VOO,0.01747966845690141,IEF,-0.03799804728625078,0.005600000000000005
2023-09-08,False,SPY,0.024325194279669615,IEF,-0.043034301366762784,0.007000000000000002
2023-09-11,False,SPY,0.027353325238825166,IEF,-0.04914188929092378,0.0064999999999999945
2023-09-12,False,SPY,0.029500704046537596,IEF,-0.053909855213429836,0.006799999999999997
2023-09-13,False,SPY,0.03492953829037715,IEF,-0.056757002308926774,0.006899999999999995
2023-09-14,False,SPY,0.03253318660155502,IEF,-0.059154467951714196,0.006399999999999997
2023-09-15,False,VOO,0.019353114466935217,IEF,-0.05274330581843212,0.004799999999999995
2023-09-18,False,SPY,0.016215328109989935,IEF,-0.05144612554415151,0.005099999999999998
2023-09-19,False,SPY,0.0022803020589814427,IEF,-0.05765517147431343,0.005200000000000005
2023-09-20,False,VOO,-0.008601676224086141,IEF,-0.05523985000301945,0.0046
2023-09-21,True,SPY,-0.023017193003339598,IEF,-0.057621679499020306,0.004300000000000006
2023-09-22,True,SPY,-0.017520521255657617,IEF,-0.04787342856855514,0.0034999999999999966
2023-09-25,True,SPY,-0.010891823725944771,IEF,-0.056413392879302915,0.003799999999999999
2023-09-26,True,SPY,-0.027883554649782205,IEF,-0.05470551675289115,0.004199999999999999
2023-09-27,True,IVV,-0.03389786722503696,IEF,-0.06435933882439282,0.0046
2023-09-28,True,SPY,-0.03580524824927789,IEF,-0.0595135534368082,0.004199999999999999
2023-09-29,True,VOO,-0.04577841695300944,IEF,-0.06386676766994803,0.0034999999999999966
2023-10-02,True,SPY,-0.04550431233718433,IEF,-0.0805384064111706,0.005
2023-10-03,True,SPY,-0.06153979728671288,IEF,-0.08457993589268542,0.0046
2023-10-04,True,SPY,-0.061678240312769694,IEF,-0.07272417332941139,0.004300000000000006
2023-10-05,True,VOO,-0.06422389103906945,IEF,-0.07787433370329788,0.0051000000000000064
2023-10-06,True,VOO,-0.04684253895701884,IEF,-0.07237292294248121,0.0036000000000000034
2023-10-09,True,VOO,-0.04060456733951845,IEF,-0.07260264345820511,0.003799999999999999
2023-10-10,True,SPY,-0.039868694041126806,IEF,-0.0804338165963443,0.0035000000000000053
2023-10-11,True,SPY,-0.03856052361695894,IEF,-0.07519897612202575,0.0035000000000000053
2023-10-12,True,SPY,-0.04456873198072586,IEF,-0.07912805330483252,0.003700000000000001
2023-10-13,True,VOO,-0.0430401604818228,IEF,-0.0675309993838753,0.003100000000000005
2023-10-16,True,VOO,-0.04234935732390277,IEF,-0.0719257467157739,0.0032000000000000028
2023-10-17,True,VOO,-0.044169408444027836,IEF,-0.08785336095268437,0.003799999999999999
2023-10-18,True,SPY,-0.054183802653789415,IEF,-0.09547586035898614,0.004100000000000001
2023-10-19,True,SPY,-0.04926869952660429,IEF,-0.0944989491781214,0.0034999999999999966
2023-10-20,True,SPY,-0.058252451906624314,IEF,-0.08723752982934763,0.003700000000000001
2023-10-23,True,SPY,-0.05561343114622275,IEF,-0.07993503092136811,0.0034999999999999966
2023-10-24,True,SPY,-0.056726759674963656,IEF,-0.07530633458257419,0.0032000000000000028
2023-10-25,True,SPY,-0.0662039623164763,IEF,-0.07771333160982374,0.0028000000000000026
2023-10-26,True,SPY,-0.07117640359475363,IEF,-0.06716524567595705,0.0029999999999999983
2023-10-27,True,VOO,-0.07574459566592973,IEF,-0.063987479209475,0.001899999999999995
2023-10-30,True,SPY,-0.06412212898946024,IEF,-0.06863392983512884,0.0025999999999999977
2023-10-31,True,SPY,-0.06341457921905147,IEF,-0.06821847423268979,0.0021999999999999975
2023-11-01,True,IVV,-0.04230033581615422,IEF,-0.051576421574542675,0.001900000000000004
2023-11-02,True,SPY,-0.016699705022265143,IEF,-0.047471427069361916,0.0020000000000000018
2023-11-03,False,SPY,-0.00010961795845410016,IEF,-0.04760608786931808,-0.00019999999999999573
2023-11-06,False,VOO,0.0015891954116624696,IEF,-0.05668764690369954,0.00040000000000000034
2023-11-07,False,VOO,-0.0021754227406725057,IEF,-0.05392353834980956,0.0004999999999999983
2023-11-08,False,VOO,0.00144791741230188,IEF,-0.042489652542267664,0.00040000000000000034
2023-11-09,False,SPY,-0.017246823843256043,IEF,-0.05166937464483701,0.0008000000000000007
2023-11-10,False,VOO,0.012091052018067039,IEF,-0.0512132974425602,0.0008999999999999986
2023-11-13,False,SPY,0.004072582164767358,IEF,-0.04476680445586412,0.0012999999999999989
2023-11-14,False,VOO,0.017015550135118573,IEF,-0.03688424631804332,0.0013999999999999967
2023-11-15,False,SPY,0.004732613126297469,IEF,-0.04093068688937085,0.0016000000000000014
2023-11-16,False,SPY,0.0018351354320749191,IEF,-0.035312646861290875,0.0010999999999999942
2023-11-17,False,SPY,0.004551269142351044,IEF,-0.02777801720084594,0.0013999999999999967
2023-11-20,False,VOO,0.010375203461397087,IEF,-0.027723119942218988,0.0017999999999999971
2023-11-21,False,VOO,0.012154438977661997,IEF,-0.03396886890149242,0.0020000000000000018
2023-11-22,False,SPY,0.02336239609144175,IEF,-0.030094156512595727,0.0020000000000000018
2023-11-24,False,SPY,0.02714570798570981,IEF,-0.037993576745133706,0.0015000000000000035
2023-11-27,False,SPY,0.023753905934944752,IEF,-0.03159242410711216,0.0008999999999999986
2023-11-28,False,SPY,0.018072130706416667,IEF,-0.021789426436904402,0.0006999999999999939
2023-11-29,False,SPY,0.022967565127625766,IEF,-0.02070723651854045,0.00040000000000000034
2023-11-30,False,SPY,0.02579941330825264,IEF,-0.027908854021981955,-0.0004999999999999983
2023-12-01,False,IVV,0.022923839653547162,IEF,-0.015322502346939881,-0.00010000000000000675
2023-12-04,False,SPY,0.030042628053318587,IEF,-0.023332934447078513,0.00019999999999999573
2023-12-05,False,IVV,0.029165563153908947,IEF,-0.00624599554387284,-9.999999999999786e-05
2023-12-06,False,VOO,0.027118375462705346,IEF,-0.004305794537538099,0.00020000000000000462
2023-12-07,False,SPY,0.04466076965165011,IEF,-0.0014554483092991122,0.0
2023-12-08,False,SPY,0.06678411646074167,IEF,-0.003117773428360282,0.0
2023-12-11,False,SPY,0.07334696343106772,IEF,0.005199198009847361,9.999999999999786e-05
2023-12-12,False,SPY,0.07373389167804123,IEF,0.008616773519921406,0.0
2023-12-13,False,SPY,0.1047712970789878,IEF,0.01833795281243522,-0.00040000000000000034
2023-12-14,False,SPY,0.10787466259828604,IEF,0.02461844895060228,-0.0006000000000000049
2023-12-15,False,SPY,0.09968279893587151,IEF,0.01386914446608567,-0.00029999999999999363
2023-12-18,False,SPY,0.10855898459991953,IEF,0.0033084207132016985,-9.999999999999786e-05
2023-12-19,False,IVV,0.11558889303018915,IEF,0.010192319527431604,-0.0006000000000000049
2023-12-20,False,IVV,0.11451813202379668,IEF,0.013460287901579493,-0.0004999999999999983
2023-12-21,False,VOO,0.11751395700324818,IEF,0.01073394950111295,-0.0007000000000000028
2023-12-22,False,SPY,0.12031476480606607,IEF,0.006358374924432475,-0.0004999999999999983
2023-12-26,False,SPY,0.11184462491975955,IEF,0.015032799155338727,-0.00040000000000000034
2023-12-27,False,SPY,0.10676914310997865,IEF,0.022093583099217495,-0.000599999999999996
2023-12-28,False,SPY,0.10145432849109448,IEF,0.020628976245003594,-0.000599999999999996
2023-12-29,False,SPY,0.09378520204963814,IEF,0.020002369298532496,-0.0010999999999999942
2024-01-02,False,VOO,0.09361516584951102,IEF,0.012712724185841795,-0.0004999999999999983
2024-01-03,False,SPY,0.09083170316912548,IEF,0.026321712884008752,-0.00029999999999999363
2024-01-04,False,SPY,0.07599703561357796,IEF,0.016830481172596556,-0.00039999999999999145
2024-01-05,False,SPY,0.07752017480358542,IEF,0.011841060339457421,-0.0008000000000000007
2024-01-08,False,IVV,0.10694111587118438,IEF,0.02119428646168675,-0.0004999999999999983
2024-01-09,False,VOO,0.11489002701453588,IEF,0.022814152970685342,-0.0006000000000000049
2024-01-10,False,SPY,0.1360560220760456,IEF,0.028810195468866873,-0.0008000000000000007
2024-01-11,False,SPY,0.1375269539855981,IEF,0.023424955899774114,-0.0008000000000000007
2024-01-12,False,SPY,0.12979704763563027,IEF,0.028686793037590474,-0.0010999999999999942
2024-01-16,False,SPY,0.14204003371573326,IEF,0.015209472646084521,-0.001200000000000001
2024-01-17,False,SPY,0.1494560522148356,IEF,0.01127561222992779,-0.0008000000000000007
2024-01-18,False,SPY,0.16495848750787712,IEF,0.01682746938677182,-0.0008999999999999986
2024-01-19,False,SPY,0.1655460322853668,IEF,0.022336338773453868,-0.0008999999999999986
2024-01-22,False,SPY,0.1607207509485502,IEF,0.027095846438828897,-0.0009999999999999966
2024-01-23,False,SPY,0.15182213701041825,IEF,0.02647335044904553,-0.0010999999999999942
2024-01-24,False,SPY,0.1313986834866432,IEF,0.027499191715482096,-0.001199999999999992
2024-01-25,False,SPY,0.12726775089254483,IEF,0.033273748838094086,-0.001199999999999992
2024-01-26,False,SPY,0.12325162535712075,IEF,0.02834179327024855,-0.0010999999999999942
2024-01-29,False,SPY,0.12893410187126553,IEF,0.04096486635747243,-0.0015000000000000035
2024-01-30,False,SPY,0.12723529754218,IEF,0.04193339455563594,-0.0015000000000000035
2024-01-31,False,SPY,0.11755740163710926,IEF,0.03936656693260421,-0.0015000000000000035
2024-02-01,False,SPY,0.114788067257388,IEF,0.049692790682202226,-0.0016000000000000014
2024-02-02,False,SPY,0.127598731964639,IEF,0.03636399917106248,-0.001800000000000006
2024-02-05,False,SPY,0.10211123737757988,IEF,0.02343784342881694,-0.0016000000000000014
2024-02-06,False,SPY,0.10297585651098662,IEF,0.02166759665543294,-0.001199999999999992
2024-02-07,False,SPY,0.11081650614852356,IEF,0.01994983398940109,-0.0012999999999999989
2024-02-08,False,SPY,0.10992659340560884,IEF,0.014582994687103668,-0.001199999999999992
2024-02-09,False,SPY,0.10781381913756682,IEF,0.01897631551722201,-0.0008999999999999986
2024-02-12,False,SPY,0.10974609394701984,IEF,0.026170720661306435,-0.001200000000000001
2024-02-13,False,VOO,0.09023557408576166,IEF,0.017501249982339484,-0.0009999999999999966
2024-02-14,False,SPY,0.09948347102415256,IEF,0.017812688357558004,-0.0010000000000000052
2024-02-15,False,SPY,0.10906705488737467,IEF,0.02041291972599324,-0.001200000000000001
2024-02-16,False,SPY,0.10245233760224615,IEF,0.01771062410399571,-0.0010999999999999942
2024-02-20,False,SPY,0.09715464567340137,IEF,0.018029985018300554,-0.001199999999999992
2024-02-21,False,SPY,0.09384158860287428,IEF,0.013584785240202457,-0.0010999999999999942
2024-02-22,False,SPY,0.10991307219382818,IEF,0.01597274379517244,-0.0009999999999999966
2024-02-23,False,SPY,0.11653969407379772,IEF,0.023819204092687007,-0.0009999999999999966
2024-02-26,False,SPY,0.11266964287265147,IEF,0.021307608923703647,-0.0008000000000000007
2024-02-27,False,SPY,0.11924702375702778,IEF,0.022755417226353103,-0.0008999999999999986
2024-02-28,False,VOO,0.10929682761291182,IEF,0.027241510661049517,-0.0010999999999999942
2024-02-29,False,SPY,0.10852552580892083,IEF,0.03703035923453912,-0.001200000000000001
2024-03-01,False,SPY,0.11459732722831273,IEF,0.03769790478413171,-0.0013999999999999967
2024-03-04,False,IVV,0.10813186425704613,IEF,0.04306236156262355,-0.0009999999999999966
2024-03-05,False,IVV,0.08211406233473384,IEF,0.04982852650881431,-0.001100000000000003
2024-03-06,False,SPY,0.08434191921363388,IEF,0.05710124625006574,-0.001100000000000003
2024-03-07,False,SPY,0.0969040973302373,IEF,0.055990719719401394,-0.0008999999999999986
2024-03-08,False,SPY,0.08422145475348075,IEF,0.05653674940996356,-0.0008999999999999986
2024-03-11,False,SPY,0.07674163928902522,IEF,0.06381298151888193,-0.0013999999999999967
2024-03-12,False,SPY,0.10361764831503972,IEF,0.06829331191244914,-0.0013999999999999967
2024-03-13,False,SPY,0.09153797334461711,IEF,0.05920608407784411,-0.0012999999999999989
2024-03-14,False,SPY,0.08719518631901013,IEF,0.049388190936519916,-0.0012999999999999989
2024-03-15,False,IVV,0.0739950195659893,IEF,0.05376277650247285,-0.0014999999999999946
2024-03-18,False,IVV,0.07951459960733631,IEF,0.03925597967911454,-0.0013999999999999967
2024-03-19,False,SPY,0.08524057944789587,IEF,0.044316455391571585,-0.0012999999999999989
2024-03-20,False,VOO,0.09832875457875634,IEF,0.04104801972193983,-0.0014000000000000056
2024-03-21,False,IVV,0.1082257512266005,IEF,0.05126484145765264,-0.0014999999999999946
2024-03-22,False,SPY,0.11529797532657038,IEF,0.04969170738661832,-0.0016000000000000014
2024-03-25,False,IVV,0.115806071690981,IEF,0.053147754706108996,-0.0015000000000000035
2024-03-26,False,VOO,0.1119926338920394,IEF,0.06516410832542241,-0.0016000000000000014
2024-03-27,False,SPY,0.10578733556471831,IEF,0.07425037937203349,-0.0016000000000000014
2024-03-28,False,SPY,0.10725575382373687,GBF,0.07796511234285597,-0.0013999999999999967
2024-04-01,False,SPY,0.09911345854681963,IEF,0.06265420081001616,-0.0013999999999999967
2024-04-02,False,SPY,0.09260653640363525,IEF,0.05536838634694763,-0.0016000000000000014
2024-04-03,False,SPY,0.09304964921311698,IEF,0.05473487899427809,-0.0016000000000000014
2024-04-04,False,VOO,0.08361536530978064,IEF,0.06771393654739466,-0.0017999999999999971
2024-04-05,False,SPY,0.1011282072118258,IEF,0.05263436861600024,-0.0016000000000000014
2024-04-08,False,VOO,0.09198924556652388,IEF,0.04862873662572098,-0.0016000000000000014
2024-04-09,False,SPY,0.07983463970646132,IEF,0.056321788535485195,-0.0016999999999999993
2024-04-10,False,SPY,0.06676669295342541,IEF,0.04449322970109648,-0.0013999999999999967
2024-04-11,False,SPY,0.07169181987557116,IEF,0.03117710905231741,-0.001200000000000001
2024-04-12,False,SPY,0.05574512853096669,IEF,0.029062720992699687,-0.0008999999999999986
2024-04-15,False,SPY,0.036879098350720785,IEF,0.014674264272568793,-0.0008000000000000007
2024-04-16,False,VOO,0.03578540936532115,IEF,0.016571663368227574,-0.0010999999999999942
2024-04-17,False,SPY,0.022077280770580465,IEF,0.01721908023615981,-0.0009999999999999966
2024-04-18,False,VOO,0.020497217717122762,IEF,0.009601423779799667,-0.0008000000000000007
2024-04-19,False,SPY,0.028638675879232522,IEF,0.021024115147713962,-0.0008999999999999986
2024-04-22,False,VOO,0.024169559008477615,IEF,0.020015498945305188,-0.001100000000000003
2024-04-23,False,SPY,0.026058178238884455,IEF,0.02190995970572751,-0.0009999999999999966
2024-04-24,False,SPY,0.02931907340074069,IEF,0.003706212053689484,-0.000599999999999996
2024-04-25,False,VOO,0.022111864997232722,IEF,0.007714503145517693,-0.0006000000000000049
2024-04-26,False,SPY,0.023589691746077612,IEF,0.0029356196947618596,-0.0004999999999999983
2024-04-29,False,SPY,0.026761230785752543,IEF,0.006338677637562462,-0.0004999999999999983
2024-04-30,False,SPY,0.004689503778148252,IEF,0.00022270705913784994,-0.0008000000000000007
2024-05-01,False,SPY,0.0018669009743201848,IEF,0.0028716544746809625,-0.0007000000000000028
2024-05-02,False,IVV,0.02507119159569915,IEF,0.007909476348380462,-0.0008000000000000007
2024-05-03,False,SPY,0.028721151333917616,IEF,0.01877219089909188,-0.0008999999999999986
2024-05-06,False,VOO,0.03220386084382154,IEF,0.011976383220983156,-0.00040000000000000034
2024-05-07,False,SPY,0.038533373478934596,IEF,0.010146147241824721,-0.00019999999999999573
2024-05-08,False,SPY,0.04438352887707153,IEF,0.002057215027228887,0.0
2024-05-09,False,SPY,0.049450502500538285,IEF,0.010039404805592955,9.999999999999786e-05
2024-05-10,False,VOO,0.029387837312144116,IEF,-0.0026108128690012222,0.00040000000000000034
2024-05-13,False,SPY,0.02892507500693209,IEF,0.0027337804422764567,-9.999999999999786e-05
2024-05-14,False,SPY,0.03744555455077592,IEF,-0.0013805851116205359,-9.999999999999786e-05
2024-05-15,False,SPY,0.048344639272305256,IEF,0.0020020388238075615,0.0
2024-05-16,False,SPY,0.04757227128895458,IEF,0.0015553520531448317,9.999999999999786e-05
2024-05-17,False,SPY,0.04532025591271083,IEF,0.004928320628589056,0.00019999999999999573
2024-05-20,False,VOO,0.03671515772481704,IEF,0.0033105205551051675,-0.00019999999999999573
2024-05-21,False,SPY,0.0404495233482145,IEF,0.0037639672895424248,-9.999999999999786e-05
2024-05-22,False,SPY,0.04792678024531938,IEF,-0.012214987069165462,9.999999999999786e-05
2024-05-23,False,VOO,0.034946474051779086,IEF,-0.0238033220348165,0.00030000000000000247
2024-05-24,False,SPY,0.031635524446743224,IEF,-0.02172581992576028,0.00019999999999999573
2024-05-28,False,SPY,0.03859032642346549,IEF,-0.025069925439425322,0.0
2024-05-29,False,IVV,0.03188163773555974,IEF,-0.03163986356950399,0.00030000000000000247
2024-05-30,False,SPY,0.014445058964512203,IEF,-0.031536732871726425,0.00019999999999999573
2024-05-31,False,VOO,0.02502670431442855,IEF,-0.025512504329191166,0.00040000000000000034
2024-06-03,False,IVV,0.02808697734834542,IEF,-0.01822662925159546,0.0007999999999999918
2024-06-04,False,SPY,0.03640429162662051,IEF,-0.013465592261782122,0.0006999999999999939
2024-06-05,False,SPY,0.04252622548063867,IEF,-0.017539097390243175,0.0006999999999999939
2024-06-06,False,VOO,0.036632413109990436,IEF,-0.014196975250163502,0.000599999999999996
2024-06-07,False,SPY,0.025995235167538544,IEF,-0.02215733156732924,0.001199999999999992
2024-06-10,False,SPY,0.025775564917655425,IEF,-0.020603473368985936,0.000599999999999996
2024-06-11,False,VOO,0.029946992779330106,IEF,-0.01778179899121235,0.00039999999999999145
2024-06-12,False,VOO,0.0412185629995403,IEF,-0.006316674754257012,0.00029999999999999363
2024-06-13,False,SPY,0.045565814074518096,IEF,0.0039265736792604145,0.00040000000000000034
2024-06-14,False,SPY,0.03748303610681192,IEF,0.002900232749373899,0.00019999999999999573
2024-06-17,False,SPY,0.04594031391591846,IEF,-0.001346791389914781,0.0004999999999999983
2024-06-18,False,IVV,0.05030833335535845,IEF,0.004577690224180975,0.00040000000000000034
2024-06-20,False,IVV,0.05394716184475312,IEF,-0.0032966689654909676,0.00040000000000000034
2024-06-21,False,IVV,0.05098933539973016,IEF,-0.005778870257022728,0.00040000000000000034
2024-06-24,False,SPY,0.061245650818724684,IEF,0.0031956192593627364,0.0004999999999999983
2024-06-25,False,SPY,0.05431795565622921,IEF,0.007317052779542976,0.00020000000000000462
2024-06-26,False,SPY,0.05504367379594388,IEF,0.0034567184407110485,0.0004999999999999983
2024-06-27,False,SPY,0.05548608310264269,IEF,0.005593985225594178,0.00040000000000000034
2024-06-28,False,VOO,0.06191367819739679,IEF,-0.002792428198089225,0.00020000000000000462
2024-07-01,False,SPY,0.05618089824573258,IEF,-0.0076912931503216875,0.00019999999999999573
2024-07-02,False,SPY,0.07817081554555916,IEF,-0.0011042336089216453,0.00029999999999999363
2024-07-03,False,SPY,0.09672212464359142,IEF,0.0012198123867330768,0.00029999999999999363
2024-07-05,False,SPY,0.10506176131633937,IEF,0.008582133420290461,0.00019999999999999573
2024-07-08,False,SPY,0.11292341659641059,IEF,0.002883637876631928,0.00040000000000000034
2024-07-09,False,SPY,0.11630277192486194,IEF,0.00013845146398150376,0.00040000000000000034
2024-07-10,False,SPY,0.13727548312623972,IEF,-0.007207258165705666,0.00040000000000000034
2024-07-11,False,SPY,0.1171810068499417,IEF,-0.007014560749358245,0.00020000000000000462
2024-07-12,False,VOO,0.11088745110162512,IEF,0.008202030764581814,0.0
2024-07-15,False,SPY,0.11462774108899842,IEF,0.014893609980333178,9.999999999999786e-05
2024-07-16,False,SPY,0.12551344434578948,IEF,0.013932599945693624,-0.00010000000000000675
2024-07-17,False,SPY,0.09931763026780205,IEF,0.016602315378327903,0.0
2024-07-18,False,SPY,0.08701986500054604,IEF,0.017037381352183578,-0.00010000000000000675
2024-07-19,False,SPY,0.09718215170329558,IEF,0.015645621455955272,-0.00010000000000000675
2024-07-22,False,SPY,0.11210508839878353,IEF,0.013713614370331362,0.0
2024-07-23,False,SPY,0.10007122442267713,GBF,0.0253499740897416,-0.00040000000000000034
2024-07-24,False,VOO,0.0618821489280148,IEF,0.01965042672291406,-0.00029999999999999363
2024-07-25,False,SPY,0.045645930124200707,GBF,0.01909153896045024,-0.00040000000000000034
2024-07-26,False,IVV,0.056109530696634824,GBF,0.02646367871885058,-0.0006000000000000049
2024-07-29,False,SPY,0.05670997431864078,GBF,0.025882865248020304,-0.00030000000000000247
2024-07-30,False,SPY,0.04533309402061403,GBF,0.029660305073589965,-0.00040000000000000034
2024-07-31,False,IVV,0.06035051754284426,GBF,0.03489454405490111,-0.00040000000000000034
2024-08-01,False,SPY,0.045793281551228526,GBF,0.03521875341790781,-0.0008999999999999986
2024-08-02,False,SPY,0.021634852334534438,GBF,0.048539732196365426,-0.0017999999999999971
2024-08-05,False,VOO,-0.020549193254116527,GBF,0.04989137291205692,-0.0010000000000000052
2024-08-06,False,SPY,-0.009179688175003142,GBF,0.04194175461590266,-0.001100000000000003
2024-08-07,False,VOO,-0.01721912106834289,GBF,0.0362394220823925,-0.001100000000000003
2024-08-08,False,SPY,0.004347148749080931,GBF,0.031023717581846633,-0.0008000000000000007
2024-08-09,False,SPY,0.006307981348034453,GBF,0.03530690708370976,-0.0015000000000000035
2024-08-12,False,IVV,0.009737148851959976,GBF,0.03345502609251616,-0.0013999999999999967
2024-08-13,False,SPY,0.03390190268377702,GBF,0.03523508174267809,-0.0014999999999999946
2024-08-14,False,SPY,0.030346344895946453,GBF,0.03496350402075388,-0.0014999999999999946
2024-08-15,False,SPY,0.04727482840162889,GBF,0.03077925745959953,-0.001200000000000001
2024-08-16,False,VOO,0.057013243603737385,GBF,0.0332630906020106,-0.0015000000000000035
2024-08-19,False,IVV,0.07419225478768321,GBF,0.03817510379337086,-0.0017000000000000081
2024-08-20,False,SPY,0.06283039306299965,GBF,0.04273425900057126,-0.001900000000000004
2024-08-21,False,SPY,0.06561399563241,GBF,0.05046488254661563,-0.002200000000000006
2024-08-22,False,VOO,0.05602323630138062,GBF,0.047218242503153096,-0.0020000000000000018
2024-08-23,False,SPY,0.054755166563767776,GBF,0.05203396448560671,-0.0023000000000000043
2024-08-26,False,IVV,0.05193005259603556,GBF,0.05021258496058589,-0.002400000000000002
2024-08-27,False,SPY,0.05498792819972098,GBF,0.04682364252071225,-0.0023999999999999933
2024-08-28,False,SPY,0.045632625548036376,GBF,0.04600788152877677,-0.0027000000000000045
2024-08-29,False,SPY,0.043213956093923755,GBF,0.0408769348610758,-0.002400000000000002
2024-08-30,False,SPY,0.044593158226265306,GBF,0.041380536352263686,-0.0025
2024-09-03,False,SPY,0.021040609583828473,GBF,0.043956875610595914,-0.002699999999999996
2024-09-04,False,VOO,0.018288313498147968,GBF,0.04523400441200209,-0.0027000000000000045
2024-09-05,False,IVV,0.007751089712024539,GBF,0.0507205284475587,-0.003099999999999996
2024-09-06,False,SPY,-0.011639924987597472,GBF,0.05818206888735222,-0.003100000000000005
2024-09-09,False,SPY,0.00214837640900023,GBF,0.06064125493902961,-0.003099999999999996
2024-09-10,False,SPY,0.00786027804815359,GBF,0.06357438559236028,-0.0036000000000000034
2024-09-11,False,SPY,0.021520433356671864,GBF,0.06064756441332109,-0.003100000000000005
2024-09-12,False,SPY,0.02617330176385302,GBF,0.06392958859148368,-0.003700000000000001
2024-09-13,False,IVV,0.030135637716036667,GBF,0.06783820370428617,-0.0046
2024-09-16,False,SPY,0.0301444076358528,GBF,0.06750753175227175,-0.004699999999999998
2024-09-17,False,SPY,0.03463672779390592,GBF,0.07532960792992505,-0.005
2024-09-18,False,VOO,0.029185285668687166,GBF,0.0744975693197949,-0.006100000000000003
2024-09-19,False,SPY,0.04001748602028976,GBF,0.07191068879553164,-0.006500000000000003
2024-09-20,False,SPY,0.033611741558772,GBF,0.07900336645698403,-0.007000000000000002
2024-09-23,False,VOO,0.030068256707985075,GBF,0.08088612673447448,-0.007300000000000004
2024-09-24,False,IVV,0.031947851936750205,GBF,0.07734658916312176,-0.007599999999999998
2024-09-25,False,IVV,0.028562805718067574,GBF,0.07744663459307044,-0.007699999999999996
2024-09-26,False,SPY,0.02269288757231136,GBF,0.07363809681068711,-0.007700000000000005
2024-09-27,False,SPY,0.030091687187954408,GBF,0.0755975592634639,-0.007400000000000002
2024-09-30,False,SPY,0.027737024643965213,GBF,0.0722670952502722,-0.007199999999999997
2024-10-01,False,SPY,0.01573676838886673,GBF,0.0783905770574167,-0.0075
2024-10-02,False,SPY,0.010174919054683818,GBF,0.07866206313309432,-0.007799999999999994
2024-10-03,False,SPY,0.022667091860240518,GBF,0.0723746554458089,-0.007800000000000002
2024-10-04,False,SPY,0.03995234041351736,GBF,0.06191536913705753,-0.007199999999999997
2024-10-07,False,SPY,0.037439932795356956,GBF,0.06216182737354026,-0.006900000000000004
2024-10-08,False,SPY,0.03656475991790176,GBF,0.05986015576783976,-0.0070999999999999995
2024-10-09,False,SPY,0.0453841579675649,GBF,0.05343953878383667,-0.0070999999999999995
2024-10-10,False,SPY,0.06775259412019041,GBF,0.04792412504267607,-0.007000000000000002
2024-10-11,False,SPY,0.07977254157276437,GBF,0.04683539903438172,-0.007199999999999997
2024-10-14,False,SPY,0.07654634905368085,GBF,0.043894399531970274,-0.007199999999999997
2024-10-15,False,IVV,0.06753375905836978,GBF,0.05125931692038166,-0.007199999999999997
2024-10-16,False,SPY,0.07765440832393189,GBF,0.049708646340553164,-0.007400000000000002
2024-10-17,False,SPY,0.06050878324625164,GBF,0.04756425548852472,-0.007299999999999996
2024-10-18,False,SPY,0.07988015626892975,GBF,0.047596038265673934,-0.007199999999999997
2024-10-21,False,SPY,0.09856028290538932,GBF,0.037649872509030624,-0.0070999999999999995
2024-10-22,False,SPY,0.13091310547921697,IEF,0.03160461384330615,-0.007300000000000004
2024-10-23,False,IVV,0.11032970279779453,IEF,0.031201902131399395,-0.007199999999999997
2024-10-24,False,SPY,0.120231538402364,GBF,0.034836041099854054,-0.007599999999999998
2024-10-25,False,SPY,0.09454193037704739,GBF,0.033648003935883075,-0.007199999999999997
2024-10-28,False,SPY,0.0931052624169808,GBF,0.029642370225315906,-0.0075
2024-10-29,False,SPY,0.09429943795004125,GBF,0.032216640082306514,-0.0075
2024-10-30,False,IVV,0.07323205986384362,GBF,0.03410228793705938,-0.0079
2024-10-31,False,IVV,0.04875380468101187,GBF,0.032457302645181985,-0.008200000000000002
2024-11-01,False,IVV,0.0355803896038962,GBF,0.03199956082312716,-0.008499999999999997
2024-11-04,False,SPY,0.03112035315054551,GBF,0.04179209086278424,-0.008099999999999996
2024-11-05,False,SPY,0.03370470045614171,IEF,0.038561205620955,-0.008200000000000002
2024-11-06,False,SPY,0.061133947639085306,IEF,0.02310640597884417,-0.008200000000000002
2024-11-07,False,IVV,0.06540442539927582,IEF,0.024639269738626624,-0.008899999999999996
2024-11-08,False,SPY,0.0787593032837477,IEF,0.02122689419067969,0.0
